日期,科室,就诊量
20030223,内科,10
20030223,外科,11
20030223,儿科,12
20030223,妇产科,13
20030223,骨科,26
20030223,口腔科,28
20030223,皮肤科,11
20030227,内科,4
20030227,外科,9
20030227,儿科,19
20030227,妇产科,20
20030227,骨科,21
20030227,口腔科,26
20030227,皮肤科,12
20030302,内科,1
20030302,外科,7
20030302,儿科,10
20030302,妇产科,23
20030302,骨科,28
20030302,口腔科,32
20030302,皮肤科,16
20030306,内科,4
20030306,外科,6
20030306,儿科,7
20030306,妇产科,10
20030306,骨科,13
20030306,口腔科,25
20030306,皮肤科,3
20030309,内科,4
20030309,外科,6
20030309,儿科,15
20030309,妇产科,17
20030309,骨科,30
20030309,口腔科,31
20030309,皮肤科,16
20030313,内科,1
20030313,外科,3
20030313,儿科,10
20030313,妇产科,21
20030313,骨科,26
20030313,口腔科,27
20030313,皮肤科,6
20030316,内科,1
20030316,外科,9
20030316,儿科,19
20030316,妇产科,21
20030316,骨科,23
20030316,口腔科,26
20030316,皮肤科,7
20030320,内科,5
20030320,外科,8
20030320,儿科,9
20030320,妇产科,14
20030320,骨科,17
20030320,口腔科,23
20030320,皮肤科,8
20030323,内科,5
20030323,外科,9
20030323,儿科,18
20030323,妇产科,20
20030323,骨科,22
20030323,口腔科,30
20030323,皮肤科,9
20030327,内科,1
20030327,外科,2
20030327,儿科,8
20030327,妇产科,13
20030327,骨科,17
20030327,口腔科,24
20030327,皮肤科,13
20030330,内科,4
20030330,外科,5
20030330,儿科,11
20030330,妇产科,12
20030330,骨科,30
20030330,口腔科,32
20030330,皮肤科,15
20030403,内科,2
20030403,外科,12
20030403,儿科,16
20030403,妇产科,17
20030403,骨科,27
20030403,口腔科,30
20030403,皮肤科,12
20030406,内科,8
20030406,外科,13
20030406,儿科,17
20030406,妇产科,21
20030406,骨科,23
20030406,口腔科,32
20030406,皮肤科,12
20030410,内科,3
20030410,外科,5
20030410,儿科,7
20030410,妇产科,8
20030410,骨科,21
20030410,口腔科,31
20030410,皮肤科,2
20030413,内科,4
20030413,外科,11
20030413,儿科,19
20030413,妇产科,25
20030413,骨科,26
20030413,口腔科,32
20030413,皮肤科,13
20030417,内科,11
20030417,外科,17
20030417,儿科,28
20030417,妇产科,30
20030417,骨科,31
20030417,口腔科,33
20030417,皮肤科,6
20030420,内科,5
20030420,外科,8
20030420,儿科,18
20030420,妇产科,23
20030420,骨科,25
20030420,口腔科,31
20030420,皮肤科,6
20030424,内科,5
20030424,外科,16
20030424,儿科,19
20030424,妇产科,20
20030424,骨科,25
20030424,口腔科,28
20030424,皮肤科,13
20030427,内科,4
20030427,外科,8
20030427,儿科,12
20030427,妇产科,13
20030427,骨科,16
20030427,口腔科,33
20030427,皮肤科,9
20030501,内科,7
20030501,外科,10
20030501,儿科,25
20030501,妇产科,26
20030501,骨科,27
20030501,口腔科,32
20030501,皮肤科,4
20030504,内科,14
20030504,外科,15
20030504,儿科,18
20030504,妇产科,25
20030504,骨科,26
20030504,口腔科,30
20030504,皮肤科,1
20030508,内科,2
20030508,外科,7
20030508,儿科,11
20030508,妇产科,12
20030508,骨科,14
20030508,口腔科,32
20030508,皮肤科,8
20030511,内科,1
20030511,外科,10
20030511,儿科,20
20030511,妇产科,22
20030511,骨科,26
20030511,口腔科,31
20030511,皮肤科,2
20030515,内科,2
20030515,外科,7
20030515,儿科,15
20030515,妇产科,17
20030515,骨科,22
20030515,口腔科,30
20030515,皮肤科,14
20030518,内科,1
20030518,外科,5
20030518,儿科,11
20030518,妇产科,13
20030518,骨科,14
20030518,口腔科,27
20030518,皮肤科,12
20030522,内科,8
20030522,外科,13
20030522,儿科,15
20030522,妇产科,26
20030522,骨科,29
20030522,口腔科,31
20030522,皮肤科,16
20030525,内科,1
20030525,外科,11
20030525,儿科,14
20030525,妇产科,17
20030525,骨科,27
20030525,口腔科,28
20030525,皮肤科,15
20030529,内科,6
20030529,外科,13
20030529,儿科,16
20030529,妇产科,20
20030529,骨科,28
20030529,口腔科,32
20030529,皮肤科,7
20030601,内科,2
20030601,外科,7
20030601,儿科,15
20030601,妇产科,26
20030601,骨科,29
20030601,口腔科,32
20030601,皮肤科,10
20030605,内科,2
20030605,外科,6
20030605,儿科,13
20030605,妇产科,14
20030605,骨科,23
20030605,口腔科,27
20030605,皮肤科,7
20030608,内科,11
20030608,外科,17
20030608,儿科,20
20030608,妇产科,22
20030608,骨科,28
20030608,口腔科,32
20030608,皮肤科,1
20030612,内科,4
20030612,外科,11
20030612,儿科,25
20030612,妇产科,27
20030612,骨科,29
20030612,口腔科,30
20030612,皮肤科,13
20030615,内科,1
20030615,外科,7
20030615,儿科,14
20030615,妇产科,20
20030615,骨科,27
20030615,口腔科,30
20030615,皮肤科,10
20030619,内科,8
20030619,外科,13
20030619,儿科,14
20030619,妇产科,16
20030619,骨科,23
20030619,口腔科,25
20030619,皮肤科,14
20030622,内科,3
20030622,外科,4
20030622,儿科,5
20030622,妇产科,8
20030622,骨科,10
20030622,口腔科,11
20030622,皮肤科,8
20030626,内科,7
20030626,外科,21
20030626,儿科,24
20030626,妇产科,25
20030626,骨科,27
20030626,口腔科,28
20030626,皮肤科,15
20030629,内科,9
20030629,外科,14
20030629,儿科,17
20030629,妇产科,18
20030629,骨科,26
20030629,口腔科,32
20030629,皮肤科,7
20030703,内科,5
20030703,外科,7
20030703,儿科,8
20030703,妇产科,24
20030703,骨科,25
20030703,口腔科,27
20030703,皮肤科,16
20030706,内科,3
20030706,外科,5
20030706,儿科,23
20030706,妇产科,24
20030706,骨科,27
20030706,口腔科,32
20030706,皮肤科,3
20030710,内科,4
20030710,外科,5
20030710,儿科,6
20030710,妇产科,12
20030710,骨科,14
20030710,口腔科,23
20030710,皮肤科,16
20030713,内科,2
20030713,外科,3
20030713,儿科,17
20030713,妇产科,18
20030713,骨科,24
20030713,口腔科,25
20030713,皮肤科,11
20030717,内科,3
20030717,外科,5
20030717,儿科,7
20030717,妇产科,10
20030717,骨科,15
20030717,口腔科,20
20030717,皮肤科,7
20030720,内科,2
20030720,外科,8
20030720,儿科,10
20030720,妇产科,19
20030720,骨科,20
20030720,口腔科,32
20030720,皮肤科,13
20030724,内科,2
20030724,外科,5
20030724,儿科,9
20030724,妇产科,16
20030724,骨科,32
20030724,口腔科,33
20030724,皮肤科,15
20030727,内科,3
20030727,外科,7
20030727,儿科,14
20030727,妇产科,15
20030727,骨科,17
20030727,口腔科,32
20030727,皮肤科,3
20030731,内科,7
20030731,外科,8
20030731,儿科,10
20030731,妇产科,11
20030731,骨科,17
20030731,口腔科,26
20030731,皮肤科,11
20030803,内科,3
20030803,外科,17
20030803,儿科,26
20030803,妇产科,28
20030803,骨科,32
20030803,口腔科,33
20030803,皮肤科,16
20030807,内科,10
20030807,外科,12
20030807,儿科,20
20030807,妇产科,28
20030807,骨科,30
20030807,口腔科,31
20030807,皮肤科,9
20030810,内科,3
20030810,外科,6
20030810,儿科,7
20030810,妇产科,13
20030810,骨科,24
20030810,口腔科,25
20030810,皮肤科,15
20030814,内科,2
20030814,外科,8
20030814,儿科,17
20030814,妇产科,23
20030814,骨科,24
20030814,口腔科,26
20030814,皮肤科,13
20030817,内科,4
20030817,外科,13
20030817,儿科,15
20030817,妇产科,17
20030817,骨科,24
20030817,口腔科,27
20030817,皮肤科,1
20030821,内科,1
20030821,外科,12
20030821,儿科,13
20030821,妇产科,23
20030821,骨科,30
20030821,口腔科,31
20030821,皮肤科,11
20030824,内科,15
20030824,外科,19
20030824,儿科,20
20030824,妇产科,21
20030824,骨科,28
20030824,口腔科,29
20030824,皮肤科,13
20030828,内科,2
20030828,外科,5
20030828,儿科,9
20030828,妇产科,21
20030828,骨科,31
20030828,口腔科,33
20030828,皮肤科,12
20030831,内科,6
20030831,外科,13
20030831,儿科,16
20030831,妇产科,21
20030831,骨科,28
20030831,口腔科,31
20030831,皮肤科,16
20030904,内科,8
20030904,外科,17
20030904,儿科,21
20030904,妇产科,26
20030904,骨科,28
20030904,口腔科,29
20030904,皮肤科,7
20030907,内科,18
20030907,外科,19
20030907,儿科,24
20030907,妇产科,25
20030907,骨科,30
20030907,口腔科,31
20030907,皮肤科,16
20030911,内科,9
20030911,外科,11
20030911,儿科,16
20030911,妇产科,28
20030911,骨科,32
20030911,口腔科,33
20030911,皮肤科,2
20030914,内科,2
20030914,外科,3
20030914,儿科,5
20030914,妇产科,6
20030914,骨科,18
20030914,口腔科,30
20030914,皮肤科,4
20030918,内科,2
20030918,外科,4
20030918,儿科,6
20030918,妇产科,17
20030918,骨科,21
20030918,口腔科,28
20030918,皮肤科,11
20030921,内科,3
20030921,外科,5
20030921,儿科,20
20030921,妇产科,21
20030921,骨科,28
20030921,口腔科,32
20030921,皮肤科,2
20030925,内科,1
20030925,外科,6
20030925,儿科,12
20030925,妇产科,19
20030925,骨科,20
20030925,口腔科,32
20030925,皮肤科,14
20030928,内科,5
20030928,外科,8
20030928,儿科,9
20030928,妇产科,14
20030928,骨科,21
20030928,口腔科,33
20030928,皮肤科,11
20031002,内科,4
20031002,外科,6
20031002,儿科,8
20031002,妇产科,12
20031002,骨科,15
20031002,口腔科,30
20031002,皮肤科,1
20031005,内科,6
20031005,外科,15
20031005,儿科,16
20031005,妇产科,17
20031005,骨科,30
20031005,口腔科,33
20031005,皮肤科,11
20031009,内科,3
20031009,外科,7
20031009,儿科,8
20031009,妇产科,20
20031009,骨科,24
20031009,口腔科,32
20031009,皮肤科,14
20031012,内科,5
20031012,外科,11
20031012,儿科,12
20031012,妇产科,13
20031012,骨科,27
20031012,口腔科,31
20031012,皮肤科,10
20031016,内科,9
20031016,外科,19
20031016,儿科,25
20031016,妇产科,27
20031016,骨科,32
20031016,口腔科,33
20031016,皮肤科,11
20031019,内科,7
20031019,外科,11
20031019,儿科,16
20031019,妇产科,19
20031019,骨科,26
20031019,口腔科,28
20031019,皮肤科,11
20031023,内科,1
20031023,外科,2
20031023,儿科,4
20031023,妇产科,17
20031023,骨科,18
20031023,口腔科,19
20031023,皮肤科,8
20031026,内科,9
20031026,外科,11
20031026,儿科,12
20031026,妇产科,14
20031026,骨科,15
20031026,口腔科,33
20031026,皮肤科,11
20031030,内科,3
20031030,外科,6
20031030,儿科,8
20031030,妇产科,11
20031030,骨科,19
20031030,口腔科,27
20031030,皮肤科,11
20031102,内科,2
20031102,外科,12
20031102,儿科,14
20031102,妇产科,21
20031102,骨科,23
20031102,口腔科,30
20031102,皮肤科,13
20031106,内科,2
20031106,外科,12
20031106,儿科,19
20031106,妇产科,22
20031106,骨科,27
20031106,口腔科,32
20031106,皮肤科,1
20031109,内科,16
20031109,外科,17
20031109,儿科,19
20031109,妇产科,22
20031109,骨科,31
20031109,口腔科,33
20031109,皮肤科,11
20031113,内科,1
20031113,外科,13
20031113,儿科,16
20031113,妇产科,18
20031113,骨科,20
20031113,口腔科,29
20031113,皮肤科,2
20031116,内科,4
20031116,外科,12
20031116,儿科,16
20031116,妇产科,22
20031116,骨科,24
20031116,口腔科,25
20031116,皮肤科,6
20031120,内科,7
20031120,外科,12
20031120,儿科,23
20031120,妇产科,26
20031120,骨科,29
20031120,口腔科,30
20031120,皮肤科,11
20031123,内科,12
20031123,外科,15
20031123,儿科,22
20031123,妇产科,23
20031123,骨科,26
20031123,口腔科,31
20031123,皮肤科,4
20031127,内科,9
20031127,外科,20
20031127,儿科,24
20031127,妇产科,25
20031127,骨科,28
20031127,口腔科,30
20031127,皮肤科,10
20031130,内科,1
20031130,外科,2
20031130,儿科,14
20031130,妇产科,26
20031130,骨科,29
20031130,口腔科,30
20031130,皮肤科,7
20031204,内科,7
20031204,外科,17
20031204,儿科,18
20031204,妇产科,19
20031204,骨科,30
20031204,口腔科,31
20031204,皮肤科,14
20031207,内科,1
20031207,外科,3
20031207,儿科,14
20031207,妇产科,18
20031207,骨科,26
20031207,口腔科,28
20031207,皮肤科,1
20031211,内科,2
20031211,外科,6
20031211,儿科,7
20031211,妇产科,10
20031211,骨科,17
20031211,口腔科,33
20031211,皮肤科,3
20031214,内科,1
20031214,外科,4
20031214,儿科,11
20031214,妇产科,12
20031214,骨科,19
20031214,口腔科,27
20031214,皮肤科,14
20031218,内科,5
20031218,外科,12
20031218,儿科,16
20031218,妇产科,18
20031218,骨科,26
20031218,口腔科,30
20031218,皮肤科,13
20031221,内科,2
20031221,外科,3
20031221,儿科,4
20031221,妇产科,5
20031221,骨科,24
20031221,口腔科,28
20031221,皮肤科,13
20031225,内科,3
20031225,外科,10
20031225,儿科,21
20031225,妇产科,22
20031225,骨科,24
20031225,口腔科,33
20031225,皮肤科,12
20031228,内科,18
20031228,外科,19
20031228,儿科,21
20031228,妇产科,26
20031228,骨科,27
20031228,口腔科,33
20031228,皮肤科,16
20040101,内科,1
20040101,外科,2
20040101,儿科,3
20040101,妇产科,7
20040101,骨科,10
20040101,口腔科,25
20040101,皮肤科,7
20040104,内科,10
20040104,外科,12
20040104,儿科,18
20040104,妇产科,22
20040104,骨科,30
20040104,口腔科,31
20040104,皮肤科,11
20040108,内科,3
20040108,外科,5
20040108,儿科,6
20040108,妇产科,17
20040108,骨科,26
20040108,口腔科,33
20040108,皮肤科,8
20040111,内科,10
20040111,外科,19
20040111,儿科,22
20040111,妇产科,23
20040111,骨科,25
20040111,口腔科,29
20040111,皮肤科,9
20040115,内科,9
20040115,外科,11
20040115,儿科,13
20040115,妇产科,16
20040115,骨科,17
20040115,口腔科,18
20040115,皮肤科,7
20040118,内科,4
20040118,外科,12
20040118,儿科,18
20040118,妇产科,20
20040118,骨科,23
20040118,口腔科,32
20040118,皮肤科,6
20040129,内科,4
20040129,外科,12
20040129,儿科,17
20040129,妇产科,20
20040129,骨科,25
20040129,口腔科,28
20040129,皮肤科,9
20040201,内科,1
20040201,外科,7
20040201,儿科,10
20040201,妇产科,22
20040201,骨科,32
20040201,口腔科,33
20040201,皮肤科,13
20040205,内科,1
20040205,外科,9
20040205,儿科,10
20040205,妇产科,16
20040205,骨科,22
20040205,口腔科,24
20040205,皮肤科,11
20040208,内科,6
20040208,外科,7
20040208,儿科,8
20040208,妇产科,13
20040208,骨科,14
20040208,口腔科,19
20040208,皮肤科,15
20040212,内科,1
20040212,外科,4
20040212,儿科,13
20040212,妇产科,23
20040212,骨科,28
20040212,口腔科,30
20040212,皮肤科,3
20040215,内科,1
20040215,外科,7
20040215,儿科,27
20040215,妇产科,30
20040215,骨科,31
20040215,口腔科,33
20040215,皮肤科,8
20040219,内科,12
20040219,外科,14
20040219,儿科,21
20040219,妇产科,29
20040219,骨科,30
20040219,口腔科,32
20040219,皮肤科,13
20040222,内科,3
20040222,外科,7
20040222,儿科,11
20040222,妇产科,17
20040222,骨科,20
20040222,口腔科,26
20040222,皮肤科,12
20040226,内科,1
20040226,外科,3
20040226,儿科,5
20040226,妇产科,18
20040226,骨科,22
20040226,口腔科,23
20040226,皮肤科,13
20040229,内科,4
20040229,外科,7
20040229,儿科,8
20040229,妇产科,28
20040229,骨科,30
20040229,口腔科,32
20040229,皮肤科,5
20040304,内科,5
20040304,外科,12
20040304,儿科,14
20040304,妇产科,15
20040304,骨科,25
20040304,口腔科,31
20040304,皮肤科,9
20040307,内科,2
20040307,外科,5
20040307,儿科,6
20040307,妇产科,8
20040307,骨科,28
20040307,口腔科,30
20040307,皮肤科,6
20040311,内科,5
20040311,外科,10
20040311,儿科,11
20040311,妇产科,23
20040311,骨科,24
20040311,口腔科,32
20040311,皮肤科,4
20040314,内科,1
20040314,外科,2
20040314,儿科,9
20040314,妇产科,22
20040314,骨科,28
20040314,口腔科,31
20040314,皮肤科,4
20040318,内科,5
20040318,外科,9
20040318,儿科,11
20040318,妇产科,17
20040318,骨科,26
20040318,口腔科,27
20040318,皮肤科,10
20040321,内科,3
20040321,外科,10
20040321,儿科,14
20040321,妇产科,19
20040321,骨科,20
20040321,口腔科,30
20040321,皮肤科,6
20040325,内科,1
20040325,外科,8
20040325,儿科,14
20040325,妇产科,17
20040325,骨科,19
20040325,口腔科,30
20040325,皮肤科,3
20040328,内科,1
20040328,外科,13
20040328,儿科,21
20040328,妇产科,23
20040328,骨科,25
20040328,口腔科,32
20040328,皮肤科,6
20040401,内科,7
20040401,外科,8
20040401,儿科,10
20040401,妇产科,24
20040401,骨科,29
20040401,口腔科,33
20040401,皮肤科,4
20040404,内科,4
20040404,外科,10
20040404,儿科,14
20040404,妇产科,18
20040404,骨科,28
20040404,口腔科,32
20040404,皮肤科,15
20040408,内科,1
20040408,外科,5
20040408,儿科,9
20040408,妇产科,10
20040408,骨科,18
20040408,口腔科,32
20040408,皮肤科,11
20040411,内科,1
20040411,外科,2
20040411,儿科,3
20040411,妇产科,5
20040411,骨科,10
20040411,口腔科,22
20040411,皮肤科,12
20040415,内科,9
20040415,外科,13
20040415,儿科,20
20040415,妇产科,22
20040415,骨科,24
20040415,口腔科,32
20040415,皮肤科,5
20040418,内科,1
20040418,外科,7
20040418,儿科,9
20040418,妇产科,17
20040418,骨科,26
20040418,口腔科,31
20040418,皮肤科,5
20040422,内科,3
20040422,外科,6
20040422,儿科,19
20040422,妇产科,20
20040422,骨科,21
20040422,口腔科,24
20040422,皮肤科,11
20040425,内科,2
20040425,外科,5
20040425,儿科,8
20040425,妇产科,11
20040425,骨科,15
20040425,口腔科,31
20040425,皮肤科,13
20040429,内科,1
20040429,外科,4
20040429,儿科,8
20040429,妇产科,9
20040429,骨科,19
20040429,口腔科,20
20040429,皮肤科,1
20040502,内科,2
20040502,外科,7
20040502,儿科,13
20040502,妇产科,20
20040502,骨科,27
20040502,口腔科,30
20040502,皮肤科,14
20040506,内科,2
20040506,外科,8
20040506,儿科,26
20040506,妇产科,27
20040506,骨科,30
20040506,口腔科,32
20040506,皮肤科,16
20040509,内科,2
20040509,外科,13
20040509,儿科,17
20040509,妇产科,18
20040509,骨科,26
20040509,口腔科,30
20040509,皮肤科,1
20040513,内科,3
20040513,外科,4
20040513,儿科,11
20040513,妇产科,17
20040513,骨科,20
20040513,口腔科,26
20040513,皮肤科,5
20040516,内科,11
20040516,外科,16
20040516,儿科,17
20040516,妇产科,25
20040516,骨科,28
20040516,口腔科,29
20040516,皮肤科,7
20040520,内科,10
20040520,外科,16
20040520,儿科,18
20040520,妇产科,25
20040520,骨科,26
20040520,口腔科,29
20040520,皮肤科,3
20040523,内科,7
20040523,外科,17
20040523,儿科,19
20040523,妇产科,20
20040523,骨科,21
20040523,口腔科,29
20040523,皮肤科,11
20040527,内科,8
20040527,外科,10
20040527,儿科,17
20040527,妇产科,22
20040527,骨科,25
20040527,口腔科,29
20040527,皮肤科,14
20040530,内科,6
20040530,外科,10
20040530,儿科,13
20040530,妇产科,17
20040530,骨科,18
20040530,口腔科,21
20040530,皮肤科,2
20040603,内科,4
20040603,外科,9
20040603,儿科,10
20040603,妇产科,21
20040603,骨科,22
20040603,口腔科,24
20040603,皮肤科,10
20040606,内科,2
20040606,外科,6
20040606,儿科,7
20040606,妇产科,12
20040606,骨科,31
20040606,口腔科,32
20040606,皮肤科,5
20040610,内科,1
20040610,外科,12
20040610,儿科,18
20040610,妇产科,26
20040610,骨科,27
20040610,口腔科,28
20040610,皮肤科,13
20040613,内科,7
20040613,外科,15
20040613,儿科,16
20040613,妇产科,22
20040613,骨科,23
20040613,口腔科,32
20040613,皮肤科,14
20040617,内科,1
20040617,外科,7
20040617,儿科,8
20040617,妇产科,11
20040617,骨科,27
20040617,口腔科,31
20040617,皮肤科,6
20040620,内科,8
20040620,外科,9
20040620,儿科,11
20040620,妇产科,16
20040620,骨科,17
20040620,口腔科,29
20040620,皮肤科,9
20040624,内科,11
20040624,外科,12
20040624,儿科,14
20040624,妇产科,16
20040624,骨科,25
20040624,口腔科,29
20040624,皮肤科,9
20040627,内科,6
20040627,外科,7
20040627,儿科,19
20040627,妇产科,21
20040627,骨科,25
20040627,口腔科,29
20040627,皮肤科,2
20040701,内科,2
20040701,外科,3
20040701,儿科,9
20040701,妇产科,10
20040701,骨科,15
20040701,口腔科,29
20040701,皮肤科,11
20040704,内科,1
20040704,外科,12
20040704,儿科,14
20040704,妇产科,15
20040704,骨科,17
20040704,口腔科,29
20040704,皮肤科,9
20040708,内科,2
20040708,外科,3
20040708,儿科,4
20040708,妇产科,9
20040708,骨科,24
20040708,口腔科,25
20040708,皮肤科,2
20040711,内科,9
20040711,外科,11
20040711,儿科,14
20040711,妇产科,16
20040711,骨科,27
20040711,口腔科,28
20040711,皮肤科,11
20040715,内科,6
20040715,外科,8
20040715,儿科,19
20040715,妇产科,25
20040715,骨科,29
20040715,口腔科,32
20040715,皮肤科,7
20040718,内科,1
20040718,外科,20
20040718,儿科,21
20040718,妇产科,25
20040718,骨科,29
20040718,口腔科,30
20040718,皮肤科,2
20040722,内科,5
20040722,外科,21
20040722,儿科,23
20040722,妇产科,25
20040722,骨科,28
20040722,口腔科,32
20040722,皮肤科,4
20040725,内科,1
20040725,外科,8
20040725,儿科,11
20040725,妇产科,12
20040725,骨科,27
20040725,口腔科,31
20040725,皮肤科,12
20040729,内科,4
20040729,外科,7
20040729,儿科,11
20040729,妇产科,19
20040729,骨科,23
20040729,口腔科,26
20040729,皮肤科,10
20040801,内科,3
20040801,外科,5
20040801,儿科,11
20040801,妇产科,24
20040801,骨科,27
20040801,口腔科,28
20040801,皮肤科,15
20040805,内科,13
20040805,外科,16
20040805,儿科,19
20040805,妇产科,20
20040805,骨科,23
20040805,口腔科,33
20040805,皮肤科,9
20040808,内科,1
20040808,外科,12
20040808,儿科,25
20040808,妇产科,27
20040808,骨科,28
20040808,口腔科,29
20040808,皮肤科,13
20040812,内科,7
20040812,外科,10
20040812,儿科,13
20040812,妇产科,16
20040812,骨科,27
20040812,口腔科,28
20040812,皮肤科,7
20040815,内科,14
20040815,外科,15
20040815,儿科,18
20040815,妇产科,20
20040815,骨科,27
20040815,口腔科,31
20040815,皮肤科,4
20040819,内科,13
20040819,外科,14
20040819,儿科,27
20040819,妇产科,29
20040819,骨科,32
20040819,口腔科,33
20040819,皮肤科,8
20040822,内科,5
20040822,外科,13
20040822,儿科,20
20040822,妇产科,23
20040822,骨科,24
20040822,口腔科,25
20040822,皮肤科,3
20040824,内科,1
20040824,外科,6
20040824,儿科,7
20040824,妇产科,13
20040824,骨科,16
20040824,口腔科,32
20040824,皮肤科,4
20040826,内科,2
20040826,外科,8
20040826,儿科,11
20040826,妇产科,13
20040826,骨科,24
20040826,口腔科,31
20040826,皮肤科,15
20040829,内科,2
20040829,外科,11
20040829,儿科,15
20040829,妇产科,20
20040829,骨科,22
20040829,口腔科,29
20040829,皮肤科,5
20040831,内科,10
20040831,外科,12
20040831,儿科,21
20040831,妇产科,22
20040831,骨科,30
20040831,口腔科,33
20040831,皮肤科,6
20040902,内科,3
20040902,外科,8
20040902,儿科,16
20040902,妇产科,17
20040902,骨科,21
20040902,口腔科,29
20040902,皮肤科,6
20040905,内科,8
20040905,外科,15
20040905,儿科,18
20040905,妇产科,28
20040905,骨科,30
20040905,口腔科,33
20040905,皮肤科,14
20040907,内科,2
20040907,外科,7
20040907,儿科,13
20040907,妇产科,16
20040907,骨科,23
20040907,口腔科,28
20040907,皮肤科,16
20040909,内科,5
20040909,外科,6
20040909,儿科,15
20040909,妇产科,19
20040909,骨科,26
20040909,口腔科,29
20040909,皮肤科,13
20040912,内科,7
20040912,外科,18
20040912,儿科,21
20040912,妇产科,26
20040912,骨科,27
20040912,口腔科,28
20040912,皮肤科,7
20040914,内科,3
20040914,外科,5
20040914,儿科,13
20040914,妇产科,17
20040914,骨科,25
20040914,口腔科,31
20040914,皮肤科,7
20040916,内科,8
20040916,外科,9
20040916,儿科,10
20040916,妇产科,14
20040916,骨科,16
20040916,口腔科,26
20040916,皮肤科,7
20040919,内科,4
20040919,外科,5
20040919,儿科,10
20040919,妇产科,21
20040919,骨科,24
20040919,口腔科,26
20040919,皮肤科,5
20040921,内科,7
20040921,外科,13
20040921,儿科,14
20040921,妇产科,17
20040921,骨科,19
20040921,口腔科,30
20040921,皮肤科,3
20040923,内科,3
20040923,外科,8
20040923,儿科,20
20040923,妇产科,23
20040923,骨科,24
20040923,口腔科,26
20040923,皮肤科,16
20040926,内科,3
20040926,外科,5
20040926,儿科,21
20040926,妇产科,24
20040926,骨科,27
20040926,口腔科,32
20040926,皮肤科,6
20040928,内科,3
20040928,外科,20
20040928,儿科,24
20040928,妇产科,27
20040928,骨科,29
20040928,口腔科,30
20040928,皮肤科,15
20040930,内科,14
20040930,外科,16
20040930,儿科,27
20040930,妇产科,28
20040930,骨科,30
20040930,口腔科,33
20040930,皮肤科,6
20041003,内科,1
20041003,外科,4
20041003,儿科,8
20041003,妇产科,11
20041003,骨科,21
20041003,口腔科,25
20041003,皮肤科,14
20041005,内科,3
20041005,外科,8
20041005,儿科,11
20041005,妇产科,29
20041005,骨科,30
20041005,口腔科,32
20041005,皮肤科,1
20041007,内科,10
20041007,外科,13
20041007,儿科,18
20041007,妇产科,19
20041007,骨科,25
20041007,口腔科,27
20041007,皮肤科,1
20041010,内科,1
20041010,外科,3
20041010,儿科,7
20041010,妇产科,8
20041010,骨科,25
20041010,口腔科,26
20041010,皮肤科,14
20041012,内科,2
20041012,外科,10
20041012,儿科,19
20041012,妇产科,22
20041012,骨科,24
20041012,口腔科,32
20041012,皮肤科,14
20041014,内科,14
20041014,外科,17
20041014,儿科,20
20041014,妇产科,25
20041014,骨科,28
20041014,口腔科,30
20041014,皮肤科,14
20041017,内科,1
20041017,外科,18
20041017,儿科,20
20041017,妇产科,24
20041017,骨科,32
20041017,口腔科,33
20041017,皮肤科,12
20041019,内科,9
20041019,外科,13
20041019,儿科,14
20041019,妇产科,21
20041019,骨科,30
20041019,口腔科,33
20041019,皮肤科,1
20041021,内科,1
20041021,外科,4
20041021,儿科,8
20041021,妇产科,13
20041021,骨科,28
20041021,口腔科,31
20041021,皮肤科,2
20041024,内科,11
20041024,外科,14
20041024,儿科,20
20041024,妇产科,27
20041024,骨科,32
20041024,口腔科,33
20041024,皮肤科,5
20041026,内科,5
20041026,外科,9
20041026,儿科,10
20041026,妇产科,13
20041026,骨科,24
20041026,口腔科,25
20041026,皮肤科,8
20041028,内科,19
20041028,外科,22
20041028,儿科,27
20041028,妇产科,28
20041028,骨科,30
20041028,口腔科,32
20041028,皮肤科,1
20041031,内科,1
20041031,外科,4
20041031,儿科,12
20041031,妇产科,16
20041031,骨科,20
20041031,口腔科,30
20041031,皮肤科,15
20041102,内科,10
20041102,外科,19
20041102,儿科,20
20041102,妇产科,26
20041102,骨科,29
20041102,口腔科,31
20041102,皮肤科,14
20041104,内科,3
20041104,外科,12
20041104,儿科,13
20041104,妇产科,25
20041104,骨科,26
20041104,口腔科,31
20041104,皮肤科,3
20041107,内科,5
20041107,外科,10
20041107,儿科,21
20041107,妇产科,22
20041107,骨科,26
20041107,口腔科,33
20041107,皮肤科,2
20041109,内科,6
20041109,外科,8
20041109,儿科,9
20041109,妇产科,14
20041109,骨科,24
20041109,口腔科,33
20041109,皮肤科,15
20041111,内科,2
20041111,外科,9
20041111,儿科,14
20041111,妇产科,19
20041111,骨科,25
20041111,口腔科,26
20041111,皮肤科,15
20041114,内科,3
20041114,外科,9
20041114,儿科,12
20041114,妇产科,15
20041114,骨科,28
20041114,口腔科,32
20041114,皮肤科,1
20041116,内科,2
20041116,外科,3
20041116,儿科,5
20041116,妇产科,9
20041116,骨科,16
20041116,口腔科,21
20041116,皮肤科,2
20041118,内科,7
20041118,外科,11
20041118,儿科,17
20041118,妇产科,18
20041118,骨科,24
20041118,口腔科,29
20041118,皮肤科,5
20041121,内科,7
20041121,外科,9
20041121,儿科,10
20041121,妇产科,21
20041121,骨科,23
20041121,口腔科,30
20041121,皮肤科,12
20041123,内科,10
20041123,外科,15
20041123,儿科,23
20041123,妇产科,26
20041123,骨科,28
20041123,口腔科,29
20041123,皮肤科,12
20041125,内科,1
20041125,外科,8
20041125,儿科,12
20041125,妇产科,13
20041125,骨科,18
20041125,口腔科,20
20041125,皮肤科,7
20041128,内科,8
20041128,外科,13
20041128,儿科,14
20041128,妇产科,27
20041128,骨科,28
20041128,口腔科,31
20041128,皮肤科,12
20041130,内科,6
20041130,外科,8
20041130,儿科,10
20041130,妇产科,17
20041130,骨科,30
20041130,口腔科,31
20041130,皮肤科,14
20041202,内科,14
20041202,外科,19
20041202,儿科,20
20041202,妇产科,21
20041202,骨科,22
20041202,口腔科,31
20041202,皮肤科,11
20041205,内科,11
20041205,外科,16
20041205,儿科,18
20041205,妇产科,20
20041205,骨科,26
20041205,口腔科,31
20041205,皮肤科,2
20041207,内科,9
20041207,外科,13
20041207,儿科,15
20041207,妇产科,21
20041207,骨科,26
20041207,口腔科,33
20041207,皮肤科,6
20041210,内科,8
20041210,外科,10
20041210,儿科,23
20041210,妇产科,25
20041210,骨科,31
20041210,口腔科,32
20041210,皮肤科,7
20041213,内科,1
20041213,外科,6
20041213,儿科,9
20041213,妇产科,17
20041213,骨科,21
20041213,口腔科,22
20041213,皮肤科,1
20041214,内科,2
20041214,外科,16
20041214,儿科,20
20041214,妇产科,30
20041214,骨科,31
20041214,口腔科,33
20041214,皮肤科,1
20041216,内科,1
20041216,外科,3
20041216,儿科,5
20041216,妇产科,8
20041216,骨科,14
20041216,口腔科,33
20041216,皮肤科,3
20041219,内科,1
20041219,外科,3
20041219,儿科,7
20041219,妇产科,14
20041219,骨科,24
20041219,口腔科,25
20041219,皮肤科,7
20041221,内科,3
20041221,外科,4
20041221,儿科,7
20041221,妇产科,12
20041221,骨科,30
20041221,口腔科,31
20041221,皮肤科,15
20041223,内科,6
20041223,外科,9
20041223,儿科,18
20041223,妇产科,20
20041223,骨科,25
20041223,口腔科,33
20041223,皮肤科,6
20041226,内科,7
20041226,外科,8
20041226,儿科,18
20041226,妇产科,21
20041226,骨科,27
20041226,口腔科,32
20041226,皮肤科,10
20041228,内科,7
20041228,外科,13
20041228,儿科,16
20041228,妇产科,18
20041228,骨科,30
20041228,口腔科,32
20041228,皮肤科,10
20041230,内科,3
20041230,外科,11
20041230,儿科,14
20041230,妇产科,22
20041230,骨科,24
20041230,口腔科,31
20041230,皮肤科,15
20050102,内科,1
20050102,外科,7
20050102,儿科,8
20050102,妇产科,23
20050102,骨科,27
20050102,口腔科,28
20050102,皮肤科,14
20050104,内科,6
20050104,外科,9
20050104,儿科,20
20050104,妇产科,26
20050104,骨科,28
20050104,口腔科,33
20050104,皮肤科,14
20050106,内科,9
20050106,外科,12
20050106,儿科,15
20050106,妇产科,19
20050106,骨科,22
20050106,口腔科,31
20050106,皮肤科,16
20050109,内科,1
20050109,外科,4
20050109,儿科,8
20050109,妇产科,9
20050109,骨科,22
20050109,口腔科,23
20050109,皮肤科,3
20050111,内科,5
20050111,外科,9
20050111,儿科,20
20050111,妇产科,26
20050111,骨科,28
20050111,口腔科,33
20050111,皮肤科,15
20050113,内科,2
20050113,外科,4
20050113,儿科,5
20050113,妇产科,15
20050113,骨科,21
20050113,口腔科,31
20050113,皮肤科,16
20050116,内科,7
20050116,外科,15
20050116,儿科,17
20050116,妇产科,20
20050116,骨科,23
20050116,口腔科,33
20050116,皮肤科,15
20050118,内科,11
20050118,外科,19
20050118,儿科,22
20050118,妇产科,27
20050118,骨科,32
20050118,口腔科,33
20050118,皮肤科,11
20050120,内科,2
20050120,外科,17
20050120,儿科,22
20050120,妇产科,27
20050120,骨科,29
20050120,口腔科,31
20050120,皮肤科,14
20050123,内科,8
20050123,外科,10
20050123,儿科,11
20050123,妇产科,18
20050123,骨科,25
20050123,口腔科,26
20050123,皮肤科,1
20050125,内科,9
20050125,外科,11
20050125,儿科,13
20050125,妇产科,15
20050125,骨科,22
20050125,口腔科,30
20050125,皮肤科,15
20050127,内科,2
20050127,外科,3
20050127,儿科,6
20050127,妇产科,16
20050127,骨科,22
20050127,口腔科,31
20050127,皮肤科,5
20050130,内科,7
20050130,外科,8
20050130,儿科,16
20050130,妇产科,19
20050130,骨科,20
20050130,口腔科,24
20050130,皮肤科,6
20050201,内科,13
20050201,外科,19
20050201,儿科,21
20050201,妇产科,23
20050201,骨科,30
20050201,口腔科,32
20050201,皮肤科,5
20050203,内科,4
20050203,外科,8
20050203,儿科,9
20050203,妇产科,16
20050203,骨科,17
20050203,口腔科,29
20050203,皮肤科,15
20050206,内科,1
20050206,外科,5
20050206,儿科,6
20050206,妇产科,12
20050206,骨科,16
20050206,口腔科,30
20050206,皮肤科,15
20050216,内科,2
20050216,外科,6
20050216,儿科,10
20050216,妇产科,25
20050216,骨科,27
20050216,口腔科,31
20050216,皮肤科,3
20050217,内科,1
20050217,外科,3
20050217,儿科,6
20050217,妇产科,22
20050217,骨科,23
20050217,口腔科,25
20050217,皮肤科,6
20050220,内科,6
20050220,外科,11
20050220,儿科,12
20050220,妇产科,13
20050220,骨科,19
20050220,口腔科,22
20050220,皮肤科,8
20050222,内科,14
20050222,外科,16
20050222,儿科,19
20050222,妇产科,20
20050222,骨科,25
20050222,口腔科,29
20050222,皮肤科,5
20050224,内科,2
20050224,外科,6
20050224,儿科,24
20050224,妇产科,26
20050224,骨科,30
20050224,口腔科,31
20050224,皮肤科,16
20050227,内科,8
20050227,外科,10
20050227,儿科,12
20050227,妇产科,21
20050227,骨科,32
20050227,口腔科,33
20050227,皮肤科,4
20050301,内科,10
20050301,外科,15
20050301,儿科,19
20050301,妇产科,20
20050301,骨科,21
20050301,口腔科,25
20050301,皮肤科,12
20050303,内科,5
20050303,外科,9
20050303,儿科,14
20050303,妇产科,27
20050303,骨科,31
20050303,口腔科,32
20050303,皮肤科,13
20050306,内科,1
20050306,外科,7
20050306,儿科,10
20050306,妇产科,11
20050306,骨科,13
20050306,口腔科,32
20050306,皮肤科,7
20050308,内科,6
20050308,外科,12
20050308,儿科,14
20050308,妇产科,20
20050308,骨科,25
20050308,口腔科,26
20050308,皮肤科,7
20050310,内科,1
20050310,外科,3
20050310,儿科,4
20050310,妇产科,6
20050310,骨科,21
20050310,口腔科,32
20050310,皮肤科,15
20050313,内科,4
20050313,外科,9
20050313,儿科,22
20050313,妇产科,25
20050313,骨科,26
20050313,口腔科,32
20050313,皮肤科,10
20050315,内科,2
20050315,外科,14
20050315,儿科,21
20050315,妇产科,22
20050315,骨科,27
20050315,口腔科,30
20050315,皮肤科,14
20050317,内科,1
20050317,外科,5
20050317,儿科,9
20050317,妇产科,14
20050317,骨科,22
20050317,口腔科,28
20050317,皮肤科,5
20050320,内科,4
20050320,外科,10
20050320,儿科,16
20050320,妇产科,20
20050320,骨科,23
20050320,口腔科,32
20050320,皮肤科,7
20050322,内科,5
20050322,外科,15
20050322,儿科,19
20050322,妇产科,20
20050322,骨科,25
20050322,口腔科,29
20050322,皮肤科,3
20050324,内科,7
20050324,外科,8
20050324,儿科,12
20050324,妇产科,14
20050324,骨科,19
20050324,口腔科,20
20050324,皮肤科,7
20050327,内科,5
20050327,外科,17
20050327,儿科,18
20050327,妇产科,25
20050327,骨科,28
20050327,口腔科,32
20050327,皮肤科,9
20050329,内科,12
20050329,外科,16
20050329,儿科,21
20050329,妇产科,28
20050329,骨科,29
20050329,口腔科,30
20050329,皮肤科,14
20050331,内科,12
20050331,外科,19
20050331,儿科,20
20050331,妇产科,21
20050331,骨科,26
20050331,口腔科,31
20050331,皮肤科,15
20050403,内科,7
20050403,外科,12
20050403,儿科,14
20050403,妇产科,22
20050403,骨科,24
20050403,口腔科,32
20050403,皮肤科,16
20050405,内科,4
20050405,外科,7
20050405,儿科,11
20050405,妇产科,20
20050405,骨科,27
20050405,口腔科,28
20050405,皮肤科,16
20050407,内科,2
20050407,外科,16
20050407,儿科,18
20050407,妇产科,19
20050407,骨科,21
20050407,口腔科,29
20050407,皮肤科,9
20050410,内科,1
20050410,外科,12
20050410,儿科,21
20050410,妇产科,24
20050410,骨科,30
20050410,口腔科,32
20050410,皮肤科,13
20050412,内科,2
20050412,外科,11
20050412,儿科,16
20050412,妇产科,23
20050412,骨科,24
20050412,口腔科,29
20050412,皮肤科,3
20050414,内科,11
20050414,外科,16
20050414,儿科,21
20050414,妇产科,26
20050414,骨科,27
20050414,口腔科,30
20050414,皮肤科,15
20050417,内科,4
20050417,外科,5
20050417,儿科,6
20050417,妇产科,7
20050417,骨科,8
20050417,口腔科,32
20050417,皮肤科,5
20050419,内科,1
20050419,外科,6
20050419,儿科,16
20050419,妇产科,17
20050419,骨科,18
20050419,口腔科,22
20050419,皮肤科,9
20050421,内科,1
20050421,外科,7
20050421,儿科,10
20050421,妇产科,15
20050421,骨科,18
20050421,口腔科,20
20050421,皮肤科,10
20050424,内科,9
20050424,外科,16
20050424,儿科,18
20050424,妇产科,20
20050424,骨科,22
20050424,口腔科,24
20050424,皮肤科,5
20050426,内科,2
20050426,外科,3
20050426,儿科,5
20050426,妇产科,7
20050426,骨科,8
20050426,口腔科,27
20050426,皮肤科,15
20050428,内科,6
20050428,外科,7
20050428,儿科,8
20050428,妇产科,10
20050428,骨科,16
20050428,口腔科,28
20050428,皮肤科,2
20050501,内科,2
20050501,外科,3
20050501,儿科,8
20050501,妇产科,10
20050501,骨科,25
20050501,口腔科,27
20050501,皮肤科,12
20050503,内科,2
20050503,外科,9
20050503,儿科,12
20050503,妇产科,20
20050503,骨科,26
20050503,口腔科,32
20050503,皮肤科,13
20050505,内科,3
20050505,外科,6
20050505,儿科,14
20050505,妇产科,19
20050505,骨科,20
20050505,口腔科,21
20050505,皮肤科,2
20050508,内科,1
20050508,外科,2
20050508,儿科,14
20050508,妇产科,17
20050508,骨科,30
20050508,口腔科,32
20050508,皮肤科,1
20050510,内科,4
20050510,外科,7
20050510,儿科,10
20050510,妇产科,14
20050510,骨科,27
20050510,口腔科,29
20050510,皮肤科,9
20050512,内科,5
20050512,外科,13
20050512,儿科,17
20050512,妇产科,18
20050512,骨科,21
20050512,口腔科,29
20050512,皮肤科,14
20050515,内科,5
20050515,外科,20
20050515,儿科,22
20050515,妇产科,30
20050515,骨科,32
20050515,口腔科,33
20050515,皮肤科,9
20050517,内科,12
20050517,外科,17
20050517,儿科,19
20050517,妇产科,27
20050517,骨科,29
20050517,口腔科,31
20050517,皮肤科,9
20050519,内科,5
20050519,外科,6
20050519,儿科,10
20050519,妇产科,15
20050519,骨科,30
20050519,口腔科,31
20050519,皮肤科,13
20050522,内科,4
20050522,外科,6
20050522,儿科,10
20050522,妇产科,21
20050522,骨科,25
20050522,口腔科,26
20050522,皮肤科,10
20050524,内科,7
20050524,外科,11
20050524,儿科,14
20050524,妇产科,18
20050524,骨科,24
20050524,口腔科,29
20050524,皮肤科,7
20050526,内科,9
20050526,外科,12
20050526,儿科,21
20050526,妇产科,25
20050526,骨科,31
20050526,口腔科,33
20050526,皮肤科,13
20050529,内科,5
20050529,外科,9
20050529,儿科,14
20050529,妇产科,21
20050529,骨科,23
20050529,口腔科,24
20050529,皮肤科,1
20050531,内科,2
20050531,外科,7
20050531,儿科,11
20050531,妇产科,12
20050531,骨科,20
20050531,口腔科,23
20050531,皮肤科,7
20050602,内科,2
20050602,外科,11
20050602,儿科,13
20050602,妇产科,18
20050602,骨科,22
20050602,口腔科,30
20050602,皮肤科,4
20050605,内科,10
20050605,外科,18
20050605,儿科,23
20050605,妇产科,27
20050605,骨科,30
20050605,口腔科,32
20050605,皮肤科,8
20050607,内科,12
20050607,外科,16
20050607,儿科,17
20050607,妇产科,21
20050607,骨科,22
20050607,口腔科,23
20050607,皮肤科,16
20050609,内科,2
20050609,外科,4
20050609,儿科,10
20050609,妇产科,11
20050609,骨科,25
20050609,口腔科,28
20050609,皮肤科,5
20050612,内科,3
20050612,外科,12
20050612,儿科,16
20050612,妇产科,20
20050612,骨科,21
20050612,口腔科,26
20050612,皮肤科,16
20050614,内科,1
20050614,外科,8
20050614,儿科,10
20050614,妇产科,13
20050614,骨科,25
20050614,口腔科,33
20050614,皮肤科,13
20050616,内科,7
20050616,外科,9
20050616,儿科,21
20050616,妇产科,24
20050616,骨科,31
20050616,口腔科,33
20050616,皮肤科,12
20050619,内科,3
20050619,外科,4
20050619,儿科,8
20050619,妇产科,14
20050619,骨科,16
20050619,口腔科,26
20050619,皮肤科,4
20050621,内科,4
20050621,外科,8
20050621,儿科,12
20050621,妇产科,14
20050621,骨科,16
20050621,口腔科,22
20050621,皮肤科,10
20050623,内科,6
20050623,外科,10
20050623,儿科,19
20050623,妇产科,20
20050623,骨科,24
20050623,口腔科,33
20050623,皮肤科,11
20050626,内科,1
20050626,外科,6
20050626,儿科,8
20050626,妇产科,9
20050626,骨科,18
20050626,口腔科,20
20050626,皮肤科,1
20050628,内科,6
20050628,外科,9
20050628,儿科,18
20050628,妇产科,20
20050628,骨科,26
20050628,口腔科,29
20050628,皮肤科,9
20050630,内科,11
20050630,外科,13
20050630,儿科,14
20050630,妇产科,16
20050630,骨科,18
20050630,口腔科,31
20050630,皮肤科,14
20050703,内科,4
20050703,外科,9
20050703,儿科,11
20050703,妇产科,22
20050703,骨科,25
20050703,口腔科,28
20050703,皮肤科,13
20050705,内科,8
20050705,外科,17
20050705,儿科,22
20050705,妇产科,24
20050705,骨科,32
20050705,口腔科,33
20050705,皮肤科,16
20050707,内科,3
20050707,外科,11
20050707,儿科,15
20050707,妇产科,20
20050707,骨科,26
20050707,口腔科,32
20050707,皮肤科,11
20050710,内科,3
20050710,外科,9
20050710,儿科,20
20050710,妇产科,24
20050710,骨科,25
20050710,口腔科,28
20050710,皮肤科,5
20050712,内科,1
20050712,外科,12
20050712,儿科,14
20050712,妇产科,26
20050712,骨科,27
20050712,口腔科,32
20050712,皮肤科,16
20050714,内科,2
20050714,外科,4
20050714,儿科,10
20050714,妇产科,12
20050714,骨科,26
20050714,口腔科,30
20050714,皮肤科,3
20050717,内科,1
20050717,外科,7
20050717,儿科,11
20050717,妇产科,14
20050717,骨科,19
20050717,口腔科,20
20050717,皮肤科,12
20050719,内科,3
20050719,外科,5
20050719,儿科,9
20050719,妇产科,14
20050719,骨科,16
20050719,口腔科,30
20050719,皮肤科,13
20050721,内科,1
20050721,外科,2
20050721,儿科,7
20050721,妇产科,15
20050721,骨科,19
20050721,口腔科,20
20050721,皮肤科,3
20050724,内科,8
20050724,外科,9
20050724,儿科,13
20050724,妇产科,14
20050724,骨科,20
20050724,口腔科,22
20050724,皮肤科,12
20050726,内科,7
20050726,外科,11
20050726,儿科,12
20050726,妇产科,24
20050726,骨科,27
20050726,口腔科,29
20050726,皮肤科,12
20050728,内科,8
20050728,外科,9
20050728,儿科,15
20050728,妇产科,16
20050728,骨科,23
20050728,口腔科,26
20050728,皮肤科,8
20050731,内科,1
20050731,外科,3
20050731,儿科,7
20050731,妇产科,18
20050731,骨科,20
20050731,口腔科,24
20050731,皮肤科,7
20050802,内科,5
20050802,外科,19
20050802,儿科,20
20050802,妇产科,23
20050802,骨科,26
20050802,口腔科,31
20050802,皮肤科,12
20050804,内科,1
20050804,外科,9
20050804,儿科,21
20050804,妇产科,25
20050804,骨科,29
20050804,口腔科,32
20050804,皮肤科,3
20050807,内科,1
20050807,外科,11
20050807,儿科,12
20050807,妇产科,15
20050807,骨科,26
20050807,口腔科,27
20050807,皮肤科,13
20050809,内科,8
20050809,外科,13
20050809,儿科,19
20050809,妇产科,26
20050809,骨科,28
20050809,口腔科,31
20050809,皮肤科,10
20050811,内科,4
20050811,外科,6
20050811,儿科,17
20050811,妇产科,23
20050811,骨科,25
20050811,口腔科,29
20050811,皮肤科,14
20050814,内科,3
20050814,外科,5
20050814,儿科,9
20050814,妇产科,23
20050814,骨科,27
20050814,口腔科,33
20050814,皮肤科,3
20050816,内科,9
20050816,外科,12
20050816,儿科,18
20050816,妇产科,21
20050816,骨科,28
20050816,口腔科,29
20050816,皮肤科,5
20050818,内科,4
20050818,外科,5
20050818,儿科,17
20050818,妇产科,18
20050818,骨科,26
20050818,口腔科,33
20050818,皮肤科,4
20050821,内科,5
20050821,外科,10
20050821,儿科,23
20050821,妇产科,27
20050821,骨科,28
20050821,口腔科,30
20050821,皮肤科,15
20050823,内科,12
20050823,外科,15
20050823,儿科,19
20050823,妇产科,22
20050823,骨科,31
20050823,口腔科,33
20050823,皮肤科,1
20050825,内科,10
20050825,外科,13
20050825,儿科,16
20050825,妇产科,22
20050825,骨科,24
20050825,口腔科,31
20050825,皮肤科,9
20050828,内科,2
20050828,外科,4
20050828,儿科,9
20050828,妇产科,14
20050828,骨科,16
20050828,口腔科,31
20050828,皮肤科,3
20050830,内科,9
20050830,外科,16
20050830,儿科,19
20050830,妇产科,21
20050830,骨科,22
20050830,口腔科,24
20050830,皮肤科,12
20050901,内科,2
20050901,外科,5
20050901,儿科,6
20050901,妇产科,14
20050901,骨科,24
20050901,口腔科,31
20050901,皮肤科,12
20050904,内科,4
20050904,外科,7
20050904,儿科,16
20050904,妇产科,18
20050904,骨科,23
20050904,口腔科,30
20050904,皮肤科,7
20050906,内科,2
20050906,外科,4
20050906,儿科,21
20050906,妇产科,23
20050906,骨科,30
20050906,口腔科,33
20050906,皮肤科,9
20050908,内科,4
20050908,外科,15
20050908,儿科,23
20050908,妇产科,30
20050908,骨科,32
20050908,口腔科,33
20050908,皮肤科,3
20050911,内科,1
20050911,外科,11
20050911,儿科,13
20050911,妇产科,24
20050911,骨科,26
20050911,口腔科,31
20050911,皮肤科,13
20050913,内科,9
20050913,外科,10
20050913,儿科,20
20050913,妇产科,24
20050913,骨科,25
20050913,口腔科,26
20050913,皮肤科,11
20050915,内科,3
20050915,外科,10
20050915,儿科,12
20050915,妇产科,24
20050915,骨科,29
20050915,口腔科,30
20050915,皮肤科,6
20050918,内科,3
20050918,外科,5
20050918,儿科,13
20050918,妇产科,15
20050918,骨科,17
20050918,口腔科,31
20050918,皮肤科,4
20050920,内科,7
20050920,外科,10
20050920,儿科,16
20050920,妇产科,19
20050920,骨科,24
20050920,口腔科,25
20050920,皮肤科,9
20050922,内科,3
20050922,外科,7
20050922,儿科,15
20050922,妇产科,16
20050922,骨科,19
20050922,口腔科,29
20050922,皮肤科,9
20050925,内科,4
20050925,外科,12
20050925,儿科,22
20050925,妇产科,28
20050925,骨科,29
20050925,口腔科,30
20050925,皮肤科,16
20050927,内科,15
20050927,外科,18
20050927,儿科,20
20050927,妇产科,22
20050927,骨科,26
20050927,口腔科,27
20050927,皮肤科,3
20050929,内科,6
20050929,外科,7
20050929,儿科,10
20050929,妇产科,15
20050929,骨科,21
20050929,口腔科,27
20050929,皮肤科,6
20051002,内科,3
20051002,外科,12
20051002,儿科,18
20051002,妇产科,23
20051002,骨科,30
20051002,口腔科,33
20051002,皮肤科,2
20051004,内科,4
20051004,外科,6
20051004,儿科,8
20051004,妇产科,14
20051004,骨科,15
20051004,口腔科,30
20051004,皮肤科,10
20051006,内科,6
20051006,外科,17
20051006,儿科,22
20051006,妇产科,27
20051006,骨科,28
20051006,口腔科,32
20051006,皮肤科,3
20051009,内科,4
20051009,外科,9
20051009,儿科,12
20051009,妇产科,15
20051009,骨科,26
20051009,口腔科,31
20051009,皮肤科,16
20051011,内科,1
20051011,外科,7
20051011,儿科,11
20051011,妇产科,18
20051011,骨科,20
20051011,口腔科,22
20051011,皮肤科,2
20051013,内科,1
20051013,外科,6
20051013,儿科,13
20051013,妇产科,18
20051013,骨科,30
20051013,口腔科,32
20051013,皮肤科,14
20051016,内科,1
20051016,外科,7
20051016,儿科,20
20051016,妇产科,25
20051016,骨科,31
20051016,口腔科,32
20051016,皮肤科,12
20051018,内科,1
20051018,外科,4
20051018,儿科,7
20051018,妇产科,14
20051018,骨科,30
20051018,口腔科,32
20051018,皮肤科,9
20051020,内科,11
20051020,外科,12
20051020,儿科,13
20051020,妇产科,17
20051020,骨科,18
20051020,口腔科,25
20051020,皮肤科,7
20051023,内科,5
20051023,外科,6
20051023,儿科,10
20051023,妇产科,19
20051023,骨科,31
20051023,口腔科,33
20051023,皮肤科,11
20051025,内科,6
20051025,外科,14
20051025,儿科,18
20051025,妇产科,28
20051025,骨科,31
20051025,口腔科,32
20051025,皮肤科,3
20051027,内科,2
20051027,外科,8
20051027,儿科,13
20051027,妇产科,19
20051027,骨科,25
20051027,口腔科,26
20051027,皮肤科,9
20051030,内科,4
20051030,外科,6
20051030,儿科,11
20051030,妇产科,14
20051030,骨科,23
20051030,口腔科,25
20051030,皮肤科,12
20051101,内科,2
20051101,外科,4
20051101,儿科,14
20051101,妇产科,23
20051101,骨科,29
20051101,口腔科,33
20051101,皮肤科,15
20051103,内科,5
20051103,外科,10
20051103,儿科,14
20051103,妇产科,20
20051103,骨科,27
20051103,口腔科,33
20051103,皮肤科,3
20051106,内科,3
20051106,外科,5
20051106,儿科,9
20051106,妇产科,15
20051106,骨科,20
20051106,口腔科,25
20051106,皮肤科,16
20051108,内科,2
20051108,外科,7
20051108,儿科,10
20051108,妇产科,11
20051108,骨科,12
20051108,口腔科,24
20051108,皮肤科,3
20051110,内科,2
20051110,外科,4
20051110,儿科,10
20051110,妇产科,18
20051110,骨科,27
20051110,口腔科,29
20051110,皮肤科,15
20051113,内科,1
20051113,外科,7
20051113,儿科,14
20051113,妇产科,16
20051113,骨科,18
20051113,口腔科,25
20051113,皮肤科,11
20051115,内科,4
20051115,外科,13
20051115,儿科,14
20051115,妇产科,18
20051115,骨科,26
20051115,口腔科,30
20051115,皮肤科,1
20051117,内科,1
20051117,外科,5
20051117,儿科,13
20051117,妇产科,15
20051117,骨科,21
20051117,口腔科,25
20051117,皮肤科,11
20051120,内科,5
20051120,外科,14
20051120,儿科,16
20051120,妇产科,18
20051120,骨科,25
20051120,口腔科,27
20051120,皮肤科,13
20051122,内科,3
20051122,外科,9
20051122,儿科,15
20051122,妇产科,23
20051122,骨科,25
20051122,口腔科,33
20051122,皮肤科,12
20051124,内科,3
20051124,外科,5
20051124,儿科,6
20051124,妇产科,11
20051124,骨科,20
20051124,口腔科,22
20051124,皮肤科,13
20051127,内科,2
20051127,外科,7
20051127,儿科,20
20051127,妇产科,23
20051127,骨科,32
20051127,口腔科,33
20051127,皮肤科,10
20051129,内科,4
20051129,外科,6
20051129,儿科,7
20051129,妇产科,8
20051129,骨科,12
20051129,口腔科,17
20051129,皮肤科,7
20051201,内科,3
20051201,外科,5
20051201,儿科,8
20051201,妇产科,12
20051201,骨科,16
20051201,口腔科,19
20051201,皮肤科,15
20051204,内科,7
20051204,外科,10
20051204,儿科,12
20051204,妇产科,17
20051204,骨科,22
20051204,口腔科,29
20051204,皮肤科,5
20051206,内科,3
20051206,外科,10
20051206,儿科,15
20051206,妇产科,17
20051206,骨科,20
20051206,口腔科,32
20051206,皮肤科,8
20051208,内科,1
20051208,外科,8
20051208,儿科,14
20051208,妇产科,15
20051208,骨科,19
20051208,口腔科,27
20051208,皮肤科,9
20051211,内科,3
20051211,外科,7
20051211,儿科,8
20051211,妇产科,17
20051211,骨科,20
20051211,口腔科,28
20051211,皮肤科,15
20051213,内科,7
20051213,外科,11
20051213,儿科,19
20051213,妇产科,20
20051213,骨科,24
20051213,口腔科,28
20051213,皮肤科,2
20051215,内科,6
20051215,外科,7
20051215,儿科,15
20051215,妇产科,27
20051215,骨科,28
20051215,口腔科,30
20051215,皮肤科,10
20051218,内科,3
20051218,外科,15
20051218,儿科,17
20051218,妇产科,23
20051218,骨科,24
20051218,口腔科,29
20051218,皮肤科,13
20051220,内科,11
20051220,外科,16
20051220,儿科,21
20051220,妇产科,23
20051220,骨科,25
20051220,口腔科,32
20051220,皮肤科,7
20051222,内科,3
20051222,外科,7
20051222,儿科,10
20051222,妇产科,14
20051222,骨科,18
20051222,口腔科,20
20051222,皮肤科,2
20051225,内科,4
20051225,外科,11
20051225,儿科,12
20051225,妇产科,13
20051225,骨科,19
20051225,口腔科,30
20051225,皮肤科,5
20051227,内科,1
20051227,外科,5
20051227,儿科,12
20051227,妇产科,14
20051227,骨科,21
20051227,口腔科,27
20051227,皮肤科,3
20051229,内科,4
20051229,外科,5
20051229,儿科,7
20051229,妇产科,21
20051229,骨科,26
20051229,口腔科,29
20051229,皮肤科,1
20060101,内科,1
20060101,外科,12
20060101,儿科,15
20060101,妇产科,19
20060101,骨科,21
20060101,口腔科,28
20060101,皮肤科,3
20060103,内科,7
20060103,外科,13
20060103,儿科,16
20060103,妇产科,21
20060103,骨科,26
20060103,口腔科,28
20060103,皮肤科,9
20060105,内科,2
20060105,外科,4
20060105,儿科,5
20060105,妇产科,6
20060105,骨科,16
20060105,口腔科,20
20060105,皮肤科,12
20060108,内科,4
20060108,外科,8
20060108,儿科,17
20060108,妇产科,27
20060108,骨科,28
20060108,口腔科,31
20060108,皮肤科,7
20060110,内科,3
20060110,外科,19
20060110,儿科,20
20060110,妇产科,24
20060110,骨科,26
20060110,口腔科,27
20060110,皮肤科,11
20060112,内科,8
20060112,外科,21
20060112,儿科,22
20060112,妇产科,23
20060112,骨科,26
20060112,口腔科,32
20060112,皮肤科,14
20060115,内科,4
20060115,外科,16
20060115,儿科,18
20060115,妇产科,27
20060115,骨科,32
20060115,口腔科,33
20060115,皮肤科,7
20060117,内科,3
20060117,外科,5
20060117,儿科,9
20060117,妇产科,18
20060117,骨科,28
20060117,口腔科,32
20060117,皮肤科,16
20060119,内科,5
20060119,外科,6
20060119,儿科,8
20060119,妇产科,20
20060119,骨科,26
20060119,口腔科,30
20060119,皮肤科,6
20060122,内科,4
20060122,外科,6
20060122,儿科,12
20060122,妇产科,19
20060122,骨科,27
20060122,口腔科,29
20060122,皮肤科,8
20060124,内科,5
20060124,外科,7
20060124,儿科,8
20060124,妇产科,14
20060124,骨科,27
20060124,口腔科,31
20060124,皮肤科,11
20060126,内科,9
20060126,外科,11
20060126,儿科,13
20060126,妇产科,27
20060126,骨科,31
20060126,口腔科,33
20060126,皮肤科,10
20060205,内科,1
20060205,外科,5
20060205,儿科,6
20060205,妇产科,12
20060205,骨科,16
20060205,口腔科,21
20060205,皮肤科,11
20060207,内科,6
20060207,外科,14
20060207,儿科,26
20060207,妇产科,29
20060207,骨科,32
20060207,口腔科,33
20060207,皮肤科,7
20060209,内科,2
20060209,外科,3
20060209,儿科,9
20060209,妇产科,15
20060209,骨科,29
20060209,口腔科,32
20060209,皮肤科,3
20060212,内科,1
20060212,外科,7
20060212,儿科,13
20060212,妇产科,17
20060212,骨科,23
20060212,口腔科,30
20060212,皮肤科,16
20060214,内科,3
20060214,外科,4
20060214,儿科,8
20060214,妇产科,31
20060214,骨科,32
20060214,口腔科,33
20060214,皮肤科,2
20060216,内科,1
20060216,外科,13
20060216,儿科,14
20060216,妇产科,17
20060216,骨科,24
20060216,口腔科,26
20060216,皮肤科,5
20060219,内科,4
20060219,外科,6
20060219,儿科,13
20060219,妇产科,22
20060219,骨科,26
20060219,口腔科,32
20060219,皮肤科,7
20060221,内科,5
20060221,外科,9
20060221,儿科,21
20060221,妇产科,23
20060221,骨科,26
20060221,口腔科,29
20060221,皮肤科,6
20060223,内科,1
20060223,外科,2
20060223,儿科,5
20060223,妇产科,20
20060223,骨科,21
20060223,口腔科,22
20060223,皮肤科,9
20060226,内科,2
20060226,外科,3
20060226,儿科,4
20060226,妇产科,13
20060226,骨科,16
20060226,口腔科,27
20060226,皮肤科,13
20060228,内科,4
20060228,外科,13
20060228,儿科,14
20060228,妇产科,19
20060228,骨科,23
20060228,口腔科,28
20060228,皮肤科,8
20060302,内科,2
20060302,外科,7
20060302,儿科,9
20060302,妇产科,11
20060302,骨科,21
20060302,口腔科,27
20060302,皮肤科,6
20060305,内科,3
20060305,外科,4
20060305,儿科,17
20060305,妇产科,19
20060305,骨科,24
20060305,口腔科,32
20060305,皮肤科,5
20060307,内科,1
20060307,外科,2
20060307,儿科,18
20060307,妇产科,22
20060307,骨科,29
20060307,口腔科,32
20060307,皮肤科,3
20060309,内科,6
20060309,外科,8
20060309,儿科,11
20060309,妇产科,14
20060309,骨科,16
20060309,口腔科,27
20060309,皮肤科,15
20060312,内科,5
20060312,外科,7
20060312,儿科,14
20060312,妇产科,16
20060312,骨科,17
20060312,口腔科,27
20060312,皮肤科,4
20060314,内科,3
20060314,外科,4
20060314,儿科,7
20060314,妇产科,9
20060314,骨科,14
20060314,口腔科,19
20060314,皮肤科,8
20060316,内科,8
20060316,外科,13
20060316,儿科,15
20060316,妇产科,17
20060316,骨科,20
20060316,口腔科,32
20060316,皮肤科,14
20060319,内科,3
20060319,外科,10
20060319,儿科,12
20060319,妇产科,16
20060319,骨科,31
20060319,口腔科,32
20060319,皮肤科,14
20060321,内科,5
20060321,外科,18
20060321,儿科,20
20060321,妇产科,24
20060321,骨科,26
20060321,口腔科,31
20060321,皮肤科,9
20060323,内科,15
20060323,外科,20
20060323,儿科,22
20060323,妇产科,23
20060323,骨科,27
20060323,口腔科,31
20060323,皮肤科,6
20060326,内科,2
20060326,外科,10
20060326,儿科,15
20060326,妇产科,16
20060326,骨科,17
20060326,口腔科,33
20060326,皮肤科,13
20060328,内科,3
20060328,外科,9
20060328,儿科,13
20060328,妇产科,21
20060328,骨科,27
20060328,口腔科,29
20060328,皮肤科,13
20060330,内科,4
20060330,外科,7
20060330,儿科,10
20060330,妇产科,16
20060330,骨科,17
20060330,口腔科,21
20060330,皮肤科,9
20060402,内科,2
20060402,外科,12
20060402,儿科,23
20060402,妇产科,24
20060402,骨科,25
20060402,口腔科,32
20060402,皮肤科,14
20060404,内科,2
20060404,外科,14
20060404,儿科,17
20060404,妇产科,19
20060404,骨科,22
20060404,口腔科,30
20060404,皮肤科,10
20060406,内科,16
20060406,外科,19
20060406,儿科,22
20060406,妇产科,28
20060406,骨科,31
20060406,口腔科,32
20060406,皮肤科,3
20060409,内科,15
20060409,外科,22
20060409,儿科,25
20060409,妇产科,26
20060409,骨科,28
20060409,口腔科,33
20060409,皮肤科,3
20060411,内科,3
20060411,外科,10
20060411,儿科,16
20060411,妇产科,18
20060411,骨科,21
20060411,口腔科,28
20060411,皮肤科,4
20060413,内科,3
20060413,外科,16
20060413,儿科,23
20060413,妇产科,26
20060413,骨科,28
20060413,口腔科,31
20060413,皮肤科,11
20060416,内科,5
20060416,外科,12
20060416,儿科,13
20060416,妇产科,16
20060416,骨科,23
20060416,口腔科,32
20060416,皮肤科,3
20060418,内科,2
20060418,外科,10
20060418,儿科,18
20060418,妇产科,21
20060418,骨科,30
20060418,口腔科,31
20060418,皮肤科,5
20060420,内科,6
20060420,外科,7
20060420,儿科,10
20060420,妇产科,14
20060420,骨科,20
20060420,口腔科,21
20060420,皮肤科,4
20060423,内科,13
20060423,外科,18
20060423,儿科,23
20060423,妇产科,29
20060423,骨科,31
20060423,口腔科,32
20060423,皮肤科,8
20060425,内科,2
20060425,外科,17
20060425,儿科,20
20060425,妇产科,22
20060425,骨科,28
20060425,口腔科,32
20060425,皮肤科,3
20060427,内科,9
20060427,外科,13
20060427,儿科,19
20060427,妇产科,25
20060427,骨科,29
20060427,口腔科,32
20060427,皮肤科,12
20060430,内科,6
20060430,外科,10
20060430,儿科,12
20060430,妇产科,13
20060430,骨科,17
20060430,口腔科,20
20060430,皮肤科,3
20060502,内科,2
20060502,外科,6
20060502,儿科,12
20060502,妇产科,15
20060502,骨科,25
20060502,口腔科,31
20060502,皮肤科,7
20060504,内科,2
20060504,外科,6
20060504,儿科,7
20060504,妇产科,17
20060504,骨科,27
20060504,口腔科,30
20060504,皮肤科,16
20060507,内科,11
20060507,外科,24
20060507,儿科,26
20060507,妇产科,27
20060507,骨科,30
20060507,口腔科,32
20060507,皮肤科,3
20060509,内科,1
20060509,外科,11
20060509,儿科,17
20060509,妇产科,27
20060509,骨科,28
20060509,口腔科,31
20060509,皮肤科,2
20060511,内科,3
20060511,外科,5
20060511,儿科,7
20060511,妇产科,10
20060511,骨科,28
20060511,口腔科,30
20060511,皮肤科,4
20060514,内科,4
20060514,外科,5
20060514,儿科,28
20060514,妇产科,29
20060514,骨科,31
20060514,口腔科,33
20060514,皮肤科,11
20060516,内科,11
20060516,外科,13
20060516,儿科,15
20060516,妇产科,21
20060516,骨科,23
20060516,口腔科,25
20060516,皮肤科,8
20060518,内科,3
20060518,外科,4
20060518,儿科,17
20060518,妇产科,18
20060518,骨科,21
20060518,口腔科,31
20060518,皮肤科,8
20060521,内科,1
20060521,外科,12
20060521,儿科,22
20060521,妇产科,23
20060521,骨科,24
20060521,口腔科,25
20060521,皮肤科,14
20060523,内科,5
20060523,外科,10
20060523,儿科,15
20060523,妇产科,17
20060523,骨科,27
20060523,口腔科,29
20060523,皮肤科,11
20060525,内科,5
20060525,外科,15
20060525,儿科,19
20060525,妇产科,23
20060525,骨科,30
20060525,口腔科,32
20060525,皮肤科,14
20060528,内科,5
20060528,外科,13
20060528,儿科,17
20060528,妇产科,19
20060528,骨科,25
20060528,口腔科,30
20060528,皮肤科,11
20060530,内科,18
20060530,外科,22
20060530,儿科,23
20060530,妇产科,24
20060530,骨科,26
20060530,口腔科,30
20060530,皮肤科,1
20060601,内科,4
20060601,外科,5
20060601,儿科,15
20060601,妇产科,21
20060601,骨科,23
20060601,口腔科,24
20060601,皮肤科,8
20060604,内科,3
20060604,外科,12
20060604,儿科,14
20060604,妇产科,21
20060604,骨科,24
20060604,口腔科,28
20060604,皮肤科,11
20060606,内科,4
20060606,外科,8
20060606,儿科,17
20060606,妇产科,28
20060606,骨科,29
20060606,口腔科,30
20060606,皮肤科,13
20060608,内科,6
20060608,外科,8
20060608,儿科,11
20060608,妇产科,18
20060608,骨科,30
20060608,口腔科,33
20060608,皮肤科,5
20060611,内科,7
20060611,外科,8
20060611,儿科,11
20060611,妇产科,16
20060611,骨科,17
20060611,口腔科,24
20060611,皮肤科,13
20060613,内科,3
20060613,外科,7
20060613,儿科,10
20060613,妇产科,14
20060613,骨科,30
20060613,口腔科,33
20060613,皮肤科,10
20060615,内科,5
20060615,外科,16
20060615,儿科,20
20060615,妇产科,22
20060615,骨科,29
20060615,口腔科,30
20060615,皮肤科,8
20060618,内科,2
20060618,外科,3
20060618,儿科,11
20060618,妇产科,13
20060618,骨科,20
20060618,口腔科,27
20060618,皮肤科,2
20060620,内科,5
20060620,外科,11
20060620,儿科,12
20060620,妇产科,19
20060620,骨科,29
20060620,口腔科,31
20060620,皮肤科,1
20060622,内科,2
20060622,外科,3
20060622,儿科,5
20060622,妇产科,20
20060622,骨科,21
20060622,口腔科,24
20060622,皮肤科,8
20060625,内科,5
20060625,外科,13
20060625,儿科,16
20060625,妇产科,18
20060625,骨科,27
20060625,口腔科,29
20060625,皮肤科,12
20060627,内科,1
20060627,外科,3
20060627,儿科,15
20060627,妇产科,19
20060627,骨科,25
20060627,口腔科,33
20060627,皮肤科,4
20060629,内科,10
20060629,外科,21
20060629,儿科,22
20060629,妇产科,23
20060629,骨科,25
20060629,口腔科,33
20060629,皮肤科,11
20060702,内科,4
20060702,外科,10
20060702,儿科,17
20060702,妇产科,21
20060702,骨科,29
20060702,口腔科,32
20060702,皮肤科,14
20060704,内科,8
20060704,外科,9
20060704,儿科,12
20060704,妇产科,13
20060704,骨科,19
20060704,口腔科,33
20060704,皮肤科,9
20060706,内科,3
20060706,外科,5
20060706,儿科,17
20060706,妇产科,22
20060706,骨科,31
20060706,口腔科,33
20060706,皮肤科,12
20060709,内科,6
20060709,外科,11
20060709,儿科,13
20060709,妇产科,17
20060709,骨科,20
20060709,口腔科,32
20060709,皮肤科,8
20060711,内科,15
20060711,外科,17
20060711,儿科,20
20060711,妇产科,22
20060711,骨科,26
20060711,口腔科,29
20060711,皮肤科,9
20060713,内科,14
20060713,外科,16
20060713,儿科,18
20060713,妇产科,21
20060713,骨科,22
20060713,口腔科,32
20060713,皮肤科,4
20060716,内科,3
20060716,外科,13
20060716,儿科,15
20060716,妇产科,23
20060716,骨科,28
20060716,口腔科,29
20060716,皮肤科,9
20060718,内科,7
20060718,外科,9
20060718,儿科,18
20060718,妇产科,19
20060718,骨科,26
20060718,口腔科,29
20060718,皮肤科,10
20060721,内科,1
20060721,外科,12
20060721,儿科,17
20060721,妇产科,21
20060721,骨科,25
20060721,口腔科,28
20060721,皮肤科,12
20060723,内科,2
20060723,外科,6
20060723,儿科,18
20060723,妇产科,21
20060723,骨科,24
20060723,口腔科,25
20060723,皮肤科,8
20060725,内科,4
20060725,外科,6
20060725,儿科,10
20060725,妇产科,24
20060725,骨科,26
20060725,口腔科,31
20060725,皮肤科,6
20060727,内科,4
20060727,外科,5
20060727,儿科,8
20060727,妇产科,9
20060727,骨科,12
20060727,口腔科,30
20060727,皮肤科,5
20060730,内科,3
20060730,外科,11
20060730,儿科,20
20060730,妇产科,24
20060730,骨科,25
20060730,口腔科,26
20060730,皮肤科,1
20060801,内科,1
20060801,外科,13
20060801,儿科,16
20060801,妇产科,18
20060801,骨科,19
20060801,口腔科,22
20060801,皮肤科,1
20060803,内科,2
20060803,外科,11
20060803,儿科,15
20060803,妇产科,20
20060803,骨科,23
20060803,口腔科,29
20060803,皮肤科,11
20060806,内科,7
20060806,外科,8
20060806,儿科,12
20060806,妇产科,21
20060806,骨科,22
20060806,口腔科,24
20060806,皮肤科,7
20060808,内科,2
20060808,外科,8
20060808,儿科,11
20060808,妇产科,16
20060808,骨科,20
20060808,口腔科,21
20060808,皮肤科,14
20060810,内科,2
20060810,外科,12
20060810,儿科,16
20060810,妇产科,18
20060810,骨科,19
20060810,口腔科,23
20060810,皮肤科,5
20060813,内科,15
20060813,外科,16
20060813,儿科,17
20060813,妇产科,18
20060813,骨科,24
20060813,口腔科,33
20060813,皮肤科,13
20060815,内科,1
20060815,外科,3
20060815,儿科,17
20060815,妇产科,20
20060815,骨科,21
20060815,口腔科,29
20060815,皮肤科,16
20060817,内科,1
20060817,外科,5
20060817,儿科,9
20060817,妇产科,13
20060817,骨科,18
20060817,口腔科,33
20060817,皮肤科,14
20060820,内科,11
20060820,外科,14
20060820,儿科,15
20060820,妇产科,20
20060820,骨科,26
20060820,口腔科,27
20060820,皮肤科,12
20060822,内科,6
20060822,外科,7
20060822,儿科,10
20060822,妇产科,11
20060822,骨科,18
20060822,口腔科,23
20060822,皮肤科,16
20060824,内科,9
20060824,外科,12
20060824,儿科,18
20060824,妇产科,23
20060824,骨科,24
20060824,口腔科,27
20060824,皮肤科,5
20060827,内科,1
20060827,外科,11
20060827,儿科,18
20060827,妇产科,26
20060827,骨科,30
20060827,口腔科,32
20060827,皮肤科,3
20060829,内科,9
20060829,外科,12
20060829,儿科,20
20060829,妇产科,26
20060829,骨科,27
20060829,口腔科,28
20060829,皮肤科,16
20060831,内科,1
20060831,外科,4
20060831,儿科,13
20060831,妇产科,19
20060831,骨科,20
20060831,口腔科,24
20060831,皮肤科,11
20060903,内科,12
20060903,外科,14
20060903,儿科,15
20060903,妇产科,25
20060903,骨科,28
20060903,口腔科,31
20060903,皮肤科,6
20060905,内科,3
20060905,外科,7
20060905,儿科,22
20060905,妇产科,27
20060905,骨科,28
20060905,口腔科,31
20060905,皮肤科,11
20060907,内科,5
20060907,外科,12
20060907,儿科,14
20060907,妇产科,15
20060907,骨科,20
20060907,口腔科,31
20060907,皮肤科,1
20060910,内科,2
20060910,外科,12
20060910,儿科,14
20060910,妇产科,19
20060910,骨科,28
20060910,口腔科,33
20060910,皮肤科,10
20060912,内科,1
20060912,外科,6
20060912,儿科,8
20060912,妇产科,13
20060912,骨科,17
20060912,口腔科,30
20060912,皮肤科,7
20060914,内科,2
20060914,外科,6
20060914,儿科,8
20060914,妇产科,20
20060914,骨科,24
20060914,口腔科,30
20060914,皮肤科,9
20060917,内科,1
20060917,外科,5
20060917,儿科,17
20060917,妇产科,18
20060917,骨科,23
20060917,口腔科,26
20060917,皮肤科,13
20060919,内科,9
20060919,外科,12
20060919,儿科,14
20060919,妇产科,18
20060919,骨科,27
20060919,口腔科,33
20060919,皮肤科,13
20060921,内科,1
20060921,外科,8
20060921,儿科,11
20060921,妇产科,16
20060921,骨科,17
20060921,口腔科,22
20060921,皮肤科,15
20060924,内科,4
20060924,外科,9
20060924,儿科,13
20060924,妇产科,15
20060924,骨科,31
20060924,口腔科,33
20060924,皮肤科,11
20060926,内科,5
20060926,外科,14
20060926,儿科,17
20060926,妇产科,18
20060926,骨科,28
20060926,口腔科,33
20060926,皮肤科,2
20060928,内科,8
20060928,外科,10
20060928,儿科,14
20060928,妇产科,20
20060928,骨科,27
20060928,口腔科,29
20060928,皮肤科,16
20061001,内科,1
20061001,外科,10
20061001,儿科,20
20061001,妇产科,26
20061001,骨科,28
20061001,口腔科,29
20061001,皮肤科,15
20061003,内科,5
20061003,外科,16
20061003,儿科,21
20061003,妇产科,22
20061003,骨科,32
20061003,口腔科,33
20061003,皮肤科,9
20061005,内科,6
20061005,外科,14
20061005,儿科,20
20061005,妇产科,22
20061005,骨科,23
20061005,口腔科,26
20061005,皮肤科,9
20061008,内科,1
20061008,外科,3
20061008,儿科,7
20061008,妇产科,8
20061008,骨科,10
20061008,口腔科,30
20061008,皮肤科,5
20061010,内科,1
20061010,外科,2
20061010,儿科,14
20061010,妇产科,20
20061010,骨科,27
20061010,口腔科,30
20061010,皮肤科,2
20061012,内科,6
20061012,外科,8
20061012,儿科,14
20061012,妇产科,15
20061012,骨科,24
20061012,口腔科,33
20061012,皮肤科,9
20061015,内科,3
20061015,外科,4
20061015,儿科,6
20061015,妇产科,27
20061015,骨科,31
20061015,口腔科,33
20061015,皮肤科,6
20061017,内科,4
20061017,外科,5
20061017,儿科,6
20061017,妇产科,8
20061017,骨科,22
20061017,口腔科,24
20061017,皮肤科,3
20061019,内科,2
20061019,外科,3
20061019,儿科,20
20061019,妇产科,25
20061019,骨科,28
20061019,口腔科,32
20061019,皮肤科,6
20061022,内科,12
20061022,外科,13
20061022,儿科,14
20061022,妇产科,18
20061022,骨科,31
20061022,口腔科,32
20061022,皮肤科,13
20061024,内科,15
20061024,外科,19
20061024,儿科,23
20061024,妇产科,30
20061024,骨科,32
20061024,口腔科,33
20061024,皮肤科,6
20061026,内科,2
20061026,外科,8
20061026,儿科,13
20061026,妇产科,16
20061026,骨科,24
20061026,口腔科,33
20061026,皮肤科,9
20061029,内科,3
20061029,外科,4
20061029,儿科,11
20061029,妇产科,17
20061029,骨科,19
20061029,口腔科,30
20061029,皮肤科,1
20061031,内科,4
20061031,外科,15
20061031,儿科,21
20061031,妇产科,30
20061031,骨科,31
20061031,口腔科,33
20061031,皮肤科,5
20061102,内科,9
20061102,外科,14
20061102,儿科,18
20061102,妇产科,22
20061102,骨科,27
20061102,口腔科,29
20061102,皮肤科,12
20061105,内科,1
20061105,外科,12
20061105,儿科,21
20061105,妇产科,22
20061105,骨科,30
20061105,口腔科,32
20061105,皮肤科,2
20061107,内科,3
20061107,外科,4
20061107,儿科,9
20061107,妇产科,22
20061107,骨科,26
20061107,口腔科,33
20061107,皮肤科,1
20061109,内科,6
20061109,外科,14
20061109,儿科,22
20061109,妇产科,26
20061109,骨科,30
20061109,口腔科,33
20061109,皮肤科,1
20061112,内科,4
20061112,外科,6
20061112,儿科,20
20061112,妇产科,25
20061112,骨科,29
20061112,口腔科,31
20061112,皮肤科,3
20061114,内科,10
20061114,外科,13
20061114,儿科,18
20061114,妇产科,26
20061114,骨科,28
20061114,口腔科,30
20061114,皮肤科,12
20061116,内科,4
20061116,外科,19
20061116,儿科,21
20061116,妇产科,22
20061116,骨科,23
20061116,口腔科,31
20061116,皮肤科,4
20061119,内科,11
20061119,外科,15
20061119,儿科,17
20061119,妇产科,21
20061119,骨科,22
20061119,口腔科,24
20061119,皮肤科,5
20061121,内科,10
20061121,外科,14
20061121,儿科,17
20061121,妇产科,21
20061121,骨科,27
20061121,口腔科,31
20061121,皮肤科,9
20061123,内科,4
20061123,外科,9
20061123,儿科,11
20061123,妇产科,17
20061123,骨科,18
20061123,口腔科,26
20061123,皮肤科,8
20061126,内科,7
20061126,外科,8
20061126,儿科,14
20061126,妇产科,21
20061126,骨科,23
20061126,口腔科,25
20061126,皮肤科,5
20061128,内科,1
20061128,外科,8
20061128,儿科,11
20061128,妇产科,18
20061128,骨科,19
20061128,口腔科,23
20061128,皮肤科,5
20061130,内科,16
20061130,外科,18
20061130,儿科,22
20061130,妇产科,23
20061130,骨科,25
20061130,口腔科,31
20061130,皮肤科,11
20061203,内科,10
20061203,外科,16
20061203,儿科,19
20061203,妇产科,22
20061203,骨科,26
20061203,口腔科,27
20061203,皮肤科,16
20061205,内科,1
20061205,外科,15
20061205,儿科,20
20061205,妇产科,29
20061205,骨科,31
20061205,口腔科,32
20061205,皮肤科,8
20061207,内科,4
20061207,外科,10
20061207,儿科,13
20061207,妇产科,16
20061207,骨科,22
20061207,口腔科,29
20061207,皮肤科,6
20061210,内科,2
20061210,外科,7
20061210,儿科,23
20061210,妇产科,26
20061210,骨科,28
20061210,口腔科,31
20061210,皮肤科,7
20061212,内科,3
20061212,外科,9
20061212,儿科,13
20061212,妇产科,23
20061212,骨科,28
20061212,口腔科,30
20061212,皮肤科,5
20061214,内科,1
20061214,外科,4
20061214,儿科,15
20061214,妇产科,17
20061214,骨科,27
20061214,口腔科,31
20061214,皮肤科,1
20061217,内科,4
20061217,外科,8
20061217,儿科,12
20061217,妇产科,13
20061217,骨科,23
20061217,口腔科,29
20061217,皮肤科,1
20061219,内科,2
20061219,外科,3
20061219,儿科,5
20061219,妇产科,11
20061219,骨科,15
20061219,口腔科,32
20061219,皮肤科,15
20061221,内科,8
20061221,外科,9
20061221,儿科,12
20061221,妇产科,18
20061221,骨科,25
20061221,口腔科,27
20061221,皮肤科,12
20061224,内科,1
20061224,外科,3
20061224,儿科,4
20061224,妇产科,6
20061224,骨科,16
20061224,口腔科,22
20061224,皮肤科,8
20061226,内科,1
20061226,外科,14
20061226,儿科,20
20061226,妇产科,25
20061226,骨科,27
20061226,口腔科,31
20061226,皮肤科,15
20061228,内科,1
20061228,外科,7
20061228,儿科,11
20061228,妇产科,20
20061228,骨科,30
20061228,口腔科,33
20061228,皮肤科,10
20061231,内科,7
20061231,外科,14
20061231,儿科,18
20061231,妇产科,20
20061231,骨科,30
20061231,口腔科,33
20061231,皮肤科,13
20070102,内科,2
20070102,外科,4
20070102,儿科,9
20070102,妇产科,10
20070102,骨科,20
20070102,口腔科,26
20070102,皮肤科,14
20070104,内科,5
20070104,外科,6
20070104,儿科,14
20070104,妇产科,20
20070104,骨科,21
20070104,口腔科,22
20070104,皮肤科,1
20070107,内科,5
20070107,外科,9
20070107,儿科,11
20070107,妇产科,12
20070107,骨科,22
20070107,口腔科,27
20070107,皮肤科,15
20070109,内科,3
20070109,外科,7
20070109,儿科,10
20070109,妇产科,13
20070109,骨科,25
20070109,口腔科,33
20070109,皮肤科,10
20070111,内科,1
20070111,外科,5
20070111,儿科,6
20070111,妇产科,16
20070111,骨科,24
20070111,口腔科,30
20070111,皮肤科,12
20070114,内科,6
20070114,外科,10
20070114,儿科,14
20070114,妇产科,22
20070114,骨科,26
20070114,口腔科,27
20070114,皮肤科,11
20070116,内科,4
20070116,外科,12
20070116,儿科,15
20070116,妇产科,17
20070116,骨科,22
20070116,口腔科,32
20070116,皮肤科,14
20070118,内科,1
20070118,外科,4
20070118,儿科,5
20070118,妇产科,18
20070118,骨科,19
20070118,口腔科,25
20070118,皮肤科,10
20070121,内科,2
20070121,外科,4
20070121,儿科,14
20070121,妇产科,15
20070121,骨科,25
20070121,口腔科,27
20070121,皮肤科,15
20070123,内科,3
20070123,外科,8
20070123,儿科,14
20070123,妇产科,17
20070123,骨科,30
20070123,口腔科,32
20070123,皮肤科,5
20070125,内科,3
20070125,外科,10
20070125,儿科,15
20070125,妇产科,25
20070125,骨科,28
20070125,口腔科,33
20070125,皮肤科,16
20070128,内科,3
20070128,外科,5
20070128,儿科,7
20070128,妇产科,21
20070128,骨科,26
20070128,口腔科,28
20070128,皮肤科,4
20070130,内科,5
20070130,外科,15
20070130,儿科,18
20070130,妇产科,27
20070130,骨科,29
20070130,口腔科,32
20070130,皮肤科,5
20070201,内科,1
20070201,外科,13
20070201,儿科,16
20070201,妇产科,20
20070201,骨科,24
20070201,口腔科,26
20070201,皮肤科,9
20070204,内科,3
20070204,外科,4
20070204,儿科,8
20070204,妇产科,18
20070204,骨科,22
20070204,口腔科,30
20070204,皮肤科,15
20070206,内科,1
20070206,外科,18
20070206,儿科,20
20070206,妇产科,22
20070206,骨科,26
20070206,口腔科,33
20070206,皮肤科,5
20070208,内科,5
20070208,外科,9
20070208,儿科,10
20070208,妇产科,24
20070208,骨科,25
20070208,口腔科,32
20070208,皮肤科,14
20070211,内科,1
20070211,外科,12
20070211,儿科,18
20070211,妇产科,20
20070211,骨科,21
20070211,口腔科,26
20070211,皮肤科,11
20070213,内科,4
20070213,外科,11
20070213,儿科,16
20070213,妇产科,23
20070213,骨科,29
20070213,口腔科,31
20070213,皮肤科,14
20070215,内科,5
20070215,外科,10
20070215,儿科,16
20070215,妇产科,20
20070215,骨科,28
20070215,口腔科,31
20070215,皮肤科,14
20070225,内科,3
20070225,外科,6
20070225,儿科,9
20070225,妇产科,11
20070225,骨科,25
20070225,口腔科,31
20070225,皮肤科,13
20070227,内科,2
20070227,外科,4
20070227,儿科,7
20070227,妇产科,10
20070227,骨科,18
20070227,口腔科,27
20070227,皮肤科,10
20070301,内科,3
20070301,外科,7
20070301,儿科,13
20070301,妇产科,17
20070301,骨科,32
20070301,口腔科,33
20070301,皮肤科,2
20070304,内科,8
20070304,外科,9
20070304,儿科,17
20070304,妇产科,25
20070304,骨科,27
20070304,口腔科,32
20070304,皮肤科,6
20070306,内科,3
20070306,外科,16
20070306,儿科,18
20070306,妇产科,22
20070306,骨科,23
20070306,口腔科,26
20070306,皮肤科,3
20070308,内科,1
20070308,外科,4
20070308,儿科,14
20070308,妇产科,16
20070308,骨科,26
20070308,口腔科,29
20070308,皮肤科,10
20070311,内科,2
20070311,外科,3
20070311,儿科,9
20070311,妇产科,22
20070311,骨科,24
20070311,口腔科,27
20070311,皮肤科,11
20070313,内科,3
20070313,外科,8
20070313,儿科,13
20070313,妇产科,20
20070313,骨科,29
20070313,口腔科,30
20070313,皮肤科,11
20070315,内科,6
20070315,外科,8
20070315,儿科,9
20070315,妇产科,11
20070315,骨科,19
20070315,口腔科,21
20070315,皮肤科,10
20070318,内科,3
20070318,外科,16
20070318,儿科,21
20070318,妇产科,22
20070318,骨科,27
20070318,口腔科,30
20070318,皮肤科,4
20070320,内科,4
20070320,外科,6
20070320,儿科,10
20070320,妇产科,12
20070320,骨科,19
20070320,口腔科,31
20070320,皮肤科,1
20070322,内科,4
20070322,外科,8
20070322,儿科,16
20070322,妇产科,24
20070322,骨科,30
20070322,口腔科,32
20070322,皮肤科,16
20070325,内科,3
20070325,外科,4
20070325,儿科,11
20070325,妇产科,17
20070325,骨科,18
20070325,口腔科,28
20070325,皮肤科,9
20070327,内科,2
20070327,外科,9
20070327,儿科,12
20070327,妇产科,14
20070327,骨科,23
20070327,口腔科,25
20070327,皮肤科,16
20070329,内科,1
20070329,外科,4
20070329,儿科,8
20070329,妇产科,12
20070329,骨科,29
20070329,口腔科,31
20070329,皮肤科,6
20070401,内科,3
20070401,外科,14
20070401,儿科,21
20070401,妇产科,23
20070401,骨科,30
20070401,口腔科,31
20070401,皮肤科,10
20070403,内科,10
20070403,外科,11
20070403,儿科,16
20070403,妇产科,23
20070403,骨科,31
20070403,口腔科,33
20070403,皮肤科,16
20070405,内科,3
20070405,外科,11
20070405,儿科,14
20070405,妇产科,19
20070405,骨科,21
20070405,口腔科,30
20070405,皮肤科,5
20070408,内科,6
20070408,外科,7
20070408,儿科,19
20070408,妇产科,24
20070408,骨科,27
20070408,口腔科,29
20070408,皮肤科,1
20070410,内科,13
20070410,外科,14
20070410,儿科,15
20070410,妇产科,19
20070410,骨科,24
20070410,口腔科,30
20070410,皮肤科,10
20070412,内科,1
20070412,外科,3
20070412,儿科,9
20070412,妇产科,11
20070412,骨科,26
20070412,口腔科,31
20070412,皮肤科,12
20070415,内科,3
20070415,外科,13
20070415,儿科,16
20070415,妇产科,19
20070415,骨科,32
20070415,口腔科,33
20070415,皮肤科,8
20070417,内科,3
20070417,外科,8
20070417,儿科,10
20070417,妇产科,11
20070417,骨科,14
20070417,口腔科,30
20070417,皮肤科,5
20070419,内科,9
20070419,外科,13
20070419,儿科,20
20070419,妇产科,21
20070419,骨科,24
20070419,口腔科,32
20070419,皮肤科,8
20070422,内科,1
20070422,外科,12
20070422,儿科,18
20070422,妇产科,21
20070422,骨科,28
20070422,口腔科,30
20070422,皮肤科,10
20070424,内科,2
20070424,外科,6
20070424,儿科,7
20070424,妇产科,9
20070424,骨科,19
20070424,口腔科,26
20070424,皮肤科,14
20070426,内科,2
20070426,外科,4
20070426,儿科,16
20070426,妇产科,18
20070426,骨科,23
20070426,口腔科,30
20070426,皮肤科,6
20070429,内科,2
20070429,外科,11
20070429,儿科,12
20070429,妇产科,15
20070429,骨科,17
20070429,口腔科,28
20070429,皮肤科,12
20070501,内科,4
20070501,外科,14
20070501,儿科,18
20070501,妇产科,19
20070501,骨科,31
20070501,口腔科,33
20070501,皮肤科,2
20070503,内科,1
20070503,外科,5
20070503,儿科,8
20070503,妇产科,13
20070503,骨科,18
20070503,口腔科,25
20070503,皮肤科,2
20070506,内科,3
20070506,外科,14
20070506,儿科,16
20070506,妇产科,26
20070506,骨科,27
20070506,口腔科,33
20070506,皮肤科,13
20070508,内科,2
20070508,外科,3
20070508,儿科,7
20070508,妇产科,8
20070508,骨科,26
20070508,口腔科,29
20070508,皮肤科,7
20070510,内科,10
20070510,外科,13
20070510,儿科,16
20070510,妇产科,17
20070510,骨科,18
20070510,口腔科,27
20070510,皮肤科,11
20070513,内科,1
20070513,外科,3
20070513,儿科,16
20070513,妇产科,18
20070513,骨科,23
20070513,口腔科,28
20070513,皮肤科,5
20070515,内科,2
20070515,外科,6
20070515,儿科,11
20070515,妇产科,22
20070515,骨科,28
20070515,口腔科,29
20070515,皮肤科,2
20070517,内科,14
20070517,外科,17
20070517,儿科,21
20070517,妇产科,29
20070517,骨科,31
20070517,口腔科,32
20070517,皮肤科,12
20070520,内科,5
20070520,外科,11
20070520,儿科,18
20070520,妇产科,19
20070520,骨科,20
20070520,口腔科,21
20070520,皮肤科,9
20070522,内科,7
20070522,外科,8
20070522,儿科,10
20070522,妇产科,13
20070522,骨科,25
20070522,口腔科,27
20070522,皮肤科,7
20070524,内科,1
20070524,外科,3
20070524,儿科,4
20070524,妇产科,6
20070524,骨科,7
20070524,口腔科,29
20070524,皮肤科,14
20070527,内科,1
20070527,外科,2
20070527,儿科,8
20070527,妇产科,16
20070527,骨科,19
20070527,口腔科,29
20070527,皮肤科,5
20070529,内科,1
20070529,外科,6
20070529,儿科,7
20070529,妇产科,11
20070529,骨科,20
20070529,口腔科,23
20070529,皮肤科,5
20070531,内科,8
20070531,外科,17
20070531,儿科,20
20070531,妇产科,29
20070531,骨科,30
20070531,口腔科,33
20070531,皮肤科,9
20070603,内科,10
20070603,外科,15
20070603,儿科,17
20070603,妇产科,24
20070603,骨科,26
20070603,口腔科,28
20070603,皮肤科,12
20070605,内科,2
20070605,外科,6
20070605,儿科,9
20070605,妇产科,16
20070605,骨科,21
20070605,口腔科,23
20070605,皮肤科,16
20070607,内科,4
20070607,外科,7
20070607,儿科,19
20070607,妇产科,21
20070607,骨科,25
20070607,口腔科,31
20070607,皮肤科,7
20070610,内科,5
20070610,外科,11
20070610,儿科,16
20070610,妇产科,24
20070610,骨科,32
20070610,口腔科,33
20070610,皮肤科,8
20070612,内科,6
20070612,外科,11
20070612,儿科,13
20070612,妇产科,17
20070612,骨科,21
20070612,口腔科,23
20070612,皮肤科,11
20070614,内科,11
20070614,外科,18
20070614,儿科,19
20070614,妇产科,22
20070614,骨科,23
20070614,口腔科,28
20070614,皮肤科,1
20070617,内科,3
20070617,外科,4
20070617,儿科,11
20070617,妇产科,12
20070617,骨科,14
20070617,口腔科,32
20070617,皮肤科,12
20070619,内科,6
20070619,外科,8
20070619,儿科,15
20070619,妇产科,17
20070619,骨科,18
20070619,口腔科,30
20070619,皮肤科,12
20070621,内科,1
20070621,外科,6
20070621,儿科,14
20070621,妇产科,21
20070621,骨科,30
20070621,口腔科,31
20070621,皮肤科,9
20070624,内科,2
20070624,外科,4
20070624,儿科,8
20070624,妇产科,13
20070624,骨科,14
20070624,口腔科,33
20070624,皮肤科,16
20070626,内科,5
20070626,外科,9
20070626,儿科,11
20070626,妇产科,19
20070626,骨科,28
20070626,口腔科,31
20070626,皮肤科,2
20070628,内科,8
20070628,外科,13
20070628,儿科,15
20070628,妇产科,25
20070628,骨科,27
20070628,口腔科,28
20070628,皮肤科,3
20070701,内科,13
20070701,外科,16
20070701,儿科,17
20070701,妇产科,22
20070701,骨科,30
20070701,口腔科,32
20070701,皮肤科,3
20070703,内科,6
20070703,外科,12
20070703,儿科,15
20070703,妇产科,16
20070703,骨科,20
20070703,口腔科,31
20070703,皮肤科,2
20070705,内科,6
20070705,外科,8
20070705,儿科,14
20070705,妇产科,21
20070705,骨科,28
20070705,口腔科,29
20070705,皮肤科,2
20070708,内科,4
20070708,外科,6
20070708,儿科,7
20070708,妇产科,23
20070708,骨科,25
20070708,口腔科,32
20070708,皮肤科,1
20070710,内科,3
20070710,外科,4
20070710,儿科,14
20070710,妇产科,20
20070710,骨科,21
20070710,口腔科,25
20070710,皮肤科,14
20070712,内科,1
20070712,外科,8
20070712,儿科,16
20070712,妇产科,18
20070712,骨科,19
20070712,口腔科,29
20070712,皮肤科,4
20070715,内科,9
20070715,外科,14
20070715,儿科,15
20070715,妇产科,19
20070715,骨科,24
20070715,口腔科,33
20070715,皮肤科,13
20070717,内科,5
20070717,外科,15
20070717,儿科,17
20070717,妇产科,18
20070717,骨科,25
20070717,口腔科,32
20070717,皮肤科,15
20070719,内科,11
20070719,外科,14
20070719,儿科,18
20070719,妇产科,20
20070719,骨科,21
20070719,口腔科,26
20070719,皮肤科,5
20070722,内科,6
20070722,外科,10
20070722,儿科,12
20070722,妇产科,14
20070722,骨科,20
20070722,口腔科,27
20070722,皮肤科,10
20070724,内科,2
20070724,外科,12
20070724,儿科,17
20070724,妇产科,19
20070724,骨科,29
20070724,口腔科,30
20070724,皮肤科,12
20070726,内科,5
20070726,外科,8
20070726,儿科,14
20070726,妇产科,22
20070726,骨科,27
20070726,口腔科,29
20070726,皮肤科,16
20070729,内科,1
20070729,外科,3
20070729,儿科,4
20070729,妇产科,5
20070729,骨科,8
20070729,口腔科,21
20070729,皮肤科,9
20070731,内科,2
20070731,外科,4
20070731,儿科,10
20070731,妇产科,28
20070731,骨科,29
20070731,口腔科,33
20070731,皮肤科,6
20070802,内科,3
20070802,外科,7
20070802,儿科,8
20070802,妇产科,15
20070802,骨科,19
20070802,口腔科,28
20070802,皮肤科,3
20070805,内科,5
20070805,外科,11
20070805,儿科,13
20070805,妇产科,27
20070805,骨科,30
20070805,口腔科,31
20070805,皮肤科,2
20070807,内科,2
20070807,外科,11
20070807,儿科,17
20070807,妇产科,30
20070807,骨科,31
20070807,口腔科,32
20070807,皮肤科,7
20070809,内科,14
20070809,外科,18
20070809,儿科,22
20070809,妇产科,23
20070809,骨科,24
20070809,口腔科,33
20070809,皮肤科,9
20070812,内科,5
20070812,外科,10
20070812,儿科,13
20070812,妇产科,15
20070812,骨科,19
20070812,口腔科,29
20070812,皮肤科,2
20070814,内科,3
20070814,外科,5
20070814,儿科,18
20070814,妇产科,19
20070814,骨科,24
20070814,口腔科,32
20070814,皮肤科,2
20070816,内科,1
20070816,外科,6
20070816,儿科,8
20070816,妇产科,18
20070816,骨科,29
20070816,口腔科,32
20070816,皮肤科,7
20070819,内科,9
20070819,外科,10
20070819,儿科,20
20070819,妇产科,22
20070819,骨科,30
20070819,口腔科,32
20070819,皮肤科,8
20070821,内科,4
20070821,外科,8
20070821,儿科,13
20070821,妇产科,18
20070821,骨科,26
20070821,口腔科,30
20070821,皮肤科,11
20070823,内科,2
20070823,外科,3
20070823,儿科,5
20070823,妇产科,11
20070823,骨科,19
20070823,口腔科,20
20070823,皮肤科,12
20070826,内科,3
20070826,外科,4
20070826,儿科,14
20070826,妇产科,27
20070826,骨科,31
20070826,口腔科,33
20070826,皮肤科,5
20070828,内科,8
20070828,外科,18
20070828,儿科,27
20070828,妇产科,29
20070828,骨科,30
20070828,口腔科,32
20070828,皮肤科,6
20070830,内科,15
20070830,外科,16
20070830,儿科,18
20070830,妇产科,21
20070830,骨科,22
20070830,口腔科,30
20070830,皮肤科,14
20070902,内科,4
20070902,外科,6
20070902,儿科,8
20070902,妇产科,18
20070902,骨科,20
20070902,口腔科,33
20070902,皮肤科,11
20070904,内科,7
20070904,外科,9
20070904,儿科,25
20070904,妇产科,27
20070904,骨科,30
20070904,口腔科,32
20070904,皮肤科,1
20070906,内科,2
20070906,外科,8
20070906,儿科,12
20070906,妇产科,14
20070906,骨科,20
20070906,口腔科,32
20070906,皮肤科,4
20070909,内科,2
20070909,外科,7
20070909,儿科,10
20070909,妇产科,17
20070909,骨科,23
20070909,口腔科,29
20070909,皮肤科,14
20070911,内科,12
20070911,外科,18
20070911,儿科,21
20070911,妇产科,24
20070911,骨科,25
20070911,口腔科,29
20070911,皮肤科,8
20070913,内科,2
20070913,外科,8
20070913,儿科,9
20070913,妇产科,18
20070913,骨科,24
20070913,口腔科,28
20070913,皮肤科,10
20070916,内科,3
20070916,外科,7
20070916,儿科,12
20070916,妇产科,13
20070916,骨科,20
20070916,口腔科,33
20070916,皮肤科,2
20070918,内科,1
20070918,外科,4
20070918,儿科,7
20070918,妇产科,8
20070918,骨科,13
20070918,口腔科,14
20070918,皮肤科,4
20070920,内科,2
20070920,外科,4
20070920,儿科,7
20070920,妇产科,15
20070920,骨科,24
20070920,口腔科,28
20070920,皮肤科,3
20070923,内科,2
20070923,外科,9
20070923,儿科,10
20070923,妇产科,12
20070923,骨科,13
20070923,口腔科,17
20070923,皮肤科,11
20070925,内科,7
20070925,外科,11
20070925,儿科,14
20070925,妇产科,16
20070925,骨科,25
20070925,口腔科,32
20070925,皮肤科,11
20070927,内科,4
20070927,外科,18
20070927,儿科,23
20070927,妇产科,25
20070927,骨科,26
20070927,口腔科,31
20070927,皮肤科,10
20070930,内科,5
20070930,外科,12
20070930,儿科,15
20070930,妇产科,24
20070930,骨科,27
20070930,口腔科,33
20070930,皮肤科,5
20071002,内科,1
20071002,外科,5
20071002,儿科,10
20071002,妇产科,16
20071002,骨科,20
20071002,口腔科,26
20071002,皮肤科,2
20071004,内科,3
20071004,外科,5
20071004,儿科,7
20071004,妇产科,11
20071004,骨科,17
20071004,口腔科,27
20071004,皮肤科,13
20071007,内科,3
20071007,外科,7
20071007,儿科,9
20071007,妇产科,10
20071007,骨科,26
20071007,口腔科,32
20071007,皮肤科,1
20071009,内科,4
20071009,外科,10
20071009,儿科,16
20071009,妇产科,18
20071009,骨科,25
20071009,口腔科,32
20071009,皮肤科,15
20071011,内科,3
20071011,外科,8
20071011,儿科,11
20071011,妇产科,13
20071011,骨科,25
20071011,口腔科,31
20071011,皮肤科,12
20071014,内科,6
20071014,外科,7
20071014,儿科,11
20071014,妇产科,12
20071014,骨科,18
20071014,口腔科,25
20071014,皮肤科,1
20071016,内科,3
20071016,外科,10
20071016,儿科,21
20071016,妇产科,22
20071016,骨科,27
20071016,口腔科,28
20071016,皮肤科,6
20071018,内科,4
20071018,外科,7
20071018,儿科,19
20071018,妇产科,24
20071018,骨科,26
20071018,口腔科,32
20071018,皮肤科,9
20071021,内科,1
20071021,外科,13
20071021,儿科,15
20071021,妇产科,23
20071021,骨科,28
20071021,口腔科,32
20071021,皮肤科,2
20071023,内科,3
20071023,外科,7
20071023,儿科,13
20071023,妇产科,16
20071023,骨科,19
20071023,口腔科,32
20071023,皮肤科,16
20071025,内科,3
20071025,外科,5
20071025,儿科,18
20071025,妇产科,20
20071025,骨科,27
20071025,口腔科,33
20071025,皮肤科,1
20071028,内科,9
20071028,外科,10
20071028,儿科,19
20071028,妇产科,23
20071028,骨科,26
20071028,口腔科,31
20071028,皮肤科,9
20071030,内科,6
20071030,外科,9
20071030,儿科,13
20071030,妇产科,16
20071030,骨科,24
20071030,口腔科,28
20071030,皮肤科,11
20071101,内科,9
20071101,外科,10
20071101,儿科,19
20071101,妇产科,21
20071101,骨科,27
20071101,口腔科,31
20071101,皮肤科,5
20071104,内科,5
20071104,外科,7
20071104,儿科,20
20071104,妇产科,21
20071104,骨科,22
20071104,口腔科,30
20071104,皮肤科,8
20071106,内科,3
20071106,外科,5
20071106,儿科,9
20071106,妇产科,11
20071106,骨科,27
20071106,口腔科,31
20071106,皮肤科,4
20071108,内科,3
20071108,外科,5
20071108,儿科,7
20071108,妇产科,16
20071108,骨科,22
20071108,口腔科,27
20071108,皮肤科,5
20071111,内科,1
20071111,外科,9
20071111,儿科,16
20071111,妇产科,21
20071111,骨科,22
20071111,口腔科,23
20071111,皮肤科,5
20071113,内科,3
20071113,外科,6
20071113,儿科,7
20071113,妇产科,11
20071113,骨科,13
20071113,口腔科,33
20071113,皮肤科,10
20071115,内科,1
20071115,外科,4
20071115,儿科,10
20071115,妇产科,13
20071115,骨科,18
20071115,口腔科,25
20071115,皮肤科,15
20071118,内科,1
20071118,外科,11
20071118,儿科,16
20071118,妇产科,26
20071118,骨科,31
20071118,口腔科,33
20071118,皮肤科,16
20071120,内科,1
20071120,外科,2
20071120,儿科,18
20071120,妇产科,21
20071120,骨科,25
20071120,口腔科,29
20071120,皮肤科,14
20071122,内科,3
20071122,外科,7
20071122,儿科,8
20071122,妇产科,18
20071122,骨科,20
20071122,口腔科,22
20071122,皮肤科,3
20071125,内科,2
20071125,外科,3
20071125,儿科,15
20071125,妇产科,17
20071125,骨科,19
20071125,口腔科,25
20071125,皮肤科,16
20071127,内科,6
20071127,外科,10
20071127,儿科,12
20071127,妇产科,14
20071127,骨科,16
20071127,口腔科,22
20071127,皮肤科,6
20071129,内科,1
20071129,外科,5
20071129,儿科,16
20071129,妇产科,21
20071129,骨科,22
20071129,口腔科,26
20071129,皮肤科,11
20071202,内科,2
20071202,外科,3
20071202,儿科,4
20071202,妇产科,6
20071202,骨科,17
20071202,口腔科,31
20071202,皮肤科,8
20071204,内科,11
20071204,外科,20
20071204,儿科,25
20071204,妇产科,26
20071204,骨科,27
20071204,口腔科,30
20071204,皮肤科,8
20071206,内科,1
20071206,外科,6
20071206,儿科,22
20071206,妇产科,23
20071206,骨科,24
20071206,口腔科,26
20071206,皮肤科,4
20071209,内科,8
20071209,外科,14
20071209,儿科,23
20071209,妇产科,25
20071209,骨科,28
20071209,口腔科,32
20071209,皮肤科,16
20071211,内科,8
20071211,外科,9
20071211,儿科,11
20071211,妇产科,12
20071211,骨科,25
20071211,口腔科,31
20071211,皮肤科,11
20071213,内科,4
20071213,外科,18
20071213,儿科,22
20071213,妇产科,24
20071213,骨科,26
20071213,口腔科,30
20071213,皮肤科,9
20071216,内科,3
20071216,外科,7
20071216,儿科,18
20071216,妇产科,24
20071216,骨科,26
20071216,口腔科,27
20071216,皮肤科,4
20071218,内科,3
20071218,外科,9
20071218,儿科,16
20071218,妇产科,17
20071218,骨科,23
20071218,口腔科,28
20071218,皮肤科,7
20071220,内科,1
20071220,外科,17
20071220,儿科,19
20071220,妇产科,22
20071220,骨科,28
20071220,口腔科,30
20071220,皮肤科,3
20071223,内科,3
20071223,外科,5
20071223,儿科,11
20071223,妇产科,13
20071223,骨科,19
20071223,口腔科,24
20071223,皮肤科,5
20071225,内科,1
20071225,外科,6
20071225,儿科,10
20071225,妇产科,11
20071225,骨科,23
20071225,口腔科,25
20071225,皮肤科,2
20071227,内科,11
20071227,外科,17
20071227,儿科,21
20071227,妇产科,29
20071227,骨科,30
20071227,口腔科,33
20071227,皮肤科,8
20071230,内科,1
20071230,外科,4
20071230,儿科,19
20071230,妇产科,20
20071230,骨科,25
20071230,口腔科,31
20071230,皮肤科,15
20080101,内科,2
20080101,外科,4
20080101,儿科,7
20080101,妇产科,9
20080101,骨科,14
20080101,口腔科,29
20080101,皮肤科,3
20080103,内科,3
20080103,外科,4
20080103,儿科,18
20080103,妇产科,22
20080103,骨科,25
20080103,口腔科,29
20080103,皮肤科,9
20080106,内科,6
20080106,外科,8
20080106,儿科,11
20080106,妇产科,13
20080106,骨科,17
20080106,口腔科,19
20080106,皮肤科,12
20080108,内科,4
20080108,外科,8
20080108,儿科,22
20080108,妇产科,23
20080108,骨科,27
20080108,口腔科,29
20080108,皮肤科,8
20080110,内科,3
20080110,外科,5
20080110,儿科,15
20080110,妇产科,22
20080110,骨科,24
20080110,口腔科,25
20080110,皮肤科,15
20080113,内科,1
20080113,外科,14
20080113,儿科,16
20080113,妇产科,18
20080113,骨科,22
20080113,口腔科,27
20080113,皮肤科,14
20080115,内科,1
20080115,外科,13
20080115,儿科,17
20080115,妇产科,22
20080115,骨科,23
20080115,口腔科,30
20080115,皮肤科,11
20080117,内科,2
20080117,外科,15
20080117,儿科,16
20080117,妇产科,23
20080117,骨科,26
20080117,口腔科,27
20080117,皮肤科,7
20080120,内科,9
20080120,外科,21
20080120,儿科,29
20080120,妇产科,30
20080120,骨科,31
20080120,口腔科,32
20080120,皮肤科,16
20080122,内科,3
20080122,外科,8
20080122,儿科,11
20080122,妇产科,17
20080122,骨科,21
20080122,口腔科,27
20080122,皮肤科,9
20080124,内科,2
20080124,外科,14
20080124,儿科,17
20080124,妇产科,21
20080124,骨科,30
20080124,口腔科,32
20080124,皮肤科,3
20080127,内科,3
20080127,外科,4
20080127,儿科,5
20080127,妇产科,16
20080127,骨科,20
20080127,口腔科,30
20080127,皮肤科,13
20080129,内科,2
20080129,外科,8
20080129,儿科,15
20080129,妇产科,16
20080129,骨科,22
20080129,口腔科,28
20080129,皮肤科,10
20080131,内科,3
20080131,外科,9
20080131,儿科,11
20080131,妇产科,17
20080131,骨科,21
20080131,口腔科,31
20080131,皮肤科,14
20080203,内科,6
20080203,外科,8
20080203,儿科,11
20080203,妇产科,16
20080203,骨科,29
20080203,口腔科,33
20080203,皮肤科,3
20080205,内科,3
20080205,外科,12
20080205,儿科,14
20080205,妇产科,21
20080205,骨科,29
20080205,口腔科,33
20080205,皮肤科,13
20080214,内科,2
20080214,外科,5
20080214,儿科,7
20080214,妇产科,17
20080214,骨科,20
20080214,口腔科,22
20080214,皮肤科,2
20080217,内科,2
20080217,外科,5
20080217,儿科,6
20080217,妇产科,23
20080217,骨科,26
20080217,口腔科,33
20080217,皮肤科,13
20080219,内科,2
20080219,外科,9
20080219,儿科,11
20080219,妇产科,17
20080219,骨科,27
20080219,口腔科,31
20080219,皮肤科,5
20080221,内科,3
20080221,外科,10
20080221,儿科,13
20080221,妇产科,15
20080221,骨科,28
20080221,口腔科,30
20080221,皮肤科,3
20080224,内科,9
20080224,外科,12
20080224,儿科,19
20080224,妇产科,20
20080224,骨科,26
20080224,口腔科,28
20080224,皮肤科,15
20080226,内科,12
20080226,外科,18
20080226,儿科,20
20080226,妇产科,24
20080226,骨科,28
20080226,口腔科,32
20080226,皮肤科,5
20080228,内科,8
20080228,外科,16
20080228,儿科,18
20080228,妇产科,25
20080228,骨科,26
20080228,口腔科,32
20080228,皮肤科,2
20080302,内科,11
20080302,外科,20
20080302,儿科,21
20080302,妇产科,26
20080302,骨科,28
20080302,口腔科,30
20080302,皮肤科,13
20080304,内科,8
20080304,外科,16
20080304,儿科,17
20080304,妇产科,18
20080304,骨科,19
20080304,口腔科,21
20080304,皮肤科,14
20080306,内科,5
20080306,外科,17
20080306,儿科,19
20080306,妇产科,27
20080306,骨科,29
20080306,口腔科,32
20080306,皮肤科,3
20080309,内科,15
20080309,外科,18
20080309,儿科,19
20080309,妇产科,23
20080309,骨科,24
20080309,口腔科,26
20080309,皮肤科,13
20080311,内科,1
20080311,外科,13
20080311,儿科,21
20080311,妇产科,26
20080311,骨科,29
20080311,口腔科,32
20080311,皮肤科,10
20080313,内科,1
20080313,外科,9
20080313,儿科,14
20080313,妇产科,22
20080313,骨科,29
20080313,口腔科,32
20080313,皮肤科,12
20080316,内科,6
20080316,外科,15
20080316,儿科,18
20080316,妇产科,19
20080316,骨科,20
20080316,口腔科,28
20080316,皮肤科,11
20080318,内科,3
20080318,外科,6
20080318,儿科,11
20080318,妇产科,15
20080318,骨科,21
20080318,口腔科,31
20080318,皮肤科,13
20080320,内科,5
20080320,外科,14
20080320,儿科,16
20080320,妇产科,21
20080320,骨科,23
20080320,口腔科,28
20080320,皮肤科,13
20080323,内科,12
20080323,外科,17
20080323,儿科,18
20080323,妇产科,30
20080323,骨科,31
20080323,口腔科,33
20080323,皮肤科,4
20080325,内科,3
20080325,外科,5
20080325,儿科,9
20080325,妇产科,11
20080325,骨科,21
20080325,口腔科,29
20080325,皮肤科,9
20080327,内科,7
20080327,外科,11
20080327,儿科,14
20080327,妇产科,17
20080327,骨科,18
20080327,口腔科,29
20080327,皮肤科,16
20080330,内科,2
20080330,外科,6
20080330,儿科,13
20080330,妇产科,18
20080330,骨科,23
20080330,口腔科,28
20080330,皮肤科,16
20080401,内科,1
20080401,外科,12
20080401,儿科,22
20080401,妇产科,24
20080401,骨科,28
20080401,口腔科,31
20080401,皮肤科,6
20080403,内科,3
20080403,外科,9
20080403,儿科,10
20080403,妇产科,11
20080403,骨科,15
20080403,口腔科,19
20080403,皮肤科,13
20080406,内科,1
20080406,外科,7
20080406,儿科,10
20080406,妇产科,13
20080406,骨科,22
20080406,口腔科,29
20080406,皮肤科,1
20080408,内科,6
20080408,外科,13
20080408,儿科,22
20080408,妇产科,25
20080408,骨科,27
20080408,口腔科,28
20080408,皮肤科,9
20080410,内科,8
20080410,外科,11
20080410,儿科,20
20080410,妇产科,22
20080410,骨科,23
20080410,口腔科,27
20080410,皮肤科,4
20080413,内科,3
20080413,外科,4
20080413,儿科,9
20080413,妇产科,11
20080413,骨科,12
20080413,口腔科,24
20080413,皮肤科,1
20080415,内科,3
20080415,外科,10
20080415,儿科,16
20080415,妇产科,22
20080415,骨科,27
20080415,口腔科,33
20080415,皮肤科,14
20080417,内科,5
20080417,外科,7
20080417,儿科,9
20080417,妇产科,20
20080417,骨科,26
20080417,口腔科,29
20080417,皮肤科,9
20080420,内科,1
20080420,外科,10
20080420,儿科,13
20080420,妇产科,21
20080420,骨科,29
20080420,口腔科,32
20080420,皮肤科,4
20080422,内科,15
20080422,外科,16
20080422,儿科,18
20080422,妇产科,24
20080422,骨科,28
20080422,口腔科,33
20080422,皮肤科,15
20080424,内科,9
20080424,外科,12
20080424,儿科,13
20080424,妇产科,14
20080424,骨科,20
20080424,口腔科,22
20080424,皮肤科,10
20080427,内科,11
20080427,外科,18
20080427,儿科,21
20080427,妇产科,27
20080427,骨科,30
20080427,口腔科,32
20080427,皮肤科,1
20080429,内科,3
20080429,外科,10
20080429,儿科,12
20080429,妇产科,13
20080429,骨科,19
20080429,口腔科,25
20080429,皮肤科,4
20080501,内科,1
20080501,外科,11
20080501,儿科,19
20080501,妇产科,24
20080501,骨科,26
20080501,口腔科,27
20080501,皮肤科,3
20080504,内科,1
20080504,外科,4
20080504,儿科,8
20080504,妇产科,10
20080504,骨科,13
20080504,口腔科,33
20080504,皮肤科,11
20080506,内科,2
20080506,外科,10
20080506,儿科,17
20080506,妇产科,23
20080506,骨科,29
20080506,口腔科,31
20080506,皮肤科,10
20080508,内科,6
20080508,外科,12
20080508,儿科,19
20080508,妇产科,20
20080508,骨科,21
20080508,口腔科,27
20080508,皮肤科,4
20080511,内科,2
20080511,外科,6
20080511,儿科,16
20080511,妇产科,17
20080511,骨科,20
20080511,口腔科,25
20080511,皮肤科,7
20080513,内科,11
20080513,外科,16
20080513,儿科,19
20080513,妇产科,23
20080513,骨科,26
20080513,口腔科,31
20080513,皮肤科,4
20080515,内科,8
20080515,外科,13
20080515,儿科,22
20080515,妇产科,23
20080515,骨科,25
20080515,口腔科,30
20080515,皮肤科,7
20080518,内科,19
20080518,外科,20
20080518,儿科,21
20080518,妇产科,26
20080518,骨科,28
20080518,口腔科,30
20080518,皮肤科,8
20080520,内科,1
20080520,外科,12
20080520,儿科,21
20080520,妇产科,27
20080520,骨科,29
20080520,口腔科,31
20080520,皮肤科,11
20080522,内科,2
20080522,外科,6
20080522,儿科,15
20080522,妇产科,29
20080522,骨科,31
20080522,口腔科,32
20080522,皮肤科,16
20080525,内科,6
20080525,外科,7
20080525,儿科,8
20080525,妇产科,17
20080525,骨科,30
20080525,口腔科,32
20080525,皮肤科,3
20080527,内科,1
20080527,外科,2
20080527,儿科,5
20080527,妇产科,12
20080527,骨科,26
20080527,口腔科,31
20080527,皮肤科,6
20080529,内科,6
20080529,外科,8
20080529,儿科,13
20080529,妇产科,17
20080529,骨科,24
20080529,口腔科,27
20080529,皮肤科,15
20080601,内科,5
20080601,外科,9
20080601,儿科,11
20080601,妇产科,14
20080601,骨科,16
20080601,口腔科,17
20080601,皮肤科,15
20080603,内科,1
20080603,外科,2
20080603,儿科,7
20080603,妇产科,9
20080603,骨科,12
20080603,口腔科,18
20080603,皮肤科,12
20080605,内科,5
20080605,外科,13
20080605,儿科,15
20080605,妇产科,19
20080605,骨科,30
20080605,口腔科,31
20080605,皮肤科,5
20080608,内科,7
20080608,外科,12
20080608,儿科,21
20080608,妇产科,22
20080608,骨科,29
20080608,口腔科,30
20080608,皮肤科,8
20080610,内科,10
20080610,外科,11
20080610,儿科,15
20080610,妇产科,19
20080610,骨科,26
20080610,口腔科,33
20080610,皮肤科,13
20080612,内科,5
20080612,外科,7
20080612,儿科,17
20080612,妇产科,23
20080612,骨科,27
20080612,口腔科,29
20080612,皮肤科,7
20080615,内科,5
20080615,外科,8
20080615,儿科,17
20080615,妇产科,20
20080615,骨科,26
20080615,口腔科,30
20080615,皮肤科,10
20080617,内科,5
20080617,外科,6
20080617,儿科,12
20080617,妇产科,15
20080617,骨科,18
20080617,口腔科,33
20080617,皮肤科,13
20080619,内科,1
20080619,外科,6
20080619,儿科,21
20080619,妇产科,26
20080619,骨科,27
20080619,口腔科,28
20080619,皮肤科,9
20080622,内科,1
20080622,外科,5
20080622,儿科,10
20080622,妇产科,18
20080622,骨科,22
20080622,口腔科,30
20080622,皮肤科,9
20080624,内科,1
20080624,外科,9
20080624,儿科,13
20080624,妇产科,22
20080624,骨科,28
20080624,口腔科,33
20080624,皮肤科,8
20080626,内科,1
20080626,外科,11
20080626,儿科,15
20080626,妇产科,19
20080626,骨科,20
20080626,口腔科,24
20080626,皮肤科,9
20080629,内科,1
20080629,外科,8
20080629,儿科,14
20080629,妇产科,18
20080629,骨科,22
20080629,口腔科,30
20080629,皮肤科,3
20080701,内科,2
20080701,外科,5
20080701,儿科,7
20080701,妇产科,11
20080701,骨科,13
20080701,口腔科,18
20080701,皮肤科,11
20080703,内科,4
20080703,外科,12
20080703,儿科,22
20080703,妇产科,26
20080703,骨科,30
20080703,口腔科,33
20080703,皮肤科,9
20080706,内科,6
20080706,外科,13
20080706,儿科,16
20080706,妇产科,26
20080706,骨科,30
20080706,口腔科,33
20080706,皮肤科,1
20080708,内科,3
20080708,外科,4
20080708,儿科,5
20080708,妇产科,10
20080708,骨科,20
20080708,口腔科,32
20080708,皮肤科,9
20080710,内科,4
20080710,外科,14
20080710,儿科,22
20080710,妇产科,25
20080710,骨科,29
20080710,口腔科,32
20080710,皮肤科,14
20080713,内科,2
20080713,外科,12
20080713,儿科,13
20080713,妇产科,18
20080713,骨科,25
20080713,口腔科,31
20080713,皮肤科,4
20080715,内科,4
20080715,外科,8
20080715,儿科,10
20080715,妇产科,12
20080715,骨科,21
20080715,口腔科,26
20080715,皮肤科,9
20080717,内科,7
20080717,外科,8
20080717,儿科,9
20080717,妇产科,18
20080717,骨科,29
20080717,口腔科,32
20080717,皮肤科,9
20080720,内科,4
20080720,外科,7
20080720,儿科,13
20080720,妇产科,20
20080720,骨科,29
20080720,口腔科,30
20080720,皮肤科,16
20080722,内科,1
20080722,外科,4
20080722,儿科,12
20080722,妇产科,20
20080722,骨科,24
20080722,口腔科,29
20080722,皮肤科,15
20080724,内科,4
20080724,外科,5
20080724,儿科,10
20080724,妇产科,26
20080724,骨科,27
20080724,口腔科,30
20080724,皮肤科,12
20080727,内科,1
20080727,外科,7
20080727,儿科,26
20080727,妇产科,29
20080727,骨科,30
20080727,口腔科,31
20080727,皮肤科,6
20080729,内科,1
20080729,外科,6
20080729,儿科,8
20080729,妇产科,16
20080729,骨科,17
20080729,口腔科,23
20080729,皮肤科,5
20080731,内科,3
20080731,外科,6
20080731,儿科,11
20080731,妇产科,16
20080731,骨科,22
20080731,口腔科,27
20080731,皮肤科,11
20080803,内科,2
20080803,外科,7
20080803,儿科,14
20080803,妇产科,18
20080803,骨科,19
20080803,口腔科,24
20080803,皮肤科,1
20080805,内科,3
20080805,外科,12
20080805,儿科,14
20080805,妇产科,23
20080805,骨科,31
20080805,口腔科,32
20080805,皮肤科,10
20080807,内科,1
20080807,外科,3
20080807,儿科,18
20080807,妇产科,27
20080807,骨科,28
20080807,口腔科,30
20080807,皮肤科,5
20080810,内科,4
20080810,外科,10
20080810,儿科,12
20080810,妇产科,16
20080810,骨科,26
20080810,口腔科,28
20080810,皮肤科,7
20080812,内科,1
20080812,外科,4
20080812,儿科,15
20080812,妇产科,16
20080812,骨科,23
20080812,口腔科,28
20080812,皮肤科,14
20080814,内科,3
20080814,外科,8
20080814,儿科,14
20080814,妇产科,21
20080814,骨科,28
20080814,口腔科,29
20080814,皮肤科,3
20080817,内科,6
20080817,外科,8
20080817,儿科,12
20080817,妇产科,24
20080817,骨科,27
20080817,口腔科,31
20080817,皮肤科,14
20080819,内科,3
20080819,外科,6
20080819,儿科,8
20080819,妇产科,9
20080819,骨科,16
20080819,口腔科,17
20080819,皮肤科,13
20080821,内科,6
20080821,外科,7
20080821,儿科,10
20080821,妇产科,11
20080821,骨科,15
20080821,口腔科,30
20080821,皮肤科,1
20080824,内科,10
20080824,外科,15
20080824,儿科,16
20080824,妇产科,22
20080824,骨科,23
20080824,口腔科,24
20080824,皮肤科,7
20080826,内科,8
20080826,外科,14
20080826,儿科,17
20080826,妇产科,21
20080826,骨科,27
20080826,口腔科,28
20080826,皮肤科,14
20080828,内科,9
20080828,外科,17
20080828,儿科,21
20080828,妇产科,26
20080828,骨科,28
20080828,口腔科,30
20080828,皮肤科,4
20080831,内科,3
20080831,外科,7
20080831,儿科,12
20080831,妇产科,21
20080831,骨科,25
20080831,口腔科,32
20080831,皮肤科,5
20080902,内科,1
20080902,外科,12
20080902,儿科,16
20080902,妇产科,18
20080902,骨科,22
20080902,口腔科,33
20080902,皮肤科,4
20080904,内科,3
20080904,外科,6
20080904,儿科,8
20080904,妇产科,17
20080904,骨科,24
20080904,口腔科,31
20080904,皮肤科,1
20080907,内科,5
20080907,外科,17
20080907,儿科,19
20080907,妇产科,27
20080907,骨科,28
20080907,口腔科,32
20080907,皮肤科,2
20080909,内科,14
20080909,外科,19
20080909,儿科,25
20080909,妇产科,27
20080909,骨科,29
20080909,口腔科,30
20080909,皮肤科,15
20080911,内科,6
20080911,外科,13
20080911,儿科,18
20080911,妇产科,22
20080911,骨科,27
20080911,口腔科,32
20080911,皮肤科,4
20080914,内科,9
20080914,外科,10
20080914,儿科,15
20080914,妇产科,17
20080914,骨科,23
20080914,口腔科,30
20080914,皮肤科,12
20080916,内科,4
20080916,外科,7
20080916,儿科,9
20080916,妇产科,16
20080916,骨科,21
20080916,口腔科,28
20080916,皮肤科,10
20080918,内科,10
20080918,外科,16
20080918,儿科,22
20080918,妇产科,23
20080918,骨科,29
20080918,口腔科,31
20080918,皮肤科,2
20080921,内科,17
20080921,外科,18
20080921,儿科,21
20080921,妇产科,25
20080921,骨科,31
20080921,口腔科,32
20080921,皮肤科,6
20080923,内科,5
20080923,外科,13
20080923,儿科,14
20080923,妇产科,19
20080923,骨科,22
20080923,口腔科,23
20080923,皮肤科,6
20080925,内科,6
20080925,外科,9
20080925,儿科,10
20080925,妇产科,12
20080925,骨科,17
20080925,口腔科,22
20080925,皮肤科,9
20080928,内科,4
20080928,外科,9
20080928,儿科,20
20080928,妇产科,24
20080928,骨科,25
20080928,口腔科,31
20080928,皮肤科,14
20080930,内科,2
20080930,外科,12
20080930,儿科,13
20080930,妇产科,14
20080930,骨科,17
20080930,口腔科,18
20080930,皮肤科,6
20081002,内科,3
20081002,外科,7
20081002,儿科,21
20081002,妇产科,22
20081002,骨科,24
20081002,口腔科,29
20081002,皮肤科,14
20081005,内科,3
20081005,外科,5
20081005,儿科,7
20081005,妇产科,10
20081005,骨科,14
20081005,口腔科,33
20081005,皮肤科,7
20081007,内科,4
20081007,外科,9
20081007,儿科,16
20081007,妇产科,27
20081007,骨科,31
20081007,口腔科,33
20081007,皮肤科,1
20081009,内科,5
20081009,外科,7
20081009,儿科,9
20081009,妇产科,15
20081009,骨科,24
20081009,口腔科,29
20081009,皮肤科,7
20081012,内科,10
20081012,外科,11
20081012,儿科,22
20081012,妇产科,24
20081012,骨科,26
20081012,口腔科,33
20081012,皮肤科,2
20081014,内科,2
20081014,外科,22
20081014,儿科,23
20081014,妇产科,27
20081014,骨科,31
20081014,口腔科,32
20081014,皮肤科,6
20081016,内科,2
20081016,外科,8
20081016,儿科,11
20081016,妇产科,14
20081016,骨科,19
20081016,口腔科,26
20081016,皮肤科,15
20081019,内科,10
20081019,外科,11
20081019,儿科,15
20081019,妇产科,16
20081019,骨科,25
20081019,口腔科,29
20081019,皮肤科,2
20081021,内科,1
20081021,外科,7
20081021,儿科,10
20081021,妇产科,13
20081021,骨科,21
20081021,口腔科,22
20081021,皮肤科,3
20081023,内科,10
20081023,外科,11
20081023,儿科,12
20081023,妇产科,15
20081023,骨科,26
20081023,口腔科,29
20081023,皮肤科,9
20081026,内科,4
20081026,外科,11
20081026,儿科,12
20081026,妇产科,14
20081026,骨科,20
20081026,口腔科,30
20081026,皮肤科,13
20081028,内科,5
20081028,外科,8
20081028,儿科,19
20081028,妇产科,22
20081028,骨科,27
20081028,口腔科,30
20081028,皮肤科,13
20081030,内科,1
20081030,外科,5
20081030,儿科,19
20081030,妇产科,20
20081030,骨科,27
20081030,口腔科,33
20081030,皮肤科,5
20081102,内科,1
20081102,外科,3
20081102,儿科,18
20081102,妇产科,24
20081102,骨科,25
20081102,口腔科,32
20081102,皮肤科,15
20081104,内科,1
20081104,外科,12
20081104,儿科,18
20081104,妇产科,28
20081104,骨科,30
20081104,口腔科,32
20081104,皮肤科,6
20081106,内科,2
20081106,外科,12
20081106,儿科,15
20081106,妇产科,18
20081106,骨科,22
20081106,口腔科,32
20081106,皮肤科,8
20081109,内科,9
20081109,外科,13
20081109,儿科,16
20081109,妇产科,25
20081109,骨科,27
20081109,口腔科,33
20081109,皮肤科,8
20081111,内科,8
20081111,外科,11
20081111,儿科,16
20081111,妇产科,19
20081111,骨科,24
20081111,口腔科,26
20081111,皮肤科,11
20081113,内科,10
20081113,外科,15
20081113,儿科,19
20081113,妇产科,20
20081113,骨科,28
20081113,口腔科,32
20081113,皮肤科,2
20081116,内科,5
20081116,外科,14
20081116,儿科,15
20081116,妇产科,16
20081116,骨科,19
20081116,口腔科,21
20081116,皮肤科,15
20081118,内科,5
20081118,外科,9
20081118,儿科,10
20081118,妇产科,12
20081118,骨科,18
20081118,口腔科,28
20081118,皮肤科,2
20081120,内科,1
20081120,外科,4
20081120,儿科,24
20081120,妇产科,28
20081120,骨科,29
20081120,口腔科,33
20081120,皮肤科,9
20081123,内科,7
20081123,外科,14
20081123,儿科,19
20081123,妇产科,23
20081123,骨科,25
20081123,口腔科,32
20081123,皮肤科,4
20081125,内科,8
20081125,外科,9
20081125,儿科,19
20081125,妇产科,23
20081125,骨科,25
20081125,口腔科,26
20081125,皮肤科,7
20081127,内科,7
20081127,外科,14
20081127,儿科,16
20081127,妇产科,29
20081127,骨科,30
20081127,口腔科,31
20081127,皮肤科,14
20081130,内科,3
20081130,外科,13
20081130,儿科,20
20081130,妇产科,25
20081130,骨科,29
20081130,口腔科,33
20081130,皮肤科,15
20081202,内科,5
20081202,外科,6
20081202,儿科,10
20081202,妇产科,13
20081202,骨科,17
20081202,口腔科,28
20081202,皮肤科,15
20081204,内科,12
20081204,外科,17
20081204,儿科,18
20081204,妇产科,19
20081204,骨科,26
20081204,口腔科,27
20081204,皮肤科,6
20081207,内科,2
20081207,外科,5
20081207,儿科,10
20081207,妇产科,27
20081207,骨科,29
20081207,口腔科,33
20081207,皮肤科,15
20081209,内科,7
20081209,外科,13
20081209,儿科,18
20081209,妇产科,22
20081209,骨科,26
20081209,口腔科,29
20081209,皮肤科,2
20081211,内科,7
20081211,外科,8
20081211,儿科,17
20081211,妇产科,19
20081211,骨科,31
20081211,口腔科,32
20081211,皮肤科,10
20081214,内科,7
20081214,外科,8
20081214,儿科,14
20081214,妇产科,22
20081214,骨科,26
20081214,口腔科,33
20081214,皮肤科,2
20081216,内科,3
20081216,外科,5
20081216,儿科,9
20081216,妇产科,22
20081216,骨科,26
20081216,口腔科,28
20081216,皮肤科,9
20081218,内科,10
20081218,外科,14
20081218,儿科,22
20081218,妇产科,28
20081218,骨科,29
20081218,口腔科,33
20081218,皮肤科,2
20081221,内科,4
20081221,外科,19
20081221,儿科,22
20081221,妇产科,24
20081221,骨科,29
20081221,口腔科,32
20081221,皮肤科,2
20081223,内科,6
20081223,外科,8
20081223,儿科,10
20081223,妇产科,14
20081223,骨科,17
20081223,口腔科,19
20081223,皮肤科,6
20081225,内科,1
20081225,外科,4
20081225,儿科,6
20081225,妇产科,22
20081225,骨科,26
20081225,口腔科,30
20081225,皮肤科,8
20081228,内科,1
20081228,外科,4
20081228,儿科,18
20081228,妇产科,21
20081228,骨科,24
20081228,口腔科,30
20081228,皮肤科,16
20081230,内科,2
20081230,外科,5
20081230,儿科,7
20081230,妇产科,21
20081230,骨科,22
20081230,口腔科,26
20081230,皮肤科,8
20090101,内科,4
20090101,外科,21
20090101,儿科,23
20090101,妇产科,24
20090101,骨科,30
20090101,口腔科,31
20090101,皮肤科,4
20090104,内科,10
20090104,外科,14
20090104,儿科,17
20090104,妇产科,25
20090104,骨科,29
20090104,口腔科,33
20090104,皮肤科,14
20090106,内科,2
20090106,外科,3
20090106,儿科,6
20090106,妇产科,15
20090106,骨科,25
20090106,口腔科,30
20090106,皮肤科,2
20090108,内科,3
20090108,外科,11
20090108,儿科,13
20090108,妇产科,17
20090108,骨科,28
20090108,口腔科,31
20090108,皮肤科,3
20090111,内科,1
20090111,外科,3
20090111,儿科,8
20090111,妇产科,15
20090111,骨科,17
20090111,口腔科,21
20090111,皮肤科,13
20090113,内科,6
20090113,外科,12
20090113,儿科,18
20090113,妇产科,20
20090113,骨科,26
20090113,口腔科,33
20090113,皮肤科,2
20090115,内科,1
20090115,外科,5
20090115,儿科,12
20090115,妇产科,23
20090115,骨科,25
20090115,口腔科,26
20090115,皮肤科,15
20090118,内科,4
20090118,外科,15
20090118,儿科,16
20090118,妇产科,22
20090118,骨科,32
20090118,口腔科,33
20090118,皮肤科,2
20090120,内科,8
20090120,外科,15
20090120,儿科,21
20090120,妇产科,30
20090120,骨科,31
20090120,口腔科,33
20090120,皮肤科,2
20090122,内科,3
20090122,外科,10
20090122,儿科,17
20090122,妇产科,19
20090122,骨科,20
20090122,口腔科,24
20090122,皮肤科,2
20090201,内科,2
20090201,外科,4
20090201,儿科,13
20090201,妇产科,14
20090201,骨科,18
20090201,口腔科,23
20090201,皮肤科,15
20090203,内科,5
20090203,外科,11
20090203,儿科,14
20090203,妇产科,17
20090203,骨科,18
20090203,口腔科,28
20090203,皮肤科,1
20090205,内科,4
20090205,外科,8
20090205,儿科,9
20090205,妇产科,21
20090205,骨科,26
20090205,口腔科,27
20090205,皮肤科,9
20090208,内科,3
20090208,外科,6
20090208,儿科,9
20090208,妇产科,14
20090208,骨科,15
20090208,口腔科,18
20090208,皮肤科,2
20090210,内科,2
20090210,外科,4
20090210,儿科,6
20090210,妇产科,15
20090210,骨科,17
20090210,口腔科,32
20090210,皮肤科,5
20090212,内科,2
20090212,外科,7
20090212,儿科,13
20090212,妇产科,16
20090212,骨科,20
20090212,口腔科,33
20090212,皮肤科,3
20090215,内科,6
20090215,外科,14
20090215,儿科,15
20090215,妇产科,19
20090215,骨科,25
20090215,口腔科,26
20090215,皮肤科,8
20090217,内科,2
20090217,外科,5
20090217,儿科,6
20090217,妇产科,19
20090217,骨科,27
20090217,口腔科,30
20090217,皮肤科,15
20090219,内科,6
20090219,外科,17
20090219,儿科,19
20090219,妇产科,20
20090219,骨科,26
20090219,口腔科,27
20090219,皮肤科,4
20090222,内科,3
20090222,外科,5
20090222,儿科,7
20090222,妇产科,10
20090222,骨科,19
20090222,口腔科,23
20090222,皮肤科,13
20090224,内科,1
20090224,外科,4
20090224,儿科,5
20090224,妇产科,17
20090224,骨科,24
20090224,口腔科,27
20090224,皮肤科,9
20090226,内科,5
20090226,外科,8
20090226,儿科,9
20090226,妇产科,10
20090226,骨科,11
20090226,口腔科,18
20090226,皮肤科,8
20090301,内科,1
20090301,外科,6
20090301,儿科,7
20090301,妇产科,15
20090301,骨科,24
20090301,口腔科,30
20090301,皮肤科,8
20090303,内科,1
20090303,外科,3
20090303,儿科,17
20090303,妇产科,23
20090303,骨科,30
20090303,口腔科,33
20090303,皮肤科,12
20090305,内科,10
20090305,外科,20
20090305,儿科,22
20090305,妇产科,23
20090305,骨科,26
20090305,口腔科,33
20090305,皮肤科,11
20090308,内科,11
20090308,外科,15
20090308,儿科,17
20090308,妇产科,18
20090308,骨科,20
20090308,口腔科,30
20090308,皮肤科,16
20090310,内科,2
20090310,外科,7
20090310,儿科,11
20090310,妇产科,16
20090310,骨科,27
20090310,口腔科,32
20090310,皮肤科,6
20090312,内科,3
20090312,外科,6
20090312,儿科,12
20090312,妇产科,15
20090312,骨科,23
20090312,口腔科,26
20090312,皮肤科,10
20090315,内科,12
20090315,外科,13
20090315,儿科,15
20090315,妇产科,22
20090315,骨科,23
20090315,口腔科,29
20090315,皮肤科,13
20090317,内科,8
20090317,外科,14
20090317,儿科,24
20090317,妇产科,26
20090317,骨科,28
20090317,口腔科,32
20090317,皮肤科,7
20090319,内科,1
20090319,外科,2
20090319,儿科,3
20090319,妇产科,15
20090319,骨科,30
20090319,口腔科,33
20090319,皮肤科,1
20090322,内科,9
20090322,外科,11
20090322,儿科,12
20090322,妇产科,19
20090322,骨科,27
20090322,口腔科,32
20090322,皮肤科,6
20090324,内科,7
20090324,外科,8
20090324,儿科,13
20090324,妇产科,14
20090324,骨科,29
20090324,口腔科,30
20090324,皮肤科,6
20090326,内科,9
20090326,外科,12
20090326,儿科,18
20090326,妇产科,21
20090326,骨科,22
20090326,口腔科,26
20090326,皮肤科,7
20090329,内科,6
20090329,外科,15
20090329,儿科,21
20090329,妇产科,26
20090329,骨科,29
20090329,口腔科,31
20090329,皮肤科,5
20090331,内科,6
20090331,外科,9
20090331,儿科,18
20090331,妇产科,23
20090331,骨科,32
20090331,口腔科,33
20090331,皮肤科,7
20090402,内科,2
20090402,外科,6
20090402,儿科,15
20090402,妇产科,18
20090402,骨科,20
20090402,口腔科,31
20090402,皮肤科,3
20090405,内科,12
20090405,外科,13
20090405,儿科,15
20090405,妇产科,23
20090405,骨科,28
20090405,口腔科,32
20090405,皮肤科,5
20090407,内科,5
20090407,外科,12
20090407,儿科,14
20090407,妇产科,15
20090407,骨科,21
20090407,口腔科,27
20090407,皮肤科,3
20090409,内科,4
20090409,外科,7
20090409,儿科,10
20090409,妇产科,20
20090409,骨科,26
20090409,口腔科,30
20090409,皮肤科,12
20090412,内科,1
20090412,外科,8
20090412,儿科,23
20090412,妇产科,26
20090412,骨科,28
20090412,口腔科,33
20090412,皮肤科,8
20090414,内科,8
20090414,外科,16
20090414,儿科,22
20090414,妇产科,23
20090414,骨科,27
20090414,口腔科,30
20090414,皮肤科,11
20090416,内科,4
20090416,外科,9
20090416,儿科,10
20090416,妇产科,15
20090416,骨科,18
20090416,口腔科,26
20090416,皮肤科,7
20090419,内科,11
20090419,外科,14
20090419,儿科,16
20090419,妇产科,18
20090419,骨科,26
20090419,口腔科,30
20090419,皮肤科,1
20090421,内科,3
20090421,外科,4
20090421,儿科,6
20090421,妇产科,23
20090421,骨科,30
20090421,口腔科,32
20090421,皮肤科,1
20090423,内科,16
20090423,外科,20
20090423,儿科,21
20090423,妇产科,26
20090423,骨科,29
20090423,口腔科,30
20090423,皮肤科,9
20090426,内科,6
20090426,外科,8
20090426,儿科,11
20090426,妇产科,15
20090426,骨科,21
20090426,口腔科,22
20090426,皮肤科,16
20090428,内科,3
20090428,外科,7
20090428,儿科,11
20090428,妇产科,15
20090428,骨科,17
20090428,口腔科,31
20090428,皮肤科,1
20090430,内科,9
20090430,外科,12
20090430,儿科,14
20090430,妇产科,20
20090430,骨科,30
20090430,口腔科,31
20090430,皮肤科,6
20090503,内科,13
20090503,外科,21
20090503,儿科,24
20090503,妇产科,29
20090503,骨科,30
20090503,口腔科,32
20090503,皮肤科,4
20090505,内科,6
20090505,外科,10
20090505,儿科,13
20090505,妇产科,16
20090505,骨科,21
20090505,口腔科,23
20090505,皮肤科,7
20090507,内科,9
20090507,外科,11
20090507,儿科,15
20090507,妇产科,19
20090507,骨科,21
20090507,口腔科,30
20090507,皮肤科,8
20090510,内科,7
20090510,外科,12
20090510,儿科,18
20090510,妇产科,19
20090510,骨科,22
20090510,口腔科,28
20090510,皮肤科,4
20090512,内科,16
20090512,外科,17
20090512,儿科,23
20090512,妇产科,26
20090512,骨科,31
20090512,口腔科,32
20090512,皮肤科,11
20090514,内科,3
20090514,外科,4
20090514,儿科,18
20090514,妇产科,22
20090514,骨科,24
20090514,口腔科,29
20090514,皮肤科,11
20090517,内科,4
20090517,外科,9
20090517,儿科,10
20090517,妇产科,18
20090517,骨科,29
20090517,口腔科,32
20090517,皮肤科,8
20090519,内科,5
20090519,外科,7
20090519,儿科,10
20090519,妇产科,14
20090519,骨科,17
20090519,口腔科,25
20090519,皮肤科,11
20090521,内科,5
20090521,外科,8
20090521,儿科,10
20090521,妇产科,15
20090521,骨科,23
20090521,口腔科,26
20090521,皮肤科,9
20090524,内科,3
20090524,外科,7
20090524,儿科,13
20090524,妇产科,23
20090524,骨科,27
20090524,口腔科,30
20090524,皮肤科,11
20090526,内科,7
20090526,外科,13
20090526,儿科,17
20090526,妇产科,26
20090526,骨科,32
20090526,口腔科,33
20090526,皮肤科,4
20090528,内科,10
20090528,外科,11
20090528,儿科,13
20090528,妇产科,16
20090528,骨科,19
20090528,口腔科,30
20090528,皮肤科,3
20090531,内科,10
20090531,外科,19
20090531,儿科,20
20090531,妇产科,21
20090531,骨科,23
20090531,口腔科,32
20090531,皮肤科,10
20090602,内科,2
20090602,外科,5
20090602,儿科,11
20090602,妇产科,26
20090602,骨科,30
20090602,口腔科,32
20090602,皮肤科,16
20090604,内科,1
20090604,外科,2
20090604,儿科,14
20090604,妇产科,23
20090604,骨科,28
20090604,口腔科,29
20090604,皮肤科,15
20090607,内科,8
20090607,外科,12
20090607,儿科,20
20090607,妇产科,22
20090607,骨科,30
20090607,口腔科,33
20090607,皮肤科,2
20090609,内科,2
20090609,外科,15
20090609,儿科,19
20090609,妇产科,24
20090609,骨科,31
20090609,口腔科,32
20090609,皮肤科,4
20090611,内科,4
20090611,外科,10
20090611,儿科,16
20090611,妇产科,23
20090611,骨科,28
20090611,口腔科,30
20090611,皮肤科,5
20090614,内科,6
20090614,外科,11
20090614,儿科,18
20090614,妇产科,20
20090614,骨科,25
20090614,口腔科,30
20090614,皮肤科,5
20090616,内科,3
20090616,外科,5
20090616,儿科,12
20090616,妇产科,18
20090616,骨科,21
20090616,口腔科,23
20090616,皮肤科,2
20090618,内科,1
20090618,外科,2
20090618,儿科,9
20090618,妇产科,10
20090618,骨科,21
20090618,口腔科,31
20090618,皮肤科,10
20090621,内科,4
20090621,外科,5
20090621,儿科,23
20090621,妇产科,26
20090621,骨科,31
20090621,口腔科,32
20090621,皮肤科,6
20090623,内科,1
20090623,外科,3
20090623,儿科,12
20090623,妇产科,20
20090623,骨科,21
20090623,口腔科,29
20090623,皮肤科,4
20090625,内科,9
20090625,外科,16
20090625,儿科,17
20090625,妇产科,18
20090625,骨科,22
20090625,口腔科,27
20090625,皮肤科,14
20090628,内科,5
20090628,外科,10
20090628,儿科,16
20090628,妇产科,19
20090628,骨科,23
20090628,口腔科,28
20090628,皮肤科,13
20090630,内科,1
20090630,外科,13
20090630,儿科,15
20090630,妇产科,17
20090630,骨科,20
20090630,口腔科,30
20090630,皮肤科,5
20090702,内科,9
20090702,外科,18
20090702,儿科,19
20090702,妇产科,25
20090702,骨科,28
20090702,口腔科,31
20090702,皮肤科,6
20090705,内科,1
20090705,外科,9
20090705,儿科,14
20090705,妇产科,16
20090705,骨科,28
20090705,口腔科,32
20090705,皮肤科,16
20090707,内科,5
20090707,外科,7
20090707,儿科,12
20090707,妇产科,14
20090707,骨科,15
20090707,口腔科,20
20090707,皮肤科,13
20090709,内科,2
20090709,外科,9
20090709,儿科,16
20090709,妇产科,21
20090709,骨科,30
20090709,口腔科,31
20090709,皮肤科,13
20090712,内科,1
20090712,外科,11
20090712,儿科,13
20090712,妇产科,25
20090712,骨科,32
20090712,口腔科,33
20090712,皮肤科,6
20090714,内科,4
20090714,外科,5
20090714,儿科,6
20090714,妇产科,25
20090714,骨科,29
20090714,口腔科,30
20090714,皮肤科,3
20090716,内科,11
20090716,外科,15
20090716,儿科,18
20090716,妇产科,21
20090716,骨科,27
20090716,口腔科,29
20090716,皮肤科,2
20090719,内科,2
20090719,外科,8
20090719,儿科,12
20090719,妇产科,18
20090719,骨科,24
20090719,口腔科,28
20090719,皮肤科,4
20090721,内科,4
20090721,外科,9
20090721,儿科,11
20090721,妇产科,20
20090721,骨科,32
20090721,口腔科,33
20090721,皮肤科,13
20090723,内科,4
20090723,外科,8
20090723,儿科,12
20090723,妇产科,17
20090723,骨科,20
20090723,口腔科,30
20090723,皮肤科,3
20090726,内科,11
20090726,外科,12
20090726,儿科,13
20090726,妇产科,18
20090726,骨科,23
20090726,口腔科,32
20090726,皮肤科,11
20090728,内科,6
20090728,外科,11
20090728,儿科,13
20090728,妇产科,20
20090728,骨科,28
20090728,口腔科,32
20090728,皮肤科,6
20090730,内科,4
20090730,外科,7
20090730,儿科,11
20090730,妇产科,15
20090730,骨科,16
20090730,口腔科,17
20090730,皮肤科,2
20090802,内科,2
20090802,外科,3
20090802,儿科,7
20090802,妇产科,11
20090802,骨科,19
20090802,口腔科,32
20090802,皮肤科,4
20090804,内科,7
20090804,外科,9
20090804,儿科,14
20090804,妇产科,20
20090804,骨科,23
20090804,口腔科,30
20090804,皮肤科,14
20090806,内科,3
20090806,外科,8
20090806,儿科,11
20090806,妇产科,14
20090806,骨科,25
20090806,口腔科,29
20090806,皮肤科,4
20090809,内科,2
20090809,外科,6
20090809,儿科,7
20090809,妇产科,14
20090809,骨科,18
20090809,口腔科,31
20090809,皮肤科,8
20090811,内科,1
20090811,外科,11
20090811,儿科,20
20090811,妇产科,31
20090811,骨科,32
20090811,口腔科,33
20090811,皮肤科,1
20090813,内科,3
20090813,外科,16
20090813,儿科,22
20090813,妇产科,25
20090813,骨科,26
20090813,口腔科,33
20090813,皮肤科,14
20090816,内科,8
20090816,外科,9
20090816,儿科,14
20090816,妇产科,28
20090816,骨科,31
20090816,口腔科,33
20090816,皮肤科,15
20090818,内科,1
20090818,外科,26
20090818,儿科,27
20090818,妇产科,31
20090818,骨科,32
20090818,口腔科,33
20090818,皮肤科,3
20090820,内科,7
20090820,外科,13
20090820,儿科,24
20090820,妇产科,26
20090820,骨科,28
20090820,口腔科,32
20090820,皮肤科,14
20090823,内科,3
20090823,外科,14
20090823,儿科,15
20090823,妇产科,20
20090823,骨科,23
20090823,口腔科,30
20090823,皮肤科,2
20090825,内科,8
20090825,外科,9
20090825,儿科,18
20090825,妇产科,20
20090825,骨科,25
20090825,口腔科,29
20090825,皮肤科,9
20090827,内科,2
20090827,外科,11
20090827,儿科,17
20090827,妇产科,27
20090827,骨科,30
20090827,口腔科,33
20090827,皮肤科,11
20090830,内科,1
20090830,外科,2
20090830,儿科,5
20090830,妇产科,10
20090830,骨科,19
20090830,口腔科,24
20090830,皮肤科,14
20090901,内科,3
20090901,外科,5
20090901,儿科,7
20090901,妇产科,8
20090901,骨科,14
20090901,口腔科,31
20090901,皮肤科,10
20090903,内科,6
20090903,外科,11
20090903,儿科,17
20090903,妇产科,20
20090903,骨科,23
20090903,口腔科,24
20090903,皮肤科,9
20090906,内科,20
20090906,外科,22
20090906,儿科,26
20090906,妇产科,29
20090906,骨科,30
20090906,口腔科,32
20090906,皮肤科,16
20090908,内科,2
20090908,外科,8
20090908,儿科,10
20090908,妇产科,16
20090908,骨科,27
20090908,口腔科,30
20090908,皮肤科,15
20090910,内科,1
20090910,外科,2
20090910,儿科,15
20090910,妇产科,18
20090910,骨科,20
20090910,口腔科,29
20090910,皮肤科,4
20090913,内科,7
20090913,外科,8
20090913,儿科,20
20090913,妇产科,23
20090913,骨科,28
20090913,口腔科,29
20090913,皮肤科,5
20090915,内科,4
20090915,外科,10
20090915,儿科,17
20090915,妇产科,28
20090915,骨科,32
20090915,口腔科,33
20090915,皮肤科,2
20090917,内科,5
20090917,外科,6
20090917,儿科,7
20090917,妇产科,14
20090917,骨科,25
20090917,口腔科,28
20090917,皮肤科,1
20090920,内科,4
20090920,外科,10
20090920,儿科,13
20090920,妇产科,15
20090920,骨科,19
20090920,口腔科,30
20090920,皮肤科,14
20090922,内科,2
20090922,外科,4
20090922,儿科,7
20090922,妇产科,14
20090922,骨科,15
20090922,口腔科,25
20090922,皮肤科,15
20090924,内科,6
20090924,外科,7
20090924,儿科,18
20090924,妇产科,24
20090924,骨科,30
20090924,口腔科,32
20090924,皮肤科,9
20090927,内科,4
20090927,外科,12
20090927,儿科,20
20090927,妇产科,25
20090927,骨科,28
20090927,口腔科,29
20090927,皮肤科,16
20090929,内科,3
20090929,外科,5
20090929,儿科,11
20090929,妇产科,12
20090929,骨科,31
20090929,口腔科,32
20090929,皮肤科,11
20091001,内科,2
20091001,外科,9
20091001,儿科,13
20091001,妇产科,15
20091001,骨科,19
20091001,口腔科,24
20091001,皮肤科,3
20091004,内科,5
20091004,外科,17
20091004,儿科,21
20091004,妇产科,25
20091004,骨科,27
20091004,口腔科,32
20091004,皮肤科,14
20091006,内科,5
20091006,外科,9
20091006,儿科,15
20091006,妇产科,21
20091006,骨科,26
20091006,口腔科,31
20091006,皮肤科,13
20091008,内科,12
20091008,外科,16
20091008,儿科,25
20091008,妇产科,26
20091008,骨科,27
20091008,口腔科,31
20091008,皮肤科,5
20091011,内科,6
20091011,外科,7
20091011,儿科,10
20091011,妇产科,12
20091011,骨科,15
20091011,口腔科,21
20091011,皮肤科,5
20091013,内科,1
20091013,外科,2
20091013,儿科,8
20091013,妇产科,12
20091013,骨科,16
20091013,口腔科,30
20091013,皮肤科,16
20091015,内科,2
20091015,外科,4
20091015,儿科,6
20091015,妇产科,10
20091015,骨科,25
20091015,口腔科,30
20091015,皮肤科,9
20091018,内科,7
20091018,外科,14
20091018,儿科,16
20091018,妇产科,27
20091018,骨科,29
20091018,口腔科,32
20091018,皮肤科,1
20091020,内科,9
20091020,外科,13
20091020,儿科,20
20091020,妇产科,22
20091020,骨科,25
20091020,口腔科,28
20091020,皮肤科,14
20091022,内科,3
20091022,外科,4
20091022,儿科,22
20091022,妇产科,23
20091022,骨科,28
20091022,口腔科,30
20091022,皮肤科,10
20091025,内科,6
20091025,外科,7
20091025,儿科,8
20091025,妇产科,22
20091025,骨科,26
20091025,口腔科,27
20091025,皮肤科,12
20091027,内科,3
20091027,外科,5
20091027,儿科,6
20091027,妇产科,10
20091027,骨科,19
20091027,口腔科,23
20091027,皮肤科,15
20091029,内科,2
20091029,外科,11
20091029,儿科,12
20091029,妇产科,14
20091029,骨科,15
20091029,口腔科,16
20091029,皮肤科,4
20091101,内科,5
20091101,外科,8
20091101,儿科,15
20091101,妇产科,16
20091101,骨科,26
20091101,口腔科,32
20091101,皮肤科,1
20091103,内科,6
20091103,外科,7
20091103,儿科,16
20091103,妇产科,17
20091103,骨科,24
20091103,口腔科,25
20091103,皮肤科,7
20091105,内科,2
20091105,外科,3
20091105,儿科,7
20091105,妇产科,12
20091105,骨科,13
20091105,口腔科,30
20091105,皮肤科,11
20091108,内科,16
20091108,外科,23
20091108,儿科,25
20091108,妇产科,26
20091108,骨科,32
20091108,口腔科,33
20091108,皮肤科,5
20091110,内科,4
20091110,外科,14
20091110,儿科,15
20091110,妇产科,21
20091110,骨科,23
20091110,口腔科,30
20091110,皮肤科,7
20091112,内科,5
20091112,外科,9
20091112,儿科,13
20091112,妇产科,18
20091112,骨科,20
20091112,口腔科,32
20091112,皮肤科,1
20091115,内科,3
20091115,外科,5
20091115,儿科,12
20091115,妇产科,15
20091115,骨科,28
20091115,口腔科,33
20091115,皮肤科,6
20091117,内科,1
20091117,外科,3
20091117,儿科,14
20091117,妇产科,19
20091117,骨科,30
20091117,口腔科,33
20091117,皮肤科,16
20091119,内科,1
20091119,外科,4
20091119,儿科,14
20091119,妇产科,22
20091119,骨科,30
20091119,口腔科,33
20091119,皮肤科,1
20091122,内科,8
20091122,外科,12
20091122,儿科,14
20091122,妇产科,15
20091122,骨科,17
20091122,口腔科,21
20091122,皮肤科,1
20091124,内科,4
20091124,外科,7
20091124,儿科,14
20091124,妇产科,26
20091124,骨科,32
20091124,口腔科,33
20091124,皮肤科,14
20091126,内科,1
20091126,外科,5
20091126,儿科,15
20091126,妇产科,17
20091126,骨科,27
20091126,口腔科,29
20091126,皮肤科,2
20091129,内科,4
20091129,外科,5
20091129,儿科,11
20091129,妇产科,18
20091129,骨科,22
20091129,口腔科,33
20091129,皮肤科,12
20091201,内科,2
20091201,外科,13
20091201,儿科,21
20091201,妇产科,28
20091201,骨科,29
20091201,口腔科,31
20091201,皮肤科,9
20091203,内科,7
20091203,外科,11
20091203,儿科,15
20091203,妇产科,19
20091203,骨科,20
20091203,口腔科,24
20091203,皮肤科,13
20091206,内科,5
20091206,外科,9
20091206,儿科,11
20091206,妇产科,17
20091206,骨科,23
20091206,口腔科,28
20091206,皮肤科,10
20091208,内科,1
20091208,外科,5
20091208,儿科,10
20091208,妇产科,17
20091208,骨科,18
20091208,口腔科,29
20091208,皮肤科,12
20091210,内科,3
20091210,外科,5
20091210,儿科,11
20091210,妇产科,15
20091210,骨科,26
20091210,口腔科,33
20091210,皮肤科,11
20091213,内科,3
20091213,外科,9
20091213,儿科,16
20091213,妇产科,20
20091213,骨科,22
20091213,口腔科,33
20091213,皮肤科,15
20091215,内科,6
20091215,外科,8
20091215,儿科,10
20091215,妇产科,18
20091215,骨科,22
20091215,口腔科,32
20091215,皮肤科,16
20091217,内科,6
20091217,外科,12
20091217,儿科,15
20091217,妇产科,22
20091217,骨科,29
20091217,口腔科,32
20091217,皮肤科,10
20091220,内科,1
20091220,外科,3
20091220,儿科,16
20091220,妇产科,18
20091220,骨科,22
20091220,口腔科,29
20091220,皮肤科,4
20091222,内科,4
20091222,外科,6
20091222,儿科,7
20091222,妇产科,16
20091222,骨科,19
20091222,口腔科,20
20091222,皮肤科,4
20091224,内科,6
20091224,外科,8
20091224,儿科,10
20091224,妇产科,16
20091224,骨科,25
20091224,口腔科,30
20091224,皮肤科,14
20091227,内科,3
20091227,外科,4
20091227,儿科,19
20091227,妇产科,21
20091227,骨科,27
20091227,口腔科,28
20091227,皮肤科,5
20091229,内科,6
20091229,外科,7
20091229,儿科,8
20091229,妇产科,20
20091229,骨科,21
20091229,口腔科,25
20091229,皮肤科,10
20091231,内科,1
20091231,外科,7
20091231,儿科,12
20091231,妇产科,14
20091231,骨科,18
20091231,口腔科,25
20091231,皮肤科,16
20100103,内科,7
20100103,外科,17
20100103,儿科,18
20100103,妇产科,27
20100103,骨科,29
20100103,口腔科,32
20100103,皮肤科,13
20100105,内科,3
20100105,外科,6
20100105,儿科,7
20100105,妇产科,23
20100105,骨科,30
20100105,口腔科,33
20100105,皮肤科,13
20100107,内科,14
20100107,外科,22
20100107,儿科,26
20100107,妇产科,27
20100107,骨科,28
20100107,口腔科,31
20100107,皮肤科,4
20100110,内科,1
20100110,外科,12
20100110,儿科,13
20100110,妇产科,16
20100110,骨科,23
20100110,口腔科,28
20100110,皮肤科,7
20100112,内科,3
20100112,外科,5
20100112,儿科,6
20100112,妇产科,8
20100112,骨科,17
20100112,口腔科,18
20100112,皮肤科,14
20100114,内科,3
20100114,外科,5
20100114,儿科,7
20100114,妇产科,13
20100114,骨科,14
20100114,口腔科,18
20100114,皮肤科,5
20100117,内科,14
20100117,外科,22
20100117,儿科,27
20100117,妇产科,28
20100117,骨科,30
20100117,口腔科,33
20100117,皮肤科,14
20100119,内科,5
20100119,外科,7
20100119,儿科,13
20100119,妇产科,15
20100119,骨科,18
20100119,口腔科,30
20100119,皮肤科,14
20100121,内科,1
20100121,外科,9
20100121,儿科,13
20100121,妇产科,21
20100121,骨科,24
20100121,口腔科,32
20100121,皮肤科,6
20100124,内科,7
20100124,外科,8
20100124,儿科,12
20100124,妇产科,15
20100124,骨科,22
20100124,口腔科,26
20100124,皮肤科,8
20100126,内科,7
20100126,外科,8
20100126,儿科,14
20100126,妇产科,22
20100126,骨科,24
20100126,口腔科,30
20100126,皮肤科,7
20100128,内科,2
20100128,外科,8
20100128,儿科,13
20100128,妇产科,14
20100128,骨科,25
20100128,口腔科,33
20100128,皮肤科,10
20100131,内科,1
20100131,外科,2
20100131,儿科,3
20100131,妇产科,16
20100131,骨科,18
20100131,口腔科,23
20100131,皮肤科,12
20100202,内科,1
20100202,外科,3
20100202,儿科,7
20100202,妇产科,14
20100202,骨科,26
20100202,口腔科,28
20100202,皮肤科,2
20100204,内科,1
20100204,外科,4
20100204,儿科,16
20100204,妇产科,21
20100204,骨科,23
20100204,口腔科,28
20100204,皮肤科,6
20100207,内科,2
20100207,外科,8
20100207,儿科,10
20100207,妇产科,12
20100207,骨科,30
20100207,口腔科,33
20100207,皮肤科,16
20100209,内科,1
20100209,外科,3
20100209,儿科,6
20100209,妇产科,11
20100209,骨科,12
20100209,口腔科,23
20100209,皮肤科,11
20100211,内科,11
20100211,外科,28
20100211,儿科,29
20100211,妇产科,30
20100211,骨科,32
20100211,口腔科,33
20100211,皮肤科,2
20100221,内科,2
20100221,外科,10
20100221,儿科,22
20100221,妇产科,24
20100221,骨科,26
20100221,口腔科,27
20100221,皮肤科,6
20100223,内科,5
20100223,外科,6
20100223,儿科,14
20100223,妇产科,22
20100223,骨科,24
20100223,口腔科,26
20100223,皮肤科,9
20100225,内科,2
20100225,外科,9
20100225,儿科,16
20100225,妇产科,17
20100225,骨科,19
20100225,口腔科,25
20100225,皮肤科,4
20100228,内科,1
20100228,外科,2
20100228,儿科,18
20100228,妇产科,29
20100228,骨科,31
20100228,口腔科,32
20100228,皮肤科,2
20100302,内科,2
20100302,外科,9
20100302,儿科,11
20100302,妇产科,22
20100302,骨科,24
20100302,口腔科,27
20100302,皮肤科,11
20100304,内科,7
20100304,外科,16
20100304,儿科,26
20100304,妇产科,27
20100304,骨科,29
20100304,口腔科,31
20100304,皮肤科,14
20100307,内科,4
20100307,外科,5
20100307,儿科,7
20100307,妇产科,10
20100307,骨科,13
20100307,口腔科,25
20100307,皮肤科,11
20100309,内科,2
20100309,外科,4
20100309,儿科,5
20100309,妇产科,8
20100309,骨科,19
20100309,口腔科,22
20100309,皮肤科,12
20100311,内科,3
20100311,外科,4
20100311,儿科,15
20100311,妇产科,25
20100311,骨科,26
20100311,口腔科,30
20100311,皮肤科,13
20100314,内科,1
20100314,外科,3
20100314,儿科,6
20100314,妇产科,12
20100314,骨科,16
20100314,口腔科,32
20100314,皮肤科,12
20100316,内科,1
20100316,外科,5
20100316,儿科,14
20100316,妇产科,16
20100316,骨科,17
20100316,口腔科,22
20100316,皮肤科,3
20100318,内科,3
20100318,外科,6
20100318,儿科,10
20100318,妇产科,16
20100318,骨科,25
20100318,口腔科,31
20100318,皮肤科,5
20100321,内科,5
20100321,外科,7
20100321,儿科,13
20100321,妇产科,24
20100321,骨科,25
20100321,口腔科,28
20100321,皮肤科,4
20100323,内科,8
20100323,外科,18
20100323,儿科,21
20100323,妇产科,28
20100323,骨科,29
20100323,口腔科,33
20100323,皮肤科,8
20100325,内科,8
20100325,外科,10
20100325,儿科,11
20100325,妇产科,12
20100325,骨科,25
20100325,口腔科,29
20100325,皮肤科,9
20100328,内科,6
20100328,外科,11
20100328,儿科,13
20100328,妇产科,22
20100328,骨科,25
20100328,口腔科,32
20100328,皮肤科,12
20100330,内科,9
20100330,外科,10
20100330,儿科,11
20100330,妇产科,18
20100330,骨科,19
20100330,口腔科,21
20100330,皮肤科,10
20100401,内科,6
20100401,外科,13
20100401,儿科,14
20100401,妇产科,28
20100401,骨科,29
20100401,口腔科,30
20100401,皮肤科,8
20100404,内科,3
20100404,外科,16
20100404,儿科,19
20100404,妇产科,21
20100404,骨科,24
20100404,口腔科,26
20100404,皮肤科,6
20100406,内科,1
20100406,外科,6
20100406,儿科,7
20100406,妇产科,11
20100406,骨科,13
20100406,口腔科,16
20100406,皮肤科,1
20100408,内科,8
20100408,外科,17
20100408,儿科,21
20100408,妇产科,23
20100408,骨科,25
20100408,口腔科,32
20100408,皮肤科,12
20100411,内科,12
20100411,外科,19
20100411,儿科,24
20100411,妇产科,25
20100411,骨科,30
20100411,口腔科,32
20100411,皮肤科,11
20100413,内科,3
20100413,外科,5
20100413,儿科,13
20100413,妇产科,19
20100413,骨科,25
20100413,口腔科,29
20100413,皮肤科,12
20100415,内科,3
20100415,外科,6
20100415,儿科,11
20100415,妇产科,20
20100415,骨科,31
20100415,口腔科,32
20100415,皮肤科,10
20100418,内科,4
20100418,外科,10
20100418,儿科,19
20100418,妇产科,22
20100418,骨科,28
20100418,口腔科,33
20100418,皮肤科,4
20100420,内科,3
20100420,外科,9
20100420,儿科,21
20100420,妇产科,23
20100420,骨科,27
20100420,口腔科,31
20100420,皮肤科,5
20100422,内科,2
20100422,外科,3
20100422,儿科,4
20100422,妇产科,13
20100422,骨科,20
20100422,口腔科,29
20100422,皮肤科,1
20100425,内科,11
20100425,外科,12
20100425,儿科,21
20100425,妇产科,23
20100425,骨科,27
20100425,口腔科,32
20100425,皮肤科,5
20100427,内科,3
20100427,外科,10
20100427,儿科,13
20100427,妇产科,20
20100427,骨科,21
20100427,口腔科,32
20100427,皮肤科,15
20100429,内科,1
20100429,外科,6
20100429,儿科,8
20100429,妇产科,10
20100429,骨科,23
20100429,口腔科,33
20100429,皮肤科,2
20100502,内科,1
20100502,外科,6
20100502,儿科,10
20100502,妇产科,26
20100502,骨科,27
20100502,口腔科,28
20100502,皮肤科,2
20100504,内科,7
20100504,外科,21
20100504,儿科,22
20100504,妇产科,26
20100504,骨科,28
20100504,口腔科,30
20100504,皮肤科,11
20100506,内科,4
20100506,外科,17
20100506,儿科,23
20100506,妇产科,27
20100506,骨科,28
20100506,口腔科,32
20100506,皮肤科,3
20100509,内科,1
20100509,外科,2
20100509,儿科,19
20100509,妇产科,23
20100509,骨科,27
20100509,口腔科,29
20100509,皮肤科,10
20100511,内科,3
20100511,外科,22
20100511,儿科,24
20100511,妇产科,27
20100511,骨科,28
20100511,口腔科,30
20100511,皮肤科,14
20100513,内科,1
20100513,外科,6
20100513,儿科,8
20100513,妇产科,12
20100513,骨科,14
20100513,口腔科,25
20100513,皮肤科,6
20100516,内科,2
20100516,外科,3
20100516,儿科,13
20100516,妇产科,19
20100516,骨科,20
20100516,口腔科,23
20100516,皮肤科,8
20100518,内科,1
20100518,外科,2
20100518,儿科,3
20100518,妇产科,8
20100518,骨科,13
20100518,口腔科,32
20100518,皮肤科,7
20100520,内科,5
20100520,外科,11
20100520,儿科,12
20100520,妇产科,19
20100520,骨科,25
20100520,口腔科,32
20100520,皮肤科,5
20100523,内科,1
20100523,外科,4
20100523,儿科,11
20100523,妇产科,17
20100523,骨科,19
20100523,口腔科,29
20100523,皮肤科,12
20100525,内科,1
20100525,外科,9
20100525,儿科,11
20100525,妇产科,12
20100525,骨科,18
20100525,口腔科,30
20100525,皮肤科,10
20100527,内科,1
20100527,外科,8
20100527,儿科,15
20100527,妇产科,18
20100527,骨科,22
20100527,口腔科,27
20100527,皮肤科,9
20100530,内科,2
20100530,外科,4
20100530,儿科,16
20100530,妇产科,19
20100530,骨科,22
20100530,口腔科,26
20100530,皮肤科,12
20100601,内科,11
20100601,外科,13
20100601,儿科,15
20100601,妇产科,20
20100601,骨科,31
20100601,口腔科,33
20100601,皮肤科,3
20100603,内科,2
20100603,外科,6
20100603,儿科,10
20100603,妇产科,17
20100603,骨科,23
20100603,口腔科,24
20100603,皮肤科,3
20100606,内科,8
20100606,外科,14
20100606,儿科,25
20100606,妇产科,26
20100606,骨科,30
20100606,口腔科,31
20100606,皮肤科,11
20100608,内科,2
20100608,外科,7
20100608,儿科,8
20100608,妇产科,17
20100608,骨科,30
20100608,口腔科,32
20100608,皮肤科,12
20100610,内科,1
20100610,外科,3
20100610,儿科,21
20100610,妇产科,22
20100610,骨科,31
20100610,口腔科,32
20100610,皮肤科,7
20100613,内科,1
20100613,外科,7
20100613,儿科,10
20100613,妇产科,14
20100613,骨科,21
20100613,口腔科,25
20100613,皮肤科,1
20100615,内科,3
20100615,外科,13
20100615,儿科,18
20100615,妇产科,20
20100615,骨科,23
20100615,口腔科,28
20100615,皮肤科,13
20100617,内科,12
20100617,外科,14
20100617,儿科,20
20100617,妇产科,22
20100617,骨科,24
20100617,口腔科,32
20100617,皮肤科,11
20100620,内科,8
20100620,外科,13
20100620,儿科,23
20100620,妇产科,27
20100620,骨科,31
20100620,口腔科,33
20100620,皮肤科,7
20100622,内科,5
20100622,外科,13
20100622,儿科,14
20100622,妇产科,17
20100622,骨科,20
20100622,口腔科,26
20100622,皮肤科,1
20100624,内科,6
20100624,外科,8
20100624,儿科,22
20100624,妇产科,23
20100624,骨科,30
20100624,口腔科,31
20100624,皮肤科,1
20100627,内科,1
20100627,外科,16
20100627,儿科,20
20100627,妇产科,23
20100627,骨科,27
20100627,口腔科,31
20100627,皮肤科,2
20100629,内科,2
20100629,外科,10
20100629,儿科,17
20100629,妇产科,18
20100629,骨科,19
20100629,口腔科,29
20100629,皮肤科,15
20100701,内科,5
20100701,外科,9
20100701,儿科,12
20100701,妇产科,13
20100701,骨科,15
20100701,口腔科,22
20100701,皮肤科,14
20100704,内科,1
20100704,外科,12
20100704,儿科,14
20100704,妇产科,29
20100704,骨科,31
20100704,口腔科,32
20100704,皮肤科,15
20100706,内科,2
20100706,外科,8
20100706,儿科,14
20100706,妇产科,20
20100706,骨科,21
20100706,口腔科,24
20100706,皮肤科,9
20100708,内科,1
20100708,外科,3
20100708,儿科,9
20100708,妇产科,11
20100708,骨科,17
20100708,口腔科,23
20100708,皮肤科,12
20100711,内科,8
20100711,外科,11
20100711,儿科,12
20100711,妇产科,14
20100711,骨科,18
20100711,口腔科,22
20100711,皮肤科,2
20100713,内科,8
20100713,外科,10
20100713,儿科,13
20100713,妇产科,14
20100713,骨科,16
20100713,口腔科,23
20100713,皮肤科,16
20100715,内科,2
20100715,外科,3
20100715,儿科,9
20100715,妇产科,24
20100715,骨科,26
20100715,口腔科,27
20100715,皮肤科,5
20100718,内科,1
20100718,外科,8
20100718,儿科,13
20100718,妇产科,14
20100718,骨科,27
20100718,口腔科,31
20100718,皮肤科,2
20100720,内科,2
20100720,外科,20
20100720,儿科,21
20100720,妇产科,22
20100720,骨科,23
20100720,口腔科,31
20100720,皮肤科,12
20100722,内科,2
20100722,外科,10
20100722,儿科,14
20100722,妇产科,18
20100722,骨科,20
20100722,口腔科,30
20100722,皮肤科,3
20100725,内科,1
20100725,外科,8
20100725,儿科,12
20100725,妇产科,13
20100725,骨科,24
20100725,口腔科,27
20100725,皮肤科,8
20100727,内科,5
20100727,外科,21
20100727,儿科,28
20100727,妇产科,29
20100727,骨科,30
20100727,口腔科,31
20100727,皮肤科,8
20100729,内科,1
20100729,外科,8
20100729,儿科,16
20100729,妇产科,17
20100729,骨科,25
20100729,口腔科,30
20100729,皮肤科,10
20100801,内科,5
20100801,外科,6
20100801,儿科,15
20100801,妇产科,23
20100801,骨科,27
20100801,口腔科,30
20100801,皮肤科,12
20100803,内科,7
20100803,外科,8
20100803,儿科,9
20100803,妇产科,16
20100803,骨科,23
20100803,口腔科,26
20100803,皮肤科,1
20100805,内科,1
20100805,外科,6
20100805,儿科,10
20100805,妇产科,15
20100805,骨科,25
20100805,口腔科,31
20100805,皮肤科,14
20100808,内科,6
20100808,外科,13
20100808,儿科,16
20100808,妇产科,20
20100808,骨科,22
20100808,口腔科,24
20100808,皮肤科,16
20100810,内科,3
20100810,外科,13
20100810,儿科,19
20100810,妇产科,27
20100810,骨科,28
20100810,口腔科,30
20100810,皮肤科,2
20100812,内科,9
20100812,外科,10
20100812,儿科,19
20100812,妇产科,28
20100812,骨科,32
20100812,口腔科,33
20100812,皮肤科,6
20100815,内科,3
20100815,外科,5
20100815,儿科,7
20100815,妇产科,27
20100815,骨科,31
20100815,口腔科,32
20100815,皮肤科,10
20100817,内科,9
20100817,外科,11
20100817,儿科,16
20100817,妇产科,17
20100817,骨科,25
20100817,口腔科,27
20100817,皮肤科,14
20100819,内科,7
20100819,外科,12
20100819,儿科,21
20100819,妇产科,23
20100819,骨科,24
20100819,口腔科,28
20100819,皮肤科,3
20100822,内科,10
20100822,外科,16
20100822,儿科,18
20100822,妇产科,21
20100822,骨科,24
20100822,口腔科,26
20100822,皮肤科,1
20100824,内科,1
20100824,外科,3
20100824,儿科,8
20100824,妇产科,16
20100824,骨科,29
20100824,口腔科,33
20100824,皮肤科,7
20100826,内科,3
20100826,外科,4
20100826,儿科,17
20100826,妇产科,24
20100826,骨科,27
20100826,口腔科,30
20100826,皮肤科,6
20100829,内科,1
20100829,外科,6
20100829,儿科,12
20100829,妇产科,22
20100829,骨科,23
20100829,口腔科,26
20100829,皮肤科,8
20100831,内科,4
20100831,外科,9
20100831,儿科,18
20100831,妇产科,21
20100831,骨科,25
20100831,口腔科,26
20100831,皮肤科,6
20100902,内科,4
20100902,外科,11
20100902,儿科,16
20100902,妇产科,20
20100902,骨科,22
20100902,口腔科,29
20100902,皮肤科,10
20100905,内科,6
20100905,外科,9
20100905,儿科,14
20100905,妇产科,17
20100905,骨科,20
20100905,口腔科,33
20100905,皮肤科,9
20100907,内科,7
20100907,外科,17
20100907,儿科,23
20100907,妇产科,24
20100907,骨科,27
20100907,口腔科,32
20100907,皮肤科,2
20100909,内科,1
20100909,外科,8
20100909,儿科,9
20100909,妇产科,19
20100909,骨科,21
20100909,口腔科,31
20100909,皮肤科,11
20100912,内科,2
20100912,外科,6
20100912,儿科,8
20100912,妇产科,15
20100912,骨科,26
20100912,口腔科,29
20100912,皮肤科,16
20100914,内科,8
20100914,外科,12
20100914,儿科,15
20100914,妇产科,17
20100914,骨科,22
20100914,口腔科,33
20100914,皮肤科,16
20100916,内科,2
20100916,外科,4
20100916,儿科,8
20100916,妇产科,20
20100916,骨科,23
20100916,口腔科,24
20100916,皮肤科,7
20100919,内科,4
20100919,外科,15
20100919,儿科,18
20100919,妇产科,25
20100919,骨科,29
20100919,口腔科,32
20100919,皮肤科,15
20100921,内科,1
20100921,外科,3
20100921,儿科,12
20100921,妇产科,24
20100921,骨科,26
20100921,口腔科,27
20100921,皮肤科,1
20100923,内科,4
20100923,外科,7
20100923,儿科,8
20100923,妇产科,13
20100923,骨科,17
20100923,口腔科,18
20100923,皮肤科,10
20100926,内科,1
20100926,外科,8
20100926,儿科,18
20100926,妇产科,24
20100926,骨科,29
20100926,口腔科,30
20100926,皮肤科,16
20100928,内科,5
20100928,外科,10
20100928,儿科,15
20100928,妇产科,18
20100928,骨科,20
20100928,口腔科,28
20100928,皮肤科,10
20100930,内科,1
20100930,外科,8
20100930,儿科,11
20100930,妇产科,15
20100930,骨科,17
20100930,口腔科,25
20100930,皮肤科,1
20101003,内科,1
20101003,外科,22
20101003,儿科,24
20101003,妇产科,25
20101003,骨科,29
20101003,口腔科,33
20101003,皮肤科,15
20101005,内科,5
20101005,外科,9
20101005,儿科,10
20101005,妇产科,20
20101005,骨科,22
20101005,口腔科,26
20101005,皮肤科,7
20101007,内科,1
20101007,外科,8
20101007,儿科,20
20101007,妇产科,22
20101007,骨科,24
20101007,口腔科,28
20101007,皮肤科,1
20101010,内科,5
20101010,外科,8
20101010,儿科,11
20101010,妇产科,13
20101010,骨科,15
20101010,口腔科,25
20101010,皮肤科,5
20101012,内科,7
20101012,外科,17
20101012,儿科,25
20101012,妇产科,27
20101012,骨科,30
20101012,口腔科,31
20101012,皮肤科,9
20101014,内科,1
20101014,外科,2
20101014,儿科,5
20101014,妇产科,6
20101014,骨科,10
20101014,口腔科,29
20101014,皮肤科,16
20101017,内科,8
20101017,外科,11
20101017,儿科,13
20101017,妇产科,18
20101017,骨科,25
20101017,口腔科,30
20101017,皮肤科,15
20101019,内科,2
20101019,外科,9
20101019,儿科,12
20101019,妇产科,16
20101019,骨科,25
20101019,口腔科,27
20101019,皮肤科,6
20101021,内科,6
20101021,外科,12
20101021,儿科,15
20101021,妇产科,18
20101021,骨科,29
20101021,口腔科,32
20101021,皮肤科,10
20101024,内科,2
20101024,外科,6
20101024,儿科,8
20101024,妇产科,11
20101024,骨科,12
20101024,口腔科,25
20101024,皮肤科,2
20101026,内科,6
20101026,外科,7
20101026,儿科,13
20101026,妇产科,23
20101026,骨科,28
20101026,口腔科,29
20101026,皮肤科,9
20101028,内科,3
20101028,外科,13
20101028,儿科,18
20101028,妇产科,20
20101028,骨科,27
20101028,口腔科,28
20101028,皮肤科,5
20101031,内科,1
20101031,外科,4
20101031,儿科,8
20101031,妇产科,17
20101031,骨科,25
20101031,口腔科,33
20101031,皮肤科,1
20101102,内科,4
20101102,外科,11
20101102,儿科,19
20101102,妇产科,20
20101102,骨科,24
20101102,口腔科,28
20101102,皮肤科,12
20101104,内科,4
20101104,外科,8
20101104,儿科,14
20101104,妇产科,25
20101104,骨科,28
20101104,口腔科,32
20101104,皮肤科,16
20101107,内科,1
20101107,外科,2
20101107,儿科,7
20101107,妇产科,15
20101107,骨科,21
20101107,口腔科,31
20101107,皮肤科,16
20101109,内科,5
20101109,外科,6
20101109,儿科,15
20101109,妇产科,16
20101109,骨科,19
20101109,口腔科,26
20101109,皮肤科,6
20101111,内科,2
20101111,外科,10
20101111,儿科,12
20101111,妇产科,18
20101111,骨科,24
20101111,口腔科,33
20101111,皮肤科,15
20101114,内科,3
20101114,外科,9
20101114,儿科,17
20101114,妇产科,21
20101114,骨科,26
20101114,口腔科,32
20101114,皮肤科,1
20101116,内科,9
20101116,外科,15
20101116,儿科,16
20101116,妇产科,22
20101116,骨科,27
20101116,口腔科,28
20101116,皮肤科,6
20101118,内科,4
20101118,外科,10
20101118,儿科,13
20101118,妇产科,25
20101118,骨科,26
20101118,口腔科,30
20101118,皮肤科,10
20101121,内科,4
20101121,外科,10
20101121,儿科,23
20101121,妇产科,24
20101121,骨科,26
20101121,口腔科,33
20101121,皮肤科,10
20101123,内科,7
20101123,外科,9
20101123,儿科,10
20101123,妇产科,13
20101123,骨科,19
20101123,口腔科,33
20101123,皮肤科,6
20101125,内科,1
20101125,外科,21
20101125,儿科,23
20101125,妇产科,24
20101125,骨科,26
20101125,口腔科,30
20101125,皮肤科,5
20101128,内科,11
20101128,外科,13
20101128,儿科,18
20101128,妇产科,20
20101128,骨科,26
20101128,口腔科,31
20101128,皮肤科,9
20101130,内科,1
20101130,外科,12
20101130,儿科,13
20101130,妇产科,18
20101130,骨科,26
20101130,口腔科,29
20101130,皮肤科,15
20101202,内科,2
20101202,外科,3
20101202,儿科,7
20101202,妇产科,18
20101202,骨科,23
20101202,口腔科,27
20101202,皮肤科,6
20101205,内科,2
20101205,外科,16
20101205,儿科,18
20101205,妇产科,23
20101205,骨科,26
20101205,口腔科,27
20101205,皮肤科,10
20101207,内科,9
20101207,外科,16
20101207,儿科,18
20101207,妇产科,26
20101207,骨科,30
20101207,口腔科,31
20101207,皮肤科,14
20101209,内科,2
20101209,外科,3
20101209,儿科,8
20101209,妇产科,15
20101209,骨科,19
20101209,口腔科,21
20101209,皮肤科,11
20101212,内科,3
20101212,外科,21
20101212,儿科,24
20101212,妇产科,27
20101212,骨科,28
20101212,口腔科,31
20101212,皮肤科,8
20101214,内科,1
20101214,外科,17
20101214,儿科,18
20101214,妇产科,22
20101214,骨科,25
20101214,口腔科,32
20101214,皮肤科,1
20101216,内科,2
20101216,外科,8
20101216,儿科,15
20101216,妇产科,18
20101216,骨科,24
20101216,口腔科,30
20101216,皮肤科,3
20101219,内科,1
20101219,外科,3
20101219,儿科,7
20101219,妇产科,18
20101219,骨科,23
20101219,口腔科,27
20101219,皮肤科,12
20101221,内科,2
20101221,外科,7
20101221,儿科,8
20101221,妇产科,16
20101221,骨科,25
20101221,口腔科,30
20101221,皮肤科,9
20101223,内科,2
20101223,外科,17
20101223,儿科,18
20101223,妇产科,23
20101223,骨科,29
20101223,口腔科,30
20101223,皮肤科,6
20101226,内科,2
20101226,外科,13
20101226,儿科,14
20101226,妇产科,17
20101226,骨科,19
20101226,口腔科,26
20101226,皮肤科,14
20101228,内科,4
20101228,外科,9
20101228,儿科,17
20101228,妇产科,21
20101228,骨科,25
20101228,口腔科,31
20101228,皮肤科,1
20101230,内科,3
20101230,外科,6
20101230,儿科,12
20101230,妇产科,19
20101230,骨科,30
20101230,口腔科,31
20101230,皮肤科,13
20110102,内科,3
20110102,外科,9
20110102,儿科,20
20110102,妇产科,24
20110102,骨科,26
20110102,口腔科,32
20110102,皮肤科,10
20110104,内科,6
20110104,外科,8
20110104,儿科,12
20110104,妇产科,17
20110104,骨科,28
20110104,口腔科,33
20110104,皮肤科,5
20110106,内科,13
20110106,外科,14
20110106,儿科,21
20110106,妇产科,22
20110106,骨科,23
20110106,口腔科,27
20110106,皮肤科,4
20110109,内科,4
20110109,外科,6
20110109,儿科,8
20110109,妇产科,10
20110109,骨科,13
20110109,口腔科,26
20110109,皮肤科,5
20110111,内科,6
20110111,外科,9
20110111,儿科,12
20110111,妇产科,14
20110111,骨科,20
20110111,口腔科,22
20110111,皮肤科,13
20110113,内科,1
20110113,外科,3
20110113,儿科,5
20110113,妇产科,13
20110113,骨科,16
20110113,口腔科,18
20110113,皮肤科,5
20110116,内科,1
20110116,外科,9
20110116,儿科,17
20110116,妇产科,24
20110116,骨科,26
20110116,口腔科,31
20110116,皮肤科,5
20110118,内科,10
20110118,外科,12
20110118,儿科,13
20110118,妇产科,17
20110118,骨科,24
20110118,口腔科,31
20110118,皮肤科,15
20110120,内科,17
20110120,外科,18
20110120,儿科,23
20110120,妇产科,24
20110120,骨科,25
20110120,口腔科,26
20110120,皮肤科,4
20110123,内科,1
20110123,外科,4
20110123,儿科,5
20110123,妇产科,9
20110123,骨科,15
20110123,口腔科,19
20110123,皮肤科,13
20110125,内科,1
20110125,外科,12
20110125,儿科,18
20110125,妇产科,19
20110125,骨科,21
20110125,口腔科,24
20110125,皮肤科,10
20110127,内科,7
20110127,外科,8
20110127,儿科,11
20110127,妇产科,13
20110127,骨科,15
20110127,口腔科,26
20110127,皮肤科,13
20110130,内科,1
20110130,外科,3
20110130,儿科,13
20110130,妇产科,16
20110130,骨科,21
20110130,口腔科,22
20110130,皮肤科,8
20110201,内科,5
20110201,外科,7
20110201,儿科,10
20110201,妇产科,11
20110201,骨科,23
20110201,口腔科,26
20110201,皮肤科,16
20110210,内科,3
20110210,外科,6
20110210,儿科,13
20110210,妇产科,26
20110210,骨科,27
20110210,口腔科,29
20110210,皮肤科,7
20110213,内科,3
20110213,外科,4
20110213,儿科,16
20110213,妇产科,17
20110213,骨科,22
20110213,口腔科,29
20110213,皮肤科,13
20110215,内科,2
20110215,外科,6
20110215,儿科,15
20110215,妇产科,23
20110215,骨科,26
20110215,口腔科,33
20110215,皮肤科,8
20110217,内科,13
20110217,外科,15
20110217,儿科,18
20110217,妇产科,28
20110217,骨科,30
20110217,口腔科,33
20110217,皮肤科,1
20110220,内科,2
20110220,外科,4
20110220,儿科,12
20110220,妇产科,19
20110220,骨科,32
20110220,口腔科,33
20110220,皮肤科,16
20110222,内科,12
20110222,外科,16
20110222,儿科,17
20110222,妇产科,19
20110222,骨科,24
20110222,口腔科,30
20110222,皮肤科,5
20110224,内科,1
20110224,外科,2
20110224,儿科,14
20110224,妇产科,18
20110224,骨科,25
20110224,口腔科,31
20110224,皮肤科,8
20110227,内科,2
20110227,外科,7
20110227,儿科,14
20110227,妇产科,16
20110227,骨科,17
20110227,口腔科,21
20110227,皮肤科,5
20110301,内科,2
20110301,外科,3
20110301,儿科,6
20110301,妇产科,21
20110301,骨科,22
20110301,口腔科,25
20110301,皮肤科,5
20110303,内科,5
20110303,外科,7
20110303,儿科,10
20110303,妇产科,19
20110303,骨科,26
20110303,口腔科,31
20110303,皮肤科,14
20110306,内科,8
20110306,外科,25
20110306,儿科,26
20110306,妇产科,31
20110306,骨科,32
20110306,口腔科,33
20110306,皮肤科,9
20110308,内科,7
20110308,外科,8
20110308,儿科,17
20110308,妇产科,19
20110308,骨科,21
20110308,口腔科,26
20110308,皮肤科,12
20110310,内科,13
20110310,外科,18
20110310,儿科,21
20110310,妇产科,22
20110310,骨科,25
20110310,口腔科,26
20110310,皮肤科,1
20110313,内科,1
20110313,外科,4
20110313,儿科,5
20110313,妇产科,14
20110313,骨科,16
20110313,口腔科,17
20110313,皮肤科,1
20110315,内科,1
20110315,外科,4
20110315,儿科,9
20110315,妇产科,10
20110315,骨科,20
20110315,口腔科,31
20110315,皮肤科,7
20110317,内科,2
20110317,外科,9
20110317,儿科,19
20110317,妇产科,24
20110317,骨科,25
20110317,口腔科,33
20110317,皮肤科,10
20110320,内科,16
20110320,外科,17
20110320,儿科,24
20110320,妇产科,28
20110320,骨科,29
20110320,口腔科,32
20110320,皮肤科,12
20110322,内科,3
20110322,外科,5
20110322,儿科,7
20110322,妇产科,13
20110322,骨科,14
20110322,口腔科,15
20110322,皮肤科,15
20110324,内科,2
20110324,外科,8
20110324,儿科,12
20110324,妇产科,13
20110324,骨科,19
20110324,口腔科,29
20110324,皮肤科,4
20110327,内科,13
20110327,外科,14
20110327,儿科,17
20110327,妇产科,19
20110327,骨科,24
20110327,口腔科,31
20110327,皮肤科,8
20110329,内科,13
20110329,外科,14
20110329,儿科,18
20110329,妇产科,20
20110329,骨科,27
20110329,口腔科,31
20110329,皮肤科,2
20110331,内科,2
20110331,外科,11
20110331,儿科,20
20110331,妇产科,22
20110331,骨科,24
20110331,口腔科,31
20110331,皮肤科,5
20110403,内科,1
20110403,外科,3
20110403,儿科,4
20110403,妇产科,6
20110403,骨科,17
20110403,口腔科,25
20110403,皮肤科,11
20110405,内科,2
20110405,外科,14
20110405,儿科,15
20110405,妇产科,19
20110405,骨科,23
20110405,口腔科,24
20110405,皮肤科,12
20110407,内科,3
20110407,外科,7
20110407,儿科,10
20110407,妇产科,16
20110407,骨科,24
20110407,口腔科,29
20110407,皮肤科,13
20110410,内科,5
20110410,外科,11
20110410,儿科,14
20110410,妇产科,24
20110410,骨科,26
20110410,口腔科,28
20110410,皮肤科,13
20110412,内科,4
20110412,外科,10
20110412,儿科,12
20110412,妇产科,13
20110412,骨科,30
20110412,口腔科,32
20110412,皮肤科,13
20110414,内科,5
20110414,外科,13
20110414,儿科,15
20110414,妇产科,17
20110414,骨科,19
20110414,口腔科,21
20110414,皮肤科,15
20110417,内科,4
20110417,外科,13
20110417,儿科,14
20110417,妇产科,17
20110417,骨科,25
20110417,口腔科,31
20110417,皮肤科,4
20110419,内科,3
20110419,外科,14
20110419,儿科,16
20110419,妇产科,26
20110419,骨科,27
20110419,口腔科,31
20110419,皮肤科,9
20110421,内科,2
20110421,外科,16
20110421,儿科,17
20110421,妇产科,20
20110421,骨科,26
20110421,口腔科,32
20110421,皮肤科,8
20110424,内科,9
20110424,外科,17
20110424,儿科,18
20110424,妇产科,26
20110424,骨科,29
20110424,口腔科,30
20110424,皮肤科,8
20110426,内科,4
20110426,外科,13
20110426,儿科,23
20110426,妇产科,25
20110426,骨科,27
20110426,口腔科,33
20110426,皮肤科,14
20110428,内科,10
20110428,外科,14
20110428,儿科,18
20110428,妇产科,25
20110428,骨科,26
20110428,口腔科,27
20110428,皮肤科,15
20110501,内科,1
20110501,外科,11
20110501,儿科,17
20110501,妇产科,18
20110501,骨科,27
20110501,口腔科,31
20110501,皮肤科,14
20110503,内科,4
20110503,外科,5
20110503,儿科,19
20110503,妇产科,22
20110503,骨科,28
20110503,口腔科,29
20110503,皮肤科,15
20110505,内科,1
20110505,外科,7
20110505,儿科,11
20110505,妇产科,14
20110505,骨科,15
20110505,口腔科,16
20110505,皮肤科,14
20110508,内科,4
20110508,外科,5
20110508,儿科,8
20110508,妇产科,19
20110508,骨科,27
20110508,口腔科,28
20110508,皮肤科,8
20110510,内科,3
20110510,外科,6
20110510,儿科,10
20110510,妇产科,12
20110510,骨科,22
20110510,口腔科,30
20110510,皮肤科,15
20110512,内科,8
20110512,外科,11
20110512,儿科,16
20110512,妇产科,17
20110512,骨科,22
20110512,口腔科,33
20110512,皮肤科,8
20110515,内科,8
20110515,外科,13
20110515,儿科,16
20110515,妇产科,17
20110515,骨科,29
20110515,口腔科,32
20110515,皮肤科,16
20110517,内科,13
20110517,外科,16
20110517,儿科,19
20110517,妇产科,20
20110517,骨科,23
20110517,口腔科,25
20110517,皮肤科,10
20110519,内科,4
20110519,外科,6
20110519,儿科,20
20110519,妇产科,21
20110519,骨科,26
20110519,口腔科,33
20110519,皮肤科,2
20110522,内科,7
20110522,外科,18
20110522,儿科,22
20110522,妇产科,30
20110522,骨科,32
20110522,口腔科,33
20110522,皮肤科,6
20110524,内科,24
20110524,外科,26
20110524,儿科,27
20110524,妇产科,29
20110524,骨科,31
20110524,口腔科,33
20110524,皮肤科,16
20110526,内科,10
20110526,外科,11
20110526,儿科,13
20110526,妇产科,21
20110526,骨科,27
20110526,口腔科,31
20110526,皮肤科,1
20110529,内科,2
20110529,外科,3
20110529,儿科,8
20110529,妇产科,13
20110529,骨科,19
20110529,口腔科,21
20110529,皮肤科,3
20110531,内科,4
20110531,外科,8
20110531,儿科,9
20110531,妇产科,10
20110531,骨科,29
20110531,口腔科,30
20110531,皮肤科,3
20110602,内科,4
20110602,外科,6
20110602,儿科,13
20110602,妇产科,15
20110602,骨科,18
20110602,口腔科,19
20110602,皮肤科,5
20110605,内科,3
20110605,外科,6
20110605,儿科,7
20110605,妇产科,29
20110605,骨科,30
20110605,口腔科,33
20110605,皮肤科,2
20110607,内科,4
20110607,外科,16
20110607,儿科,23
20110607,妇产科,25
20110607,骨科,27
20110607,口腔科,29
20110607,皮肤科,3
20110609,内科,4
20110609,外科,6
20110609,儿科,14
20110609,妇产科,17
20110609,骨科,30
20110609,口腔科,32
20110609,皮肤科,12
20110612,内科,17
20110612,外科,19
20110612,儿科,20
20110612,妇产科,24
20110612,骨科,25
20110612,口腔科,27
20110612,皮肤科,12
20110614,内科,3
20110614,外科,7
20110614,儿科,10
20110614,妇产科,15
20110614,骨科,19
20110614,口腔科,24
20110614,皮肤科,10
20110616,内科,2
20110616,外科,13
20110616,儿科,16
20110616,妇产科,18
20110616,骨科,24
20110616,口腔科,30
20110616,皮肤科,12
20110619,内科,1
20110619,外科,3
20110619,儿科,5
20110619,妇产科,12
20110619,骨科,21
20110619,口腔科,28
20110619,皮肤科,12
20110621,内科,1
20110621,外科,2
20110621,儿科,15
20110621,妇产科,22
20110621,骨科,28
20110621,口腔科,30
20110621,皮肤科,2
20110623,内科,1
20110623,外科,6
20110623,儿科,10
20110623,妇产科,11
20110623,骨科,18
20110623,口腔科,27
20110623,皮肤科,12
20110626,内科,3
20110626,外科,4
20110626,儿科,5
20110626,妇产科,12
20110626,骨科,17
20110626,口腔科,21
20110626,皮肤科,14
20110628,内科,2
20110628,外科,21
20110628,儿科,26
20110628,妇产科,28
20110628,骨科,29
20110628,口腔科,32
20110628,皮肤科,1
20110630,内科,7
20110630,外科,9
20110630,儿科,10
20110630,妇产科,12
20110630,骨科,31
20110630,口腔科,32
20110630,皮肤科,13
20110703,内科,6
20110703,外科,19
20110703,儿科,21
20110703,妇产科,26
20110703,骨科,32
20110703,口腔科,33
20110703,皮肤科,13
20110705,内科,1
20110705,外科,7
20110705,儿科,8
20110705,妇产科,15
20110705,骨科,26
20110705,口腔科,29
20110705,皮肤科,10
20110707,内科,3
20110707,外科,5
20110707,儿科,13
20110707,妇产科,20
20110707,骨科,22
20110707,口腔科,29
20110707,皮肤科,9
20110710,内科,3
20110710,外科,14
20110710,儿科,15
20110710,妇产科,16
20110710,骨科,24
20110710,口腔科,29
20110710,皮肤科,5
20110712,内科,2
20110712,外科,7
20110712,儿科,9
20110712,妇产科,25
20110712,骨科,31
20110712,口腔科,32
20110712,皮肤科,9
20110714,内科,6
20110714,外科,14
20110714,儿科,19
20110714,妇产科,23
20110714,骨科,25
20110714,口腔科,32
20110714,皮肤科,12
20110717,内科,7
20110717,外科,16
20110717,儿科,17
20110717,妇产科,20
20110717,骨科,25
20110717,口腔科,26
20110717,皮肤科,4
20110719,内科,7
20110719,外科,16
20110719,儿科,18
20110719,妇产科,24
20110719,骨科,28
20110719,口腔科,29
20110719,皮肤科,6
20110721,内科,9
20110721,外科,10
20110721,儿科,12
20110721,妇产科,16
20110721,骨科,18
20110721,口腔科,32
20110721,皮肤科,15
20110724,内科,3
20110724,外科,6
20110724,儿科,11
20110724,妇产科,21
20110724,骨科,24
20110724,口腔科,31
20110724,皮肤科,10
20110726,内科,6
20110726,外科,7
20110726,儿科,9
20110726,妇产科,12
20110726,骨科,17
20110726,口腔科,24
20110726,皮肤科,9
20110728,内科,2
20110728,外科,3
20110728,儿科,4
20110728,妇产科,5
20110728,骨科,18
20110728,口腔科,28
20110728,皮肤科,1
20110731,内科,3
20110731,外科,9
20110731,儿科,17
20110731,妇产科,20
20110731,骨科,21
20110731,口腔科,29
20110731,皮肤科,4
20110802,内科,1
20110802,外科,2
20110802,儿科,11
20110802,妇产科,24
20110802,骨科,29
20110802,口腔科,30
20110802,皮肤科,12
20110804,内科,2
20110804,外科,5
20110804,儿科,14
20110804,妇产科,18
20110804,骨科,21
20110804,口腔科,25
20110804,皮肤科,16
20110807,内科,9
20110807,外科,15
20110807,儿科,21
20110807,妇产科,23
20110807,骨科,28
20110807,口腔科,30
20110807,皮肤科,3
20110809,内科,5
20110809,外科,10
20110809,儿科,17
20110809,妇产科,26
20110809,骨科,31
20110809,口腔科,32
20110809,皮肤科,4
20110811,内科,4
20110811,外科,7
20110811,儿科,11
20110811,妇产科,13
20110811,骨科,23
20110811,口腔科,30
20110811,皮肤科,9
20110814,内科,9
20110814,外科,11
20110814,儿科,12
20110814,妇产科,17
20110814,骨科,18
20110814,口腔科,19
20110814,皮肤科,5
20110816,内科,3
20110816,外科,7
20110816,儿科,8
20110816,妇产科,10
20110816,骨科,23
20110816,口腔科,24
20110816,皮肤科,5
20110818,内科,1
20110818,外科,4
20110818,儿科,7
20110818,妇产科,13
20110818,骨科,14
20110818,口腔科,19
20110818,皮肤科,15
20110821,内科,9
20110821,外科,17
20110821,儿科,19
20110821,妇产科,20
20110821,骨科,21
20110821,口腔科,26
20110821,皮肤科,16
20110823,内科,3
20110823,外科,7
20110823,儿科,20
20110823,妇产科,21
20110823,骨科,22
20110823,口腔科,32
20110823,皮肤科,5
20110825,内科,10
20110825,外科,12
20110825,儿科,13
20110825,妇产科,21
20110825,骨科,26
20110825,口腔科,27
20110825,皮肤科,14
20110828,内科,7
20110828,外科,11
20110828,儿科,21
20110828,妇产科,23
20110828,骨科,31
20110828,口腔科,32
20110828,皮肤科,5
20110830,内科,6
20110830,外科,10
20110830,儿科,19
20110830,妇产科,23
20110830,骨科,29
20110830,口腔科,31
20110830,皮肤科,6
20110901,内科,1
20110901,外科,5
20110901,儿科,13
20110901,妇产科,21
20110901,骨科,27
20110901,口腔科,31
20110901,皮肤科,11
20110904,内科,4
20110904,外科,5
20110904,儿科,10
20110904,妇产科,13
20110904,骨科,15
20110904,口腔科,16
20110904,皮肤科,12
20110906,内科,9
20110906,外科,10
20110906,儿科,16
20110906,妇产科,20
20110906,骨科,25
20110906,口腔科,29
20110906,皮肤科,9
20110908,内科,4
20110908,外科,6
20110908,儿科,23
20110908,妇产科,25
20110908,骨科,27
20110908,口腔科,28
20110908,皮肤科,1
20110911,内科,2
20110911,外科,11
20110911,儿科,12
20110911,妇产科,14
20110911,骨科,24
20110911,口腔科,32
20110911,皮肤科,14
20110913,内科,4
20110913,外科,9
20110913,儿科,16
20110913,妇产科,17
20110913,骨科,22
20110913,口腔科,29
20110913,皮肤科,15
20110915,内科,2
20110915,外科,17
20110915,儿科,22
20110915,妇产科,26
20110915,骨科,29
20110915,口腔科,33
20110915,皮肤科,10
20110918,内科,1
20110918,外科,3
20110918,儿科,9
20110918,妇产科,15
20110918,骨科,16
20110918,口腔科,33
20110918,皮肤科,15
20110920,内科,12
20110920,外科,14
20110920,儿科,21
20110920,妇产科,26
20110920,骨科,28
20110920,口腔科,33
20110920,皮肤科,12
20110922,内科,1
20110922,外科,3
20110922,儿科,5
20110922,妇产科,20
20110922,骨科,25
20110922,口腔科,27
20110922,皮肤科,4
20110925,内科,3
20110925,外科,5
20110925,儿科,16
20110925,妇产科,18
20110925,骨科,23
20110925,口腔科,24
20110925,皮肤科,15
20110927,内科,6
20110927,外科,10
20110927,儿科,11
20110927,妇产科,25
20110927,骨科,32
20110927,口腔科,33
20110927,皮肤科,5
20110929,内科,1
20110929,外科,14
20110929,儿科,15
20110929,妇产科,16
20110929,骨科,30
20110929,口腔科,32
20110929,皮肤科,9
20111002,内科,7
20111002,外科,8
20111002,儿科,9
20111002,妇产科,12
20111002,骨科,17
20111002,口腔科,33
20111002,皮肤科,16
20111004,内科,1
20111004,外科,7
20111004,儿科,11
20111004,妇产科,12
20111004,骨科,17
20111004,口腔科,27
20111004,皮肤科,5
20111006,内科,8
20111006,外科,10
20111006,儿科,19
20111006,妇产科,26
20111006,骨科,28
20111006,口腔科,30
20111006,皮肤科,4
20111009,内科,5
20111009,外科,6
20111009,儿科,11
20111009,妇产科,14
20111009,骨科,20
20111009,口腔科,21
20111009,皮肤科,10
20111011,内科,9
20111011,外科,12
20111011,儿科,14
20111011,妇产科,19
20111011,骨科,28
20111011,口腔科,32
20111011,皮肤科,1
20111013,内科,4
20111013,外科,14
20111013,儿科,17
20111013,妇产科,28
20111013,骨科,30
20111013,口腔科,33
20111013,皮肤科,7
20111016,内科,4
20111016,外科,14
20111016,儿科,22
20111016,妇产科,25
20111016,骨科,32
20111016,口腔科,33
20111016,皮肤科,2
20111018,内科,10
20111018,外科,12
20111018,儿科,18
20111018,妇产科,26
20111018,骨科,27
20111018,口腔科,31
20111018,皮肤科,3
20111020,内科,1
20111020,外科,4
20111020,儿科,5
20111020,妇产科,14
20111020,骨科,19
20111020,口腔科,28
20111020,皮肤科,16
20111023,内科,9
20111023,外科,18
20111023,儿科,19
20111023,妇产科,26
20111023,骨科,31
20111023,口腔科,32
20111023,皮肤科,16
20111025,内科,3
20111025,外科,10
20111025,儿科,15
20111025,妇产科,24
20111025,骨科,27
20111025,口腔科,32
20111025,皮肤科,8
20111027,内科,3
20111027,外科,7
20111027,儿科,13
20111027,妇产科,18
20111027,骨科,23
20111027,口腔科,26
20111027,皮肤科,16
20111030,内科,16
20111030,外科,19
20111030,儿科,22
20111030,妇产科,23
20111030,骨科,27
20111030,口腔科,29
20111030,皮肤科,11
20111101,内科,9
20111101,外科,11
20111101,儿科,14
20111101,妇产科,17
20111101,骨科,19
20111101,口腔科,23
20111101,皮肤科,12
20111103,内科,7
20111103,外科,10
20111103,儿科,11
20111103,妇产科,21
20111103,骨科,23
20111103,口腔科,26
20111103,皮肤科,6
20111106,内科,7
20111106,外科,14
20111106,儿科,18
20111106,妇产科,23
20111106,骨科,25
20111106,口腔科,32
20111106,皮肤科,15
20111108,内科,2
20111108,外科,7
20111108,儿科,9
20111108,妇产科,17
20111108,骨科,21
20111108,口腔科,25
20111108,皮肤科,1
20111110,内科,2
20111110,外科,5
20111110,儿科,12
20111110,妇产科,13
20111110,骨科,25
20111110,口腔科,33
20111110,皮肤科,7
20111113,内科,12
20111113,外科,14
20111113,儿科,20
20111113,妇产科,21
20111113,骨科,25
20111113,口腔科,31
20111113,皮肤科,16
20111115,内科,1
20111115,外科,2
20111115,儿科,6
20111115,妇产科,7
20111115,骨科,30
20111115,口腔科,31
20111115,皮肤科,10
20111117,内科,12
20111117,外科,13
20111117,儿科,17
20111117,妇产科,20
20111117,骨科,25
20111117,口腔科,26
20111117,皮肤科,12
20111120,内科,2
20111120,外科,4
20111120,儿科,6
20111120,妇产科,20
20111120,骨科,22
20111120,口腔科,31
20111120,皮肤科,7
20111122,内科,2
20111122,外科,11
20111122,儿科,18
20111122,妇产科,23
20111122,骨科,30
20111122,口腔科,33
20111122,皮肤科,13
20111124,内科,1
20111124,外科,5
20111124,儿科,15
20111124,妇产科,24
20111124,骨科,28
20111124,口腔科,32
20111124,皮肤科,7
20111127,内科,8
20111127,外科,20
20111127,儿科,24
20111127,妇产科,27
20111127,骨科,30
20111127,口腔科,31
20111127,皮肤科,3
20111129,内科,4
20111129,外科,18
20111129,儿科,20
20111129,妇产科,22
20111129,骨科,27
20111129,口腔科,29
20111129,皮肤科,6
20111201,内科,2
20111201,外科,4
20111201,儿科,6
20111201,妇产科,19
20111201,骨科,24
20111201,口腔科,29
20111201,皮肤科,11
20111204,内科,12
20111204,外科,15
20111204,儿科,16
20111204,妇产科,26
20111204,骨科,29
20111204,口腔科,31
20111204,皮肤科,2
20111206,内科,7
20111206,外科,8
20111206,儿科,12
20111206,妇产科,14
20111206,骨科,15
20111206,口腔科,30
20111206,皮肤科,16
20111208,内科,1
20111208,外科,2
20111208,儿科,9
20111208,妇产科,10
20111208,骨科,16
20111208,口腔科,24
20111208,皮肤科,3
20111211,内科,2
20111211,外科,4
20111211,儿科,14
20111211,妇产科,15
20111211,骨科,26
20111211,口腔科,30
20111211,皮肤科,4
20111213,内科,11
20111213,外科,23
20111213,儿科,26
20111213,妇产科,28
20111213,骨科,32
20111213,口腔科,33
20111213,皮肤科,10
20111215,内科,4
20111215,外科,8
20111215,儿科,12
20111215,妇产科,17
20111215,骨科,18
20111215,口腔科,30
20111215,皮肤科,10
20111218,内科,5
20111218,外科,14
20111218,儿科,22
20111218,妇产科,23
20111218,骨科,25
20111218,口腔科,26
20111218,皮肤科,14
20111220,内科,4
20111220,外科,5
20111220,儿科,6
20111220,妇产科,7
20111220,骨科,23
20111220,口腔科,31
20111220,皮肤科,16
20111222,内科,8
20111222,外科,10
20111222,儿科,12
20111222,妇产科,15
20111222,骨科,22
20111222,口腔科,27
20111222,皮肤科,13
20111225,内科,7
20111225,外科,11
20111225,儿科,16
20111225,妇产科,19
20111225,骨科,31
20111225,口腔科,33
20111225,皮肤科,10
20111227,内科,4
20111227,外科,10
20111227,儿科,11
20111227,妇产科,12
20111227,骨科,21
20111227,口腔科,26
20111227,皮肤科,13
20111229,内科,5
20111229,外科,8
20111229,儿科,9
20111229,妇产科,10
20111229,骨科,20
20111229,口腔科,25
20111229,皮肤科,13
20120101,内科,1
20120101,外科,4
20120101,儿科,5
20120101,妇产科,9
20120101,骨科,15
20120101,口腔科,17
20120101,皮肤科,6
20120103,内科,2
20120103,外科,3
20120103,儿科,7
20120103,妇产科,9
20120103,骨科,10
20120103,口腔科,32
20120103,皮肤科,13
20120105,内科,3
20120105,外科,6
20120105,儿科,8
20120105,妇产科,24
20120105,骨科,29
20120105,口腔科,31
20120105,皮肤科,9
20120108,内科,1
20120108,外科,5
20120108,儿科,10
20120108,妇产科,11
20120108,骨科,21
20120108,口腔科,23
20120108,皮肤科,16
20120110,内科,7
20120110,外科,9
20120110,儿科,18
20120110,妇产科,27
20120110,骨科,31
20120110,口腔科,33
20120110,皮肤科,6
20120112,内科,2
20120112,外科,22
20120112,儿科,25
20120112,妇产科,29
20120112,骨科,32
20120112,口腔科,33
20120112,皮肤科,8
20120115,内科,10
20120115,外科,17
20120115,儿科,19
20120115,妇产科,27
20120115,骨科,28
20120115,口腔科,32
20120115,皮肤科,4
20120117,内科,1
20120117,外科,12
20120117,儿科,20
20120117,妇产科,23
20120117,骨科,24
20120117,口腔科,29
20120117,皮肤科,8
20120119,内科,4
20120119,外科,16
20120119,儿科,24
20120119,妇产科,26
20120119,骨科,27
20120119,口腔科,33
20120119,皮肤科,11
20120129,内科,1
20120129,外科,3
20120129,儿科,13
20120129,妇产科,19
20120129,骨科,25
20120129,口腔科,26
20120129,皮肤科,10
20120131,内科,4
20120131,外科,14
20120131,儿科,15
20120131,妇产科,16
20120131,骨科,20
20120131,口腔科,26
20120131,皮肤科,5
20120202,内科,15
20120202,外科,17
20120202,儿科,18
20120202,妇产科,20
20120202,骨科,23
20120202,口腔科,27
20120202,皮肤科,1
20120205,内科,6
20120205,外科,8
20120205,儿科,24
20120205,妇产科,29
20120205,骨科,30
20120205,口腔科,32
20120205,皮肤科,13
20120207,内科,1
20120207,外科,2
20120207,儿科,5
20120207,妇产科,16
20120207,骨科,28
20120207,口腔科,30
20120207,皮肤科,12
20120209,内科,1
20120209,外科,3
20120209,儿科,6
20120209,妇产科,10
20120209,骨科,21
20120209,口腔科,23
20120209,皮肤科,15
20120212,内科,2
20120212,外科,5
20120212,儿科,12
20120212,妇产科,17
20120212,骨科,22
20120212,口腔科,25
20120212,皮肤科,8
20120214,内科,6
20120214,外科,9
20120214,儿科,14
20120214,妇产科,19
20120214,骨科,25
20120214,口腔科,28
20120214,皮肤科,10
20120216,内科,3
20120216,外科,5
20120216,儿科,6
20120216,妇产科,22
20120216,骨科,26
20120216,口腔科,32
20120216,皮肤科,15
20120219,内科,7
20120219,外科,14
20120219,儿科,18
20120219,妇产科,20
20120219,骨科,22
20120219,口腔科,30
20120219,皮肤科,16
20120221,内科,3
20120221,外科,8
20120221,儿科,12
20120221,妇产科,18
20120221,骨科,23
20120221,口腔科,29
20120221,皮肤科,11
20120223,内科,1
20120223,外科,15
20120223,儿科,16
20120223,妇产科,18
20120223,骨科,22
20120223,口腔科,30
20120223,皮肤科,3
20120226,内科,4
20120226,外科,8
20120226,儿科,12
20120226,妇产科,24
20120226,骨科,26
20120226,口腔科,27
20120226,皮肤科,4
20120228,内科,5
20120228,外科,9
20120228,儿科,15
20120228,妇产科,23
20120228,骨科,24
20120228,口腔科,33
20120228,皮肤科,2
20120301,内科,4
20120301,外科,12
20120301,儿科,19
20120301,妇产科,21
20120301,骨科,25
20120301,口腔科,28
20120301,皮肤科,13
20120304,内科,3
20120304,外科,8
20120304,儿科,9
20120304,妇产科,17
20120304,骨科,25
20120304,口腔科,27
20120304,皮肤科,6
20120306,内科,3
20120306,外科,7
20120306,儿科,9
20120306,妇产科,15
20120306,骨科,24
20120306,口腔科,25
20120306,皮肤科,16
20120308,内科,4
20120308,外科,16
20120308,儿科,22
20120308,妇产科,25
20120308,骨科,30
20120308,口腔科,31
20120308,皮肤科,12
20120311,内科,10
20120311,外科,15
20120311,儿科,20
20120311,妇产科,21
20120311,骨科,28
20120311,口腔科,30
20120311,皮肤科,11
20120313,内科,4
20120313,外科,7
20120313,儿科,15
20120313,妇产科,25
20120313,骨科,26
20120313,口腔科,28
20120313,皮肤科,3
20120315,内科,9
20120315,外科,10
20120315,儿科,17
20120315,妇产科,18
20120315,骨科,21
20120315,口腔科,31
20120315,皮肤科,8
20120318,内科,4
20120318,外科,16
20120318,儿科,22
20120318,妇产科,24
20120318,骨科,27
20120318,口腔科,31
20120318,皮肤科,3
20120320,内科,1
20120320,外科,2
20120320,儿科,10
20120320,妇产科,17
20120320,骨科,22
20120320,口腔科,24
20120320,皮肤科,4
20120322,内科,2
20120322,外科,3
20120322,儿科,15
20120322,妇产科,16
20120322,骨科,17
20120322,口腔科,27
20120322,皮肤科,4
20120325,内科,2
20120325,外科,3
20120325,儿科,8
20120325,妇产科,23
20120325,骨科,32
20120325,口腔科,33
20120325,皮肤科,16
20120327,内科,9
20120327,外科,11
20120327,儿科,12
20120327,妇产科,21
20120327,骨科,24
20120327,口腔科,26
20120327,皮肤科,5
20120329,内科,2
20120329,外科,11
20120329,儿科,13
20120329,妇产科,18
20120329,骨科,19
20120329,口腔科,26
20120329,皮肤科,9
20120401,内科,5
20120401,外科,14
20120401,儿科,19
20120401,妇产科,24
20120401,骨科,28
20120401,口腔科,33
20120401,皮肤科,9
20120403,内科,9
20120403,外科,10
20120403,儿科,11
20120403,妇产科,15
20120403,骨科,19
20120403,口腔科,33
20120403,皮肤科,16
20120405,内科,1
20120405,外科,2
20120405,儿科,5
20120405,妇产科,13
20120405,骨科,22
20120405,口腔科,29
20120405,皮肤科,8
20120408,内科,3
20120408,外科,8
20120408,儿科,9
20120408,妇产科,22
20120408,骨科,25
20120408,口腔科,31
20120408,皮肤科,10
20120410,内科,8
20120410,外科,11
20120410,儿科,15
20120410,妇产科,20
20120410,骨科,24
20120410,口腔科,32
20120410,皮肤科,2
20120412,内科,5
20120412,外科,6
20120412,儿科,11
20120412,妇产科,19
20120412,骨科,24
20120412,口腔科,28
20120412,皮肤科,16
20120415,内科,2
20120415,外科,9
20120415,儿科,11
20120415,妇产科,21
20120415,骨科,26
20120415,口腔科,33
20120415,皮肤科,3
20120417,内科,6
20120417,外科,9
20120417,儿科,10
20120417,妇产科,14
20120417,骨科,22
20120417,口腔科,25
20120417,皮肤科,3
20120419,内科,8
20120419,外科,11
20120419,儿科,20
20120419,妇产科,21
20120419,骨科,27
20120419,口腔科,30
20120419,皮肤科,9
20120422,内科,4
20120422,外科,12
20120422,儿科,19
20120422,妇产科,20
20120422,骨科,23
20120422,口腔科,33
20120422,皮肤科,6
20120424,内科,6
20120424,外科,7
20120424,儿科,11
20120424,妇产科,16
20120424,骨科,32
20120424,口腔科,33
20120424,皮肤科,11
20120426,内科,1
20120426,外科,5
20120426,儿科,14
20120426,妇产科,22
20120426,骨科,24
20120426,口腔科,30
20120426,皮肤科,10
20120429,内科,4
20120429,外科,12
20120429,儿科,13
20120429,妇产科,19
20120429,骨科,20
20120429,口腔科,32
20120429,皮肤科,2
20120501,内科,7
20120501,外科,13
20120501,儿科,15
20120501,妇产科,17
20120501,骨科,19
20120501,口腔科,24
20120501,皮肤科,11
20120503,内科,2
20120503,外科,12
20120503,儿科,14
20120503,妇产科,17
20120503,骨科,30
20120503,口腔科,31
20120503,皮肤科,9
20120506,内科,2
20120506,外科,3
20120506,儿科,5
20120506,妇产科,6
20120506,骨科,20
20120506,口腔科,24
20120506,皮肤科,4
20120508,内科,4
20120508,外科,15
20120508,儿科,22
20120508,妇产科,25
20120508,骨科,27
20120508,口腔科,33
20120508,皮肤科,4
20120510,内科,6
20120510,外科,14
20120510,儿科,18
20120510,妇产科,20
20120510,骨科,30
20120510,口腔科,33
20120510,皮肤科,14
20120513,内科,4
20120513,外科,6
20120513,儿科,13
20120513,妇产科,20
20120513,骨科,24
20120513,口腔科,28
20120513,皮肤科,1
20120515,内科,4
20120515,外科,7
20120515,儿科,14
20120515,妇产科,17
20120515,骨科,26
20120515,口腔科,31
20120515,皮肤科,10
20120517,内科,3
20120517,外科,5
20120517,儿科,19
20120517,妇产科,21
20120517,骨科,27
20120517,口腔科,31
20120517,皮肤科,4
20120520,内科,3
20120520,外科,6
20120520,儿科,15
20120520,妇产科,20
20120520,骨科,25
20120520,口腔科,26
20120520,皮肤科,4
20120522,内科,4
20120522,外科,13
20120522,儿科,21
20120522,妇产科,22
20120522,骨科,26
20120522,口腔科,31
20120522,皮肤科,1
20120524,内科,7
20120524,外科,10
20120524,儿科,13
20120524,妇产科,16
20120524,骨科,17
20120524,口腔科,29
20120524,皮肤科,1
20120527,内科,3
20120527,外科,8
20120527,儿科,11
20120527,妇产科,12
20120527,骨科,14
20120527,口腔科,18
20120527,皮肤科,14
20120529,内科,2
20120529,外科,13
20120529,儿科,16
20120529,妇产科,17
20120529,骨科,20
20120529,口腔科,31
20120529,皮肤科,7
20120531,内科,2
20120531,外科,10
20120531,儿科,17
20120531,妇产科,19
20120531,骨科,24
20120531,口腔科,27
20120531,皮肤科,12
20120603,内科,5
20120603,外科,10
20120603,儿科,11
20120603,妇产科,16
20120603,骨科,23
20120603,口腔科,24
20120603,皮肤科,11
20120605,内科,8
20120605,外科,10
20120605,儿科,18
20120605,妇产科,19
20120605,骨科,27
20120605,口腔科,31
20120605,皮肤科,14
20120607,内科,1
20120607,外科,2
20120607,儿科,9
20120607,妇产科,26
20120607,骨科,29
20120607,口腔科,33
20120607,皮肤科,12
20120610,内科,4
20120610,外科,5
20120610,儿科,10
20120610,妇产科,21
20120610,骨科,26
20120610,口腔科,30
20120610,皮肤科,16
20120612,内科,5
20120612,外科,17
20120612,儿科,22
20120612,妇产科,26
20120612,骨科,32
20120612,口腔科,33
20120612,皮肤科,10
20120614,内科,8
20120614,外科,10
20120614,儿科,11
20120614,妇产科,18
20120614,骨科,20
20120614,口腔科,29
20120614,皮肤科,6
20120617,内科,2
20120617,外科,3
20120617,儿科,4
20120617,妇产科,24
20120617,骨科,31
20120617,口腔科,32
20120617,皮肤科,11
20120619,内科,3
20120619,外科,4
20120619,儿科,19
20120619,妇产科,21
20120619,骨科,22
20120619,口腔科,23
20120619,皮肤科,8
20120621,内科,2
20120621,外科,3
20120621,儿科,7
20120621,妇产科,9
20120621,骨科,13
20120621,口腔科,30
20120621,皮肤科,6
20120624,内科,4
20120624,外科,7
20120624,儿科,9
20120624,妇产科,10
20120624,骨科,17
20120624,口腔科,27
20120624,皮肤科,5
20120626,内科,15
20120626,外科,16
20120626,儿科,18
20120626,妇产科,19
20120626,骨科,28
20120626,口腔科,32
20120626,皮肤科,8
20120628,内科,4
20120628,外科,6
20120628,儿科,22
20120628,妇产科,23
20120628,骨科,29
20120628,口腔科,32
20120628,皮肤科,11
20120701,内科,11
20120701,外科,18
20120701,儿科,22
20120701,妇产科,27
20120701,骨科,29
20120701,口腔科,30
20120701,皮肤科,15
20120703,内科,2
20120703,外科,4
20120703,儿科,13
20120703,妇产科,18
20120703,骨科,26
20120703,口腔科,28
20120703,皮肤科,12
20120705,内科,8
20120705,外科,15
20120705,儿科,22
20120705,妇产科,24
20120705,骨科,28
20120705,口腔科,33
20120705,皮肤科,12
20120708,内科,6
20120708,外科,7
20120708,儿科,12
20120708,妇产科,24
20120708,骨科,30
20120708,口腔科,33
20120708,皮肤科,12
20120710,内科,4
20120710,外科,9
20120710,儿科,14
20120710,妇产科,15
20120710,骨科,16
20120710,口腔科,27
20120710,皮肤科,3
20120712,内科,2
20120712,外科,5
20120712,儿科,10
20120712,妇产科,24
20120712,骨科,25
20120712,口腔科,29
20120712,皮肤科,6
20120715,内科,2
20120715,外科,4
20120715,儿科,11
20120715,妇产科,18
20120715,骨科,22
20120715,口腔科,29
20120715,皮肤科,6
20120717,内科,4
20120717,外科,9
20120717,儿科,14
20120717,妇产科,15
20120717,骨科,26
20120717,口腔科,33
20120717,皮肤科,4
20120719,内科,2
20120719,外科,10
20120719,儿科,20
20120719,妇产科,26
20120719,骨科,28
20120719,口腔科,29
20120719,皮肤科,14
20120722,内科,5
20120722,外科,17
20120722,儿科,24
20120722,妇产科,30
20120722,骨科,31
20120722,口腔科,33
20120722,皮肤科,5
20120724,内科,8
20120724,外科,9
20120724,儿科,13
20120724,妇产科,15
20120724,骨科,22
20120724,口腔科,23
20120724,皮肤科,8
20120726,内科,3
20120726,外科,10
20120726,儿科,11
20120726,妇产科,13
20120726,骨科,14
20120726,口腔科,22
20120726,皮肤科,9
20120729,内科,3
20120729,外科,5
20120729,儿科,23
20120729,妇产科,24
20120729,骨科,27
20120729,口腔科,31
20120729,皮肤科,15
20120731,内科,3
20120731,外科,7
20120731,儿科,10
20120731,妇产科,13
20120731,骨科,14
20120731,口腔科,25
20120731,皮肤科,11
20120802,内科,2
20120802,外科,13
20120802,儿科,20
20120802,妇产科,25
20120802,骨科,29
20120802,口腔科,30
20120802,皮肤科,11
20120805,内科,1
20120805,外科,5
20120805,儿科,7
20120805,妇产科,8
20120805,骨科,19
20120805,口腔科,21
20120805,皮肤科,16
20120807,内科,6
20120807,外科,13
20120807,儿科,17
20120807,妇产科,18
20120807,骨科,28
20120807,口腔科,32
20120807,皮肤科,3
20120809,内科,3
20120809,外科,5
20120809,儿科,19
20120809,妇产科,21
20120809,骨科,24
20120809,口腔科,33
20120809,皮肤科,13
20120812,内科,6
20120812,外科,9
20120812,儿科,14
20120812,妇产科,16
20120812,骨科,23
20120812,口腔科,33
20120812,皮肤科,15
20120814,内科,17
20120814,外科,24
20120814,儿科,27
20120814,妇产科,28
20120814,骨科,29
20120814,口腔科,30
20120814,皮肤科,2
20120816,内科,4
20120816,外科,7
20120816,儿科,11
20120816,妇产科,16
20120816,骨科,29
20120816,口腔科,33
20120816,皮肤科,7
20120819,内科,5
20120819,外科,8
20120819,儿科,13
20120819,妇产科,14
20120819,骨科,19
20120819,口腔科,22
20120819,皮肤科,6
20120821,内科,2
20120821,外科,12
20120821,儿科,19
20120821,妇产科,26
20120821,骨科,29
20120821,口腔科,31
20120821,皮肤科,9
20120823,内科,8
20120823,外科,12
20120823,儿科,15
20120823,妇产科,16
20120823,骨科,21
20120823,口腔科,27
20120823,皮肤科,16
20120826,内科,5
20120826,外科,7
20120826,儿科,15
20120826,妇产科,18
20120826,骨科,25
20120826,口腔科,33
20120826,皮肤科,10
20120828,内科,9
20120828,外科,12
20120828,儿科,17
20120828,妇产科,18
20120828,骨科,20
20120828,口腔科,33
20120828,皮肤科,2
20120830,内科,13
20120830,外科,25
20120830,儿科,27
20120830,妇产科,28
20120830,骨科,29
20120830,口腔科,30
20120830,皮肤科,15
20120902,内科,4
20120902,外科,9
20120902,儿科,11
20120902,妇产科,14
20120902,骨科,32
20120902,口腔科,33
20120902,皮肤科,2
20120904,内科,4
20120904,外科,5
20120904,儿科,9
20120904,妇产科,10
20120904,骨科,19
20120904,口腔科,28
20120904,皮肤科,3
20120906,内科,6
20120906,外科,13
20120906,儿科,14
20120906,妇产科,15
20120906,骨科,17
20120906,口腔科,30
20120906,皮肤科,4
20120909,内科,13
20120909,外科,14
20120909,儿科,20
20120909,妇产科,22
20120909,骨科,23
20120909,口腔科,32
20120909,皮肤科,16
20120911,内科,11
20120911,外科,12
20120911,儿科,15
20120911,妇产科,24
20120911,骨科,25
20120911,口腔科,31
20120911,皮肤科,9
20120913,内科,1
20120913,外科,9
20120913,儿科,12
20120913,妇产科,13
20120913,骨科,19
20120913,口腔科,28
20120913,皮肤科,13
20120916,内科,2
20120916,外科,12
20120916,儿科,24
20120916,妇产科,26
20120916,骨科,29
20120916,口腔科,31
20120916,皮肤科,3
20120918,内科,3
20120918,外科,7
20120918,儿科,10
20120918,妇产科,13
20120918,骨科,22
20120918,口腔科,32
20120918,皮肤科,9
20120920,内科,2
20120920,外科,9
20120920,儿科,10
20120920,妇产科,20
20120920,骨科,22
20120920,口腔科,31
20120920,皮肤科,13
20120923,内科,8
20120923,外科,15
20120923,儿科,20
20120923,妇产科,21
20120923,骨科,27
20120923,口腔科,31
20120923,皮肤科,6
20120925,内科,3
20120925,外科,6
20120925,儿科,9
20120925,妇产科,13
20120925,骨科,18
20120925,口腔科,32
20120925,皮肤科,6
20120927,内科,1
20120927,外科,6
20120927,儿科,11
20120927,妇产科,26
20120927,骨科,27
20120927,口腔科,29
20120927,皮肤科,15
20120930,内科,3
20120930,外科,8
20120930,儿科,20
20120930,妇产科,24
20120930,骨科,26
20120930,口腔科,32
20120930,皮肤科,14
20121002,内科,3
20121002,外科,21
20121002,儿科,26
20121002,妇产科,29
20121002,骨科,31
20121002,口腔科,32
20121002,皮肤科,3
20121004,内科,13
20121004,外科,15
20121004,儿科,18
20121004,妇产科,20
20121004,骨科,24
20121004,口腔科,28
20121004,皮肤科,9
20121007,内科,5
20121007,外科,6
20121007,儿科,7
20121007,妇产科,12
20121007,骨科,15
20121007,口腔科,28
20121007,皮肤科,11
20121009,内科,12
20121009,外科,20
20121009,儿科,25
20121009,妇产科,26
20121009,骨科,27
20121009,口腔科,28
20121009,皮肤科,13
20121011,内科,1
20121011,外科,4
20121011,儿科,20
20121011,妇产科,24
20121011,骨科,28
20121011,口腔科,29
20121011,皮肤科,16
20121014,内科,1
20121014,外科,7
20121014,儿科,8
20121014,妇产科,20
20121014,骨科,23
20121014,口腔科,24
20121014,皮肤科,11
20121016,内科,12
20121016,外科,13
20121016,儿科,19
20121016,妇产科,22
20121016,骨科,28
20121016,口腔科,29
20121016,皮肤科,11
20121018,内科,8
20121018,外科,10
20121018,儿科,16
20121018,妇产科,25
20121018,骨科,28
20121018,口腔科,33
20121018,皮肤科,9
20121021,内科,6
20121021,外科,7
20121021,儿科,21
20121021,妇产科,25
20121021,骨科,27
20121021,口腔科,33
20121021,皮肤科,11
20121023,内科,8
20121023,外科,12
20121023,儿科,13
20121023,妇产科,26
20121023,骨科,29
20121023,口腔科,33
20121023,皮肤科,1
20121025,内科,3
20121025,外科,5
20121025,儿科,12
20121025,妇产科,15
20121025,骨科,23
20121025,口腔科,24
20121025,皮肤科,7
20121028,内科,1
20121028,外科,9
20121028,儿科,11
20121028,妇产科,21
20121028,骨科,26
20121028,口腔科,32
20121028,皮肤科,8
20121030,内科,5
20121030,外科,9
20121030,儿科,12
20121030,妇产科,29
20121030,骨科,30
20121030,口腔科,31
20121030,皮肤科,5
20121101,内科,1
20121101,外科,7
20121101,儿科,9
20121101,妇产科,17
20121101,骨科,21
20121101,口腔科,29
20121101,皮肤科,1
20121104,内科,1
20121104,外科,3
20121104,儿科,15
20121104,妇产科,20
20121104,骨科,22
20121104,口腔科,31
20121104,皮肤科,3
20121106,内科,6
20121106,外科,18
20121106,儿科,19
20121106,妇产科,26
20121106,骨科,28
20121106,口腔科,32
20121106,皮肤科,12
20121108,内科,7
20121108,外科,12
20121108,儿科,16
20121108,妇产科,17
20121108,骨科,21
20121108,口腔科,25
20121108,皮肤科,10
20121111,内科,1
20121111,外科,8
20121111,儿科,11
20121111,妇产科,20
20121111,骨科,21
20121111,口腔科,29
20121111,皮肤科,2
20121113,内科,2
20121113,外科,5
20121113,儿科,6
20121113,妇产科,7
20121113,骨科,13
20121113,口腔科,23
20121113,皮肤科,15
20121115,内科,2
20121115,外科,5
20121115,儿科,7
20121115,妇产科,8
20121115,骨科,11
20121115,口腔科,17
20121115,皮肤科,16
20121118,内科,2
20121118,外科,7
20121118,儿科,8
20121118,妇产科,17
20121118,骨科,21
20121118,口腔科,28
20121118,皮肤科,11
20121120,内科,1
20121120,外科,2
20121120,儿科,4
20121120,妇产科,6
20121120,骨科,13
20121120,口腔科,17
20121120,皮肤科,7
20121122,内科,1
20121122,外科,7
20121122,儿科,16
20121122,妇产科,17
20121122,骨科,19
20121122,口腔科,21
20121122,皮肤科,14
20121125,内科,8
20121125,外科,19
20121125,儿科,21
20121125,妇产科,24
20121125,骨科,28
20121125,口腔科,31
20121125,皮肤科,15
20121127,内科,14
20121127,外科,18
20121127,儿科,27
20121127,妇产科,30
20121127,骨科,31
20121127,口腔科,33
20121127,皮肤科,15
20121129,内科,3
20121129,外科,5
20121129,儿科,8
20121129,妇产科,19
20121129,骨科,20
20121129,口腔科,27
20121129,皮肤科,9
20121202,内科,5
20121202,外科,18
20121202,儿科,22
20121202,妇产科,28
20121202,骨科,29
20121202,口腔科,31
20121202,皮肤科,6
20121204,内科,7
20121204,外科,8
20121204,儿科,18
20121204,妇产科,25
20121204,骨科,30
20121204,口腔科,32
20121204,皮肤科,6
20121206,内科,3
20121206,外科,10
20121206,儿科,12
20121206,妇产科,13
20121206,骨科,27
20121206,口腔科,30
20121206,皮肤科,4
20121209,内科,5
20121209,外科,20
20121209,儿科,26
20121209,妇产科,27
20121209,骨科,28
20121209,口腔科,33
20121209,皮肤科,3
20121211,内科,1
20121211,外科,5
20121211,儿科,7
20121211,妇产科,13
20121211,骨科,29
20121211,口腔科,32
20121211,皮肤科,13
20121213,内科,2
20121213,外科,12
20121213,儿科,15
20121213,妇产科,23
20121213,骨科,24
20121213,口腔科,32
20121213,皮肤科,9
20121216,内科,3
20121216,外科,6
20121216,儿科,11
20121216,妇产科,17
20121216,骨科,21
20121216,口腔科,31
20121216,皮肤科,7
20121218,内科,1
20121218,外科,5
20121218,儿科,13
20121218,妇产科,25
20121218,骨科,26
20121218,口腔科,32
20121218,皮肤科,13
20121220,内科,9
20121220,外科,11
20121220,儿科,17
20121220,妇产科,23
20121220,骨科,24
20121220,口腔科,26
20121220,皮肤科,7
20121223,内科,5
20121223,外科,14
20121223,儿科,24
20121223,妇产科,25
20121223,骨科,26
20121223,口腔科,32
20121223,皮肤科,1
20121225,内科,10
20121225,外科,12
20121225,儿科,18
20121225,妇产科,22
20121225,骨科,28
20121225,口腔科,29
20121225,皮肤科,7
20121227,内科,4
20121227,外科,5
20121227,儿科,11
20121227,妇产科,21
20121227,骨科,27
20121227,口腔科,28
20121227,皮肤科,10
20121230,内科,5
20121230,外科,7
20121230,儿科,12
20121230,妇产科,16
20121230,骨科,28
20121230,口腔科,32
20121230,皮肤科,4
20130101,内科,6
20130101,外科,8
20130101,儿科,14
20130101,妇产科,15
20130101,骨科,24
20130101,口腔科,25
20130101,皮肤科,6
20130103,内科,1
20130103,外科,16
20130103,儿科,18
20130103,妇产科,22
20130103,骨科,28
20130103,口腔科,30
20130103,皮肤科,12
20130106,内科,22
20130106,外科,23
20130106,儿科,26
20130106,妇产科,27
20130106,骨科,28
20130106,口腔科,33
20130106,皮肤科,9
20130108,内科,6
20130108,外科,10
20130108,儿科,16
20130108,妇产科,20
20130108,骨科,27
20130108,口腔科,32
20130108,皮肤科,8
20130110,内科,1
20130110,外科,13
20130110,儿科,14
20130110,妇产科,25
20130110,骨科,31
20130110,口腔科,32
20130110,皮肤科,12
20130113,内科,9
20130113,外科,10
20130113,儿科,13
20130113,妇产科,17
20130113,骨科,22
20130113,口腔科,30
20130113,皮肤科,13
20130115,内科,2
20130115,外科,9
20130115,儿科,15
20130115,妇产科,22
20130115,骨科,26
20130115,口腔科,32
20130115,皮肤科,1
20130117,内科,3
20130117,外科,8
20130117,儿科,17
20130117,妇产科,21
20130117,骨科,25
20130117,口腔科,32
20130117,皮肤科,15
20130120,内科,1
20130120,外科,4
20130120,儿科,9
20130120,妇产科,13
20130120,骨科,16
20130120,口腔科,23
20130120,皮肤科,2
20130122,内科,1
20130122,外科,9
20130122,儿科,11
20130122,妇产科,17
20130122,骨科,32
20130122,口腔科,33
20130122,皮肤科,12
20130124,内科,3
20130124,外科,12
20130124,儿科,17
20130124,妇产科,24
20130124,骨科,27
20130124,口腔科,29
20130124,皮肤科,9
20130127,内科,6
20130127,外科,14
20130127,儿科,17
20130127,妇产科,22
20130127,骨科,28
20130127,口腔科,29
20130127,皮肤科,2
20130129,内科,5
20130129,外科,6
20130129,儿科,13
20130129,妇产科,19
20130129,骨科,22
20130129,口腔科,28
20130129,皮肤科,9
20130131,内科,2
20130131,外科,4
20130131,儿科,5
20130131,妇产科,17
20130131,骨科,19
20130131,口腔科,20
20130131,皮肤科,8
20130203,内科,5
20130203,外科,6
20130203,儿科,7
20130203,妇产科,11
20130203,骨科,13
20130203,口腔科,18
20130203,皮肤科,15
20130205,内科,2
20130205,外科,5
20130205,儿科,6
20130205,妇产科,12
20130205,骨科,14
20130205,口腔科,28
20130205,皮肤科,5
20130207,内科,4
20130207,外科,6
20130207,儿科,12
20130207,妇产科,30
20130207,骨科,31
20130207,口腔科,32
20130207,皮肤科,9
20130217,内科,2
20130217,外科,8
20130217,儿科,13
20130217,妇产科,28
20130217,骨科,29
20130217,口腔科,30
20130217,皮肤科,5
20130219,内科,1
20130219,外科,2
20130219,儿科,5
20130219,妇产科,16
20130219,骨科,20
20130219,口腔科,26
20130219,皮肤科,6
20130221,内科,1
20130221,外科,7
20130221,儿科,8
20130221,妇产科,12
20130221,骨科,16
20130221,口腔科,21
20130221,皮肤科,1
20130224,内科,1
20130224,外科,6
20130224,儿科,17
20130224,妇产科,19
20130224,骨科,26
20130224,口腔科,31
20130224,皮肤科,11
20130226,内科,2
20130226,外科,4
20130226,儿科,7
20130226,妇产科,9
20130226,骨科,15
20130226,口腔科,20
20130226,皮肤科,7
20130228,内科,3
20130228,外科,6
20130228,儿科,15
20130228,妇产科,18
20130228,骨科,30
20130228,口腔科,32
20130228,皮肤科,5
20130303,内科,4
20130303,外科,5
20130303,儿科,13
20130303,妇产科,23
20130303,骨科,27
20130303,口腔科,30
20130303,皮肤科,9
20130305,内科,16
20130305,外科,17
20130305,儿科,18
20130305,妇产科,24
20130305,骨科,25
20130305,口腔科,30
20130305,皮肤科,8
20130307,内科,4
20130307,外科,11
20130307,儿科,14
20130307,妇产科,15
20130307,骨科,22
20130307,口腔科,31
20130307,皮肤科,11
20130310,内科,1
20130310,外科,2
20130310,儿科,4
20130310,妇产科,12
20130310,骨科,21
20130310,口腔科,24
20130310,皮肤科,12
20130312,内科,7
20130312,外科,8
20130312,儿科,14
20130312,妇产科,25
20130312,骨科,26
20130312,口腔科,28
20130312,皮肤科,13
20130314,内科,6
20130314,外科,7
20130314,儿科,10
20130314,妇产科,19
20130314,骨科,23
20130314,口腔科,29
20130314,皮肤科,12
20130317,内科,7
20130317,外科,14
20130317,儿科,18
20130317,妇产科,25
20130317,骨科,26
20130317,口腔科,29
20130317,皮肤科,6
20130319,内科,3
20130319,外科,13
20130319,儿科,14
20130319,妇产科,15
20130319,骨科,21
20130319,口腔科,33
20130319,皮肤科,3
20130321,内科,4
20130321,外科,21
20130321,儿科,25
20130321,妇产科,29
20130321,骨科,30
20130321,口腔科,33
20130321,皮肤科,3
20130324,内科,5
20130324,外科,6
20130324,儿科,13
20130324,妇产科,17
20130324,骨科,19
20130324,口腔科,28
20130324,皮肤科,1
20130326,内科,6
20130326,外科,15
20130326,儿科,20
20130326,妇产科,22
20130326,骨科,26
20130326,口腔科,33
20130326,皮肤科,9
20130328,内科,1
20130328,外科,14
20130328,儿科,15
20130328,妇产科,17
20130328,骨科,26
20130328,口腔科,30
20130328,皮肤科,2
20130331,内科,4
20130331,外科,5
20130331,儿科,9
20130331,妇产科,27
20130331,骨科,29
20130331,口腔科,31
20130331,皮肤科,13
20130402,内科,2
20130402,外科,15
20130402,儿科,18
20130402,妇产科,27
20130402,骨科,28
20130402,口腔科,32
20130402,皮肤科,14
20130404,内科,9
20130404,外科,10
20130404,儿科,12
20130404,妇产科,14
20130404,骨科,15
20130404,口腔科,19
20130404,皮肤科,11
20130407,内科,1
20130407,外科,2
20130407,儿科,14
20130407,妇产科,15
20130407,骨科,24
20130407,口腔科,29
20130407,皮肤科,6
20130409,内科,2
20130409,外科,4
20130409,儿科,10
20130409,妇产科,12
20130409,骨科,17
20130409,口腔科,30
20130409,皮肤科,10
20130411,内科,2
20130411,外科,10
20130411,儿科,12
20130411,妇产科,17
20130411,骨科,23
20130411,口腔科,24
20130411,皮肤科,5
20130414,内科,1
20130414,外科,8
20130414,儿科,12
20130414,妇产科,13
20130414,骨科,15
20130414,口腔科,33
20130414,皮肤科,3
20130416,内科,3
20130416,外科,6
20130416,儿科,14
20130416,妇产科,15
20130416,骨科,17
20130416,口腔科,25
20130416,皮肤科,16
20130418,内科,3
20130418,外科,5
20130418,儿科,11
20130418,妇产科,18
20130418,骨科,26
20130418,口腔科,28
20130418,皮肤科,6
20130421,内科,6
20130421,外科,7
20130421,儿科,8
20130421,妇产科,14
20130421,骨科,23
20130421,口腔科,31
20130421,皮肤科,12
20130423,内科,3
20130423,外科,16
20130423,儿科,19
20130423,妇产科,20
20130423,骨科,24
20130423,口腔科,26
20130423,皮肤科,6
20130425,内科,1
20130425,外科,8
20130425,儿科,11
20130425,妇产科,17
20130425,骨科,27
20130425,口腔科,30
20130425,皮肤科,12
20130428,内科,10
20130428,外科,13
20130428,儿科,17
20130428,妇产科,28
20130428,骨科,30
20130428,口腔科,32
20130428,皮肤科,4
20130430,内科,10
20130430,外科,13
20130430,儿科,14
20130430,妇产科,16
20130430,骨科,21
20130430,口腔科,32
20130430,皮肤科,14
20130502,内科,3
20130502,外科,7
20130502,儿科,13
20130502,妇产科,18
20130502,骨科,22
20130502,口腔科,25
20130502,皮肤科,3
20130505,内科,8
20130505,外科,12
20130505,儿科,15
20130505,妇产科,19
20130505,骨科,28
20130505,口腔科,29
20130505,皮肤科,2
20130507,内科,6
20130507,外科,7
20130507,儿科,14
20130507,妇产科,21
20130507,骨科,22
20130507,口腔科,24
20130507,皮肤科,13
20130509,内科,3
20130509,外科,12
20130509,儿科,13
20130509,妇产科,22
20130509,骨科,30
20130509,口腔科,33
20130509,皮肤科,14
20130512,内科,3
20130512,外科,4
20130512,儿科,8
20130512,妇产科,14
20130512,骨科,21
20130512,口腔科,28
20130512,皮肤科,14
20130514,内科,8
20130514,外科,18
20130514,儿科,19
20130514,妇产科,22
20130514,骨科,27
20130514,口腔科,32
20130514,皮肤科,6
20130516,内科,3
20130516,外科,12
20130516,儿科,25
20130516,妇产科,26
20130516,骨科,28
20130516,口腔科,29
20130516,皮肤科,16
20130519,内科,13
20130519,外科,16
20130519,儿科,19
20130519,妇产科,23
20130519,骨科,26
20130519,口腔科,28
20130519,皮肤科,5
20130521,内科,8
20130521,外科,11
20130521,儿科,17
20130521,妇产科,21
20130521,骨科,23
20130521,口腔科,24
20130521,皮肤科,5
20130523,内科,3
20130523,外科,10
20130523,儿科,18
20130523,妇产科,24
20130523,骨科,27
20130523,口腔科,29
20130523,皮肤科,9
20130526,内科,5
20130526,外科,7
20130526,儿科,10
20130526,妇产科,13
20130526,骨科,19
20130526,口腔科,20
20130526,皮肤科,15
20130528,内科,5
20130528,外科,6
20130528,儿科,7
20130528,妇产科,12
20130528,骨科,13
20130528,口腔科,18
20130528,皮肤科,12
20130530,内科,1
20130530,外科,6
20130530,儿科,7
20130530,妇产科,19
20130530,骨科,22
20130530,口腔科,27
20130530,皮肤科,2
20130602,内科,10
20130602,外科,15
20130602,儿科,18
20130602,妇产科,20
20130602,骨科,23
20130602,口腔科,31
20130602,皮肤科,12
20130604,内科,1
20130604,外科,9
20130604,儿科,13
20130604,妇产科,22
20130604,骨科,25
20130604,口腔科,32
20130604,皮肤科,12
20130606,内科,7
20130606,外科,18
20130606,儿科,19
20130606,妇产科,23
20130606,骨科,29
20130606,口腔科,30
20130606,皮肤科,2
20130609,内科,1
20130609,外科,3
20130609,儿科,16
20130609,妇产科,17
20130609,骨科,20
20130609,口腔科,32
20130609,皮肤科,7
20130611,内科,1
20130611,外科,4
20130611,儿科,9
20130611,妇产科,15
20130611,骨科,22
20130611,口腔科,30
20130611,皮肤科,6
20130613,内科,2
20130613,外科,7
20130613,儿科,13
20130613,妇产科,20
20130613,骨科,25
20130613,口腔科,27
20130613,皮肤科,6
20130616,内科,7
20130616,外科,16
20130616,儿科,17
20130616,妇产科,18
20130616,骨科,30
20130616,口腔科,33
20130616,皮肤科,6
20130618,内科,2
20130618,外科,3
20130618,儿科,9
20130618,妇产科,10
20130618,骨科,28
20130618,口腔科,30
20130618,皮肤科,6
20130620,内科,5
20130620,外科,12
20130620,儿科,21
20130620,妇产科,23
20130620,骨科,26
20130620,口腔科,28
20130620,皮肤科,9
20130623,内科,2
20130623,外科,8
20130623,儿科,11
20130623,妇产科,14
20130623,骨科,19
20130623,口腔科,33
20130623,皮肤科,9
20130625,内科,2
20130625,外科,9
20130625,儿科,13
20130625,妇产科,17
20130625,骨科,20
20130625,口腔科,28
20130625,皮肤科,11
20130627,内科,3
20130627,外科,6
20130627,儿科,8
20130627,妇产科,14
20130627,骨科,19
20130627,口腔科,32
20130627,皮肤科,3
20130630,内科,4
20130630,外科,6
20130630,儿科,9
20130630,妇产科,25
20130630,骨科,30
20130630,口腔科,33
20130630,皮肤科,14
20130702,内科,14
20130702,外科,23
20130702,儿科,24
20130702,妇产科,26
20130702,骨科,29
20130702,口腔科,30
20130702,皮肤科,3
20130704,内科,9
20130704,外科,14
20130704,儿科,23
20130704,妇产科,24
20130704,骨科,26
20130704,口腔科,29
20130704,皮肤科,3
20130707,内科,3
20130707,外科,5
20130707,儿科,17
20130707,妇产科,18
20130707,骨科,26
20130707,口腔科,27
20130707,皮肤科,15
20130709,内科,7
20130709,外科,13
20130709,儿科,17
20130709,妇产科,19
20130709,骨科,22
20130709,口腔科,26
20130709,皮肤科,13
20130711,内科,10
20130711,外科,11
20130711,儿科,12
20130711,妇产科,23
20130711,骨科,28
20130711,口腔科,32
20130711,皮肤科,16
20130714,内科,1
20130714,外科,4
20130714,儿科,10
20130714,妇产科,13
20130714,骨科,21
20130714,口腔科,31
20130714,皮肤科,13
20130716,内科,4
20130716,外科,13
20130716,儿科,14
20130716,妇产科,20
20130716,骨科,22
20130716,口腔科,30
20130716,皮肤科,6
20130718,内科,5
20130718,外科,6
20130718,儿科,12
20130718,妇产科,14
20130718,骨科,19
20130718,口腔科,23
20130718,皮肤科,9
20130721,内科,5
20130721,外科,7
20130721,儿科,9
20130721,妇产科,11
20130721,骨科,20
20130721,口腔科,21
20130721,皮肤科,3
20130723,内科,2
20130723,外科,8
20130723,儿科,12
20130723,妇产科,14
20130723,骨科,16
20130723,口腔科,32
20130723,皮肤科,16
20130725,内科,2
20130725,外科,4
20130725,儿科,11
20130725,妇产科,13
20130725,骨科,16
20130725,口腔科,26
20130725,皮肤科,11
20130728,内科,2
20130728,外科,13
20130728,儿科,19
20130728,妇产科,23
20130728,骨科,24
20130728,口腔科,28
20130728,皮肤科,5
20130730,内科,9
20130730,外科,15
20130730,儿科,20
20130730,妇产科,21
20130730,骨科,22
20130730,口腔科,24
20130730,皮肤科,14
20130801,内科,4
20130801,外科,8
20130801,儿科,12
20130801,妇产科,19
20130801,骨科,21
20130801,口腔科,25
20130801,皮肤科,13
20130804,内科,2
20130804,外科,5
20130804,儿科,11
20130804,妇产科,23
20130804,骨科,24
20130804,口腔科,29
20130804,皮肤科,8
20130806,内科,4
20130806,外科,14
20130806,儿科,24
20130806,妇产科,25
20130806,骨科,28
20130806,口腔科,31
20130806,皮肤科,10
20130808,内科,7
20130808,外科,11
20130808,儿科,15
20130808,妇产科,21
20130808,骨科,26
20130808,口腔科,31
20130808,皮肤科,6
20130811,内科,1
20130811,外科,2
20130811,儿科,8
20130811,妇产科,26
20130811,骨科,29
20130811,口腔科,31
20130811,皮肤科,14
20130813,内科,2
20130813,外科,4
20130813,儿科,14
20130813,妇产科,18
20130813,骨科,20
20130813,口腔科,22
20130813,皮肤科,7
20130815,内科,1
20130815,外科,6
20130815,儿科,15
20130815,妇产科,19
20130815,骨科,28
20130815,口腔科,29
20130815,皮肤科,10
20130818,内科,1
20130818,外科,2
20130818,儿科,22
20130818,妇产科,28
20130818,骨科,29
20130818,口腔科,30
20130818,皮肤科,15
20130820,内科,5
20130820,外科,14
20130820,儿科,17
20130820,妇产科,22
20130820,骨科,23
20130820,口腔科,25
20130820,皮肤科,7
20130822,内科,7
20130822,外科,15
20130822,儿科,18
20130822,妇产科,19
20130822,骨科,20
20130822,口腔科,26
20130822,皮肤科,14
20130825,内科,5
20130825,外科,11
20130825,儿科,20
20130825,妇产科,21
20130825,骨科,26
20130825,口腔科,31
20130825,皮肤科,3
20130827,内科,4
20130827,外科,8
20130827,儿科,11
20130827,妇产科,14
20130827,骨科,16
20130827,口腔科,20
20130827,皮肤科,11
20130829,内科,5
20130829,外科,7
20130829,儿科,9
20130829,妇产科,23
20130829,骨科,27
20130829,口腔科,32
20130829,皮肤科,1
20130901,内科,2
20130901,外科,4
20130901,儿科,5
20130901,妇产科,6
20130901,骨科,8
20130901,口腔科,16
20130901,皮肤科,3
20130903,内科,2
20130903,外科,4
20130903,儿科,9
20130903,妇产科,13
20130903,骨科,18
20130903,口腔科,20
20130903,皮肤科,7
20130905,内科,1
20130905,外科,2
20130905,儿科,4
20130905,妇产科,15
20130905,骨科,17
20130905,口腔科,28
20130905,皮肤科,11
20130908,内科,1
20130908,外科,11
20130908,儿科,23
20130908,妇产科,27
20130908,骨科,31
20130908,口腔科,32
20130908,皮肤科,9
20130910,内科,9
20130910,外科,11
20130910,儿科,23
20130910,妇产科,30
20130910,骨科,31
20130910,口腔科,32
20130910,皮肤科,6
20130912,内科,7
20130912,外科,9
20130912,儿科,11
20130912,妇产科,17
20130912,骨科,28
20130912,口腔科,31
20130912,皮肤科,11
20130915,内科,16
20130915,外科,21
20130915,儿科,22
20130915,妇产科,28
20130915,骨科,31
20130915,口腔科,32
20130915,皮肤科,5
20130917,内科,9
20130917,外科,23
20130917,儿科,24
20130917,妇产科,27
20130917,骨科,29
20130917,口腔科,32
20130917,皮肤科,8
20130919,内科,15
20130919,外科,17
20130919,儿科,18
20130919,妇产科,21
20130919,骨科,29
20130919,口腔科,32
20130919,皮肤科,13
20130922,内科,1
20130922,外科,2
20130922,儿科,3
20130922,妇产科,6
20130922,骨科,8
20130922,口腔科,33
20130922,皮肤科,13
20130924,内科,1
20130924,外科,6
20130924,儿科,12
20130924,妇产科,13
20130924,骨科,22
20130924,口腔科,31
20130924,皮肤科,7
20130926,内科,4
20130926,外科,7
20130926,儿科,11
20130926,妇产科,17
20130926,骨科,24
20130926,口腔科,33
20130926,皮肤科,9
20130929,内科,4
20130929,外科,6
20130929,儿科,17
20130929,妇产科,21
20130929,骨科,23
20130929,口腔科,33
20130929,皮肤科,7
20131001,内科,3
20131001,外科,12
20131001,儿科,16
20131001,妇产科,17
20131001,骨科,18
20131001,口腔科,27
20131001,皮肤科,8
20131003,内科,12
20131003,外科,15
20131003,儿科,21
20131003,妇产科,26
20131003,骨科,32
20131003,口腔科,33
20131003,皮肤科,7
20131006,内科,9
20131006,外科,12
20131006,儿科,13
20131006,妇产科,24
20131006,骨科,27
20131006,口腔科,33
20131006,皮肤科,16
20131008,内科,2
20131008,外科,3
20131008,儿科,17
20131008,妇产科,22
20131008,骨科,32
20131008,口腔科,33
20131008,皮肤科,16
20131010,内科,5
20131010,外科,15
20131010,儿科,20
20131010,妇产科,22
20131010,骨科,26
20131010,口腔科,32
20131010,皮肤科,9
20131013,内科,5
20131013,外科,6
20131013,儿科,13
20131013,妇产科,18
20131013,骨科,23
20131013,口腔科,31
20131013,皮肤科,11
20131015,内科,4
20131015,外科,5
20131015,儿科,6
20131015,妇产科,7
20131015,骨科,25
20131015,口腔科,27
20131015,皮肤科,7
20131017,内科,7
20131017,外科,10
20131017,儿科,13
20131017,妇产科,15
20131017,骨科,26
20131017,口腔科,27
20131017,皮肤科,11
20131020,内科,1
20131020,外科,2
20131020,儿科,6
20131020,妇产科,11
20131020,骨科,17
20131020,口腔科,25
20131020,皮肤科,2
20131022,内科,3
20131022,外科,9
20131022,儿科,15
20131022,妇产科,23
20131022,骨科,25
20131022,口腔科,30
20131022,皮肤科,7
20131024,内科,4
20131024,外科,6
20131024,儿科,8
20131024,妇产科,18
20131024,骨科,25
20131024,口腔科,28
20131024,皮肤科,16
20131027,内科,4
20131027,外科,10
20131027,儿科,19
20131027,妇产科,27
20131027,骨科,31
20131027,口腔科,33
20131027,皮肤科,16
20131029,内科,2
20131029,外科,3
20131029,儿科,13
20131029,妇产科,20
20131029,骨科,22
20131029,口腔科,33
20131029,皮肤科,14
20131031,内科,7
20131031,外科,13
20131031,儿科,17
20131031,妇产科,19
20131031,骨科,25
20131031,口腔科,31
20131031,皮肤科,8
20131103,内科,5
20131103,外科,6
20131103,儿科,10
20131103,妇产科,14
20131103,骨科,27
20131103,口腔科,31
20131103,皮肤科,14
20131105,内科,1
20131105,外科,3
20131105,儿科,15
20131105,妇产科,16
20131105,骨科,31
20131105,口腔科,33
20131105,皮肤科,8
20131107,内科,4
20131107,外科,6
20131107,儿科,12
20131107,妇产科,17
20131107,骨科,19
20131107,口腔科,26
20131107,皮肤科,9
20131110,内科,20
20131110,外科,21
20131110,儿科,22
20131110,妇产科,23
20131110,骨科,25
20131110,口腔科,27
20131110,皮肤科,12
20131112,内科,4
20131112,外科,7
20131112,儿科,12
20131112,妇产科,19
20131112,骨科,22
20131112,口腔科,25
20131112,皮肤科,1
20131114,内科,1
20131114,外科,17
20131114,儿科,18
20131114,妇产科,19
20131114,骨科,25
20131114,口腔科,29
20131114,皮肤科,10
20131117,内科,9
20131117,外科,23
20131117,儿科,24
20131117,妇产科,25
20131117,骨科,29
20131117,口腔科,31
20131117,皮肤科,12
20131119,内科,4
20131119,外科,6
20131119,儿科,14
20131119,妇产科,16
20131119,骨科,18
20131119,口腔科,26
20131119,皮肤科,6
20131121,内科,4
20131121,外科,17
20131121,儿科,19
20131121,妇产科,23
20131121,骨科,24
20131121,口腔科,27
20131121,皮肤科,10
20131124,内科,4
20131124,外科,15
20131124,儿科,16
20131124,妇产科,24
20131124,骨科,27
20131124,口腔科,28
20131124,皮肤科,3
20131126,内科,7
20131126,外科,8
20131126,儿科,11
20131126,妇产科,13
20131126,骨科,21
20131126,口腔科,27
20131126,皮肤科,8
20131128,内科,1
20131128,外科,5
20131128,儿科,12
20131128,妇产科,13
20131128,骨科,21
20131128,口腔科,22
20131128,皮肤科,10
20131201,内科,3
20131201,外科,4
20131201,儿科,5
20131201,妇产科,25
20131201,骨科,30
20131201,口腔科,31
20131201,皮肤科,4
20131203,内科,11
20131203,外科,12
20131203,儿科,14
20131203,妇产科,20
20131203,骨科,22
20131203,口腔科,29
20131203,皮肤科,14
20131205,内科,12
20131205,外科,18
20131205,儿科,21
20131205,妇产科,22
20131205,骨科,27
20131205,口腔科,32
20131205,皮肤科,11
20131208,内科,5
20131208,外科,7
20131208,儿科,12
20131208,妇产科,19
20131208,骨科,27
20131208,口腔科,31
20131208,皮肤科,2
20131210,内科,6
20131210,外科,10
20131210,儿科,13
20131210,妇产科,16
20131210,骨科,23
20131210,口腔科,24
20131210,皮肤科,15
20131212,内科,8
20131212,外科,20
20131212,儿科,25
20131212,妇产科,30
20131212,骨科,32
20131212,口腔科,33
20131212,皮肤科,1
20131215,内科,2
20131215,外科,15
20131215,儿科,16
20131215,妇产科,17
20131215,骨科,19
20131215,口腔科,30
20131215,皮肤科,8
20131217,内科,6
20131217,外科,11
20131217,儿科,12
20131217,妇产科,14
20131217,骨科,17
20131217,口腔科,22
20131217,皮肤科,1
20131219,内科,9
20131219,外科,18
20131219,儿科,25
20131219,妇产科,26
20131219,骨科,30
20131219,口腔科,32
20131219,皮肤科,11
20131222,内科,1
20131222,外科,15
20131222,儿科,16
20131222,妇产科,25
20131222,骨科,26
20131222,口腔科,29
20131222,皮肤科,10
20131224,内科,3
20131224,外科,9
20131224,儿科,10
20131224,妇产科,19
20131224,骨科,28
20131224,口腔科,33
20131224,皮肤科,9
20131226,内科,4
20131226,外科,6
20131226,儿科,14
20131226,妇产科,16
20131226,骨科,18
20131226,口腔科,29
20131226,皮肤科,5
20131229,内科,8
20131229,外科,11
20131229,儿科,13
20131229,妇产科,18
20131229,骨科,28
20131229,口腔科,33
20131229,皮肤科,10
20131231,内科,7
20131231,外科,11
20131231,儿科,14
20131231,妇产科,19
20131231,骨科,24
20131231,口腔科,29
20131231,皮肤科,5
20140102,内科,3
20140102,外科,9
20140102,儿科,15
20140102,妇产科,20
20140102,骨科,27
20140102,口腔科,29
20140102,皮肤科,1
20140105,内科,4
20140105,外科,21
20140105,儿科,23
20140105,妇产科,31
20140105,骨科,32
20140105,口腔科,33
20140105,皮肤科,4
20140107,内科,6
20140107,外科,10
20140107,儿科,11
20140107,妇产科,28
20140107,骨科,30
20140107,口腔科,33
20140107,皮肤科,12
20140109,内科,1
20140109,外科,4
20140109,儿科,19
20140109,妇产科,22
20140109,骨科,24
20140109,口腔科,25
20140109,皮肤科,15
20140112,内科,15
20140112,外科,18
20140112,儿科,23
20140112,妇产科,27
20140112,骨科,32
20140112,口腔科,33
20140112,皮肤科,4
20140114,内科,3
20140114,外科,4
20140114,儿科,7
20140114,妇产科,17
20140114,骨科,21
20140114,口腔科,27
20140114,皮肤科,14
20140116,内科,8
20140116,外科,10
20140116,儿科,12
20140116,妇产科,14
20140116,骨科,18
20140116,口腔科,28
20140116,皮肤科,14
20140119,内科,5
20140119,外科,14
20140119,儿科,16
20140119,妇产科,21
20140119,骨科,29
20140119,口腔科,30
20140119,皮肤科,12
20140121,内科,8
20140121,外科,9
20140121,儿科,19
20140121,妇产科,20
20140121,骨科,25
20140121,口腔科,32
20140121,皮肤科,16
20140123,内科,5
20140123,外科,7
20140123,儿科,8
20140123,妇产科,20
20140123,骨科,31
20140123,口腔科,33
20140123,皮肤科,11
20140126,内科,9
20140126,外科,10
20140126,儿科,13
20140126,妇产科,14
20140126,骨科,21
20140126,口腔科,32
20140126,皮肤科,2
20140128,内科,1
20140128,外科,8
20140128,儿科,11
20140128,妇产科,19
20140128,骨科,21
20140128,口腔科,24
20140128,皮肤科,8
20140209,内科,5
20140209,外科,9
20140209,儿科,13
20140209,妇产科,15
20140209,骨科,17
20140209,口腔科,21
20140209,皮肤科,13
20140211,内科,4
20140211,外科,9
20140211,儿科,19
20140211,妇产科,22
20140211,骨科,25
20140211,口腔科,29
20140211,皮肤科,15
20140213,内科,2
20140213,外科,11
20140213,儿科,19
20140213,妇产科,30
20140213,骨科,32
20140213,口腔科,33
20140213,皮肤科,9
20140216,内科,2
20140216,外科,3
20140216,儿科,7
20140216,妇产科,13
20140216,骨科,21
20140216,口腔科,24
20140216,皮肤科,8
20140218,内科,4
20140218,外科,6
20140218,儿科,7
20140218,妇产科,14
20140218,骨科,25
20140218,口腔科,26
20140218,皮肤科,10
20140220,内科,13
20140220,外科,17
20140220,儿科,18
20140220,妇产科,21
20140220,骨科,30
20140220,口腔科,33
20140220,皮肤科,15
20140223,内科,2
20140223,外科,10
20140223,儿科,15
20140223,妇产科,19
20140223,骨科,20
20140223,口腔科,21
20140223,皮肤科,7
20140225,内科,9
20140225,外科,14
20140225,儿科,17
20140225,妇产科,23
20140225,骨科,24
20140225,口腔科,25
20140225,皮肤科,15
20140227,内科,8
20140227,外科,10
20140227,儿科,15
20140227,妇产科,17
20140227,骨科,22
20140227,口腔科,29
20140227,皮肤科,12
20140302,内科,4
20140302,外科,6
20140302,儿科,7
20140302,妇产科,10
20140302,骨科,21
20140302,口腔科,26
20140302,皮肤科,16
20140304,内科,7
20140304,外科,9
20140304,儿科,13
20140304,妇产科,17
20140304,骨科,21
20140304,口腔科,22
20140304,皮肤科,10
20140306,内科,8
20140306,外科,10
20140306,儿科,16
20140306,妇产科,20
20140306,骨科,23
20140306,口腔科,30
20140306,皮肤科,9
20140309,内科,1
20140309,外科,5
20140309,儿科,10
20140309,妇产科,14
20140309,骨科,16
20140309,口腔科,30
20140309,皮肤科,16
20140311,内科,1
20140311,外科,2
20140311,儿科,5
20140311,妇产科,6
20140311,骨科,11
20140311,口腔科,23
20140311,皮肤科,14
20140313,内科,8
20140313,外科,10
20140313,儿科,14
20140313,妇产科,16
20140313,骨科,30
20140313,口腔科,31
20140313,皮肤科,1
20140316,内科,6
20140316,外科,16
20140316,儿科,21
20140316,妇产科,27
20140316,骨科,30
20140316,口腔科,32
20140316,皮肤科,5
20140318,内科,2
20140318,外科,7
20140318,儿科,14
20140318,妇产科,16
20140318,骨科,21
20140318,口腔科,29
20140318,皮肤科,14
20140320,内科,12
20140320,外科,18
20140320,儿科,19
20140320,妇产科,23
20140320,骨科,24
20140320,口腔科,30
20140320,皮肤科,10
20140323,内科,4
20140323,外科,10
20140323,儿科,16
20140323,妇产科,17
20140323,骨科,21
20140323,口腔科,27
20140323,皮肤科,14
20140325,内科,1
20140325,外科,2
20140325,儿科,14
20140325,妇产科,22
20140325,骨科,29
20140325,口腔科,33
20140325,皮肤科,7
20140327,内科,5
20140327,外科,13
20140327,儿科,23
20140327,妇产科,28
20140327,骨科,32
20140327,口腔科,33
20140327,皮肤科,12
20140330,内科,1
20140330,外科,3
20140330,儿科,4
20140330,妇产科,8
20140330,骨科,25
20140330,口腔科,31
20140330,皮肤科,6
20140401,内科,7
20140401,外科,8
20140401,儿科,9
20140401,妇产科,17
20140401,骨科,32
20140401,口腔科,33
20140401,皮肤科,6
20140403,内科,1
20140403,外科,7
20140403,儿科,8
20140403,妇产科,9
20140403,骨科,11
20140403,口腔科,22
20140403,皮肤科,3
20140406,内科,6
20140406,外科,13
20140406,儿科,14
20140406,妇产科,24
20140406,骨科,25
20140406,口腔科,30
20140406,皮肤科,7
20140408,内科,4
20140408,外科,7
20140408,儿科,22
20140408,妇产科,23
20140408,骨科,24
20140408,口腔科,33
20140408,皮肤科,16
20140410,内科,3
20140410,外科,11
20140410,儿科,15
20140410,妇产科,19
20140410,骨科,20
20140410,口腔科,31
20140410,皮肤科,7
20140413,内科,3
20140413,外科,4
20140413,儿科,6
20140413,妇产科,11
20140413,骨科,12
20140413,口腔科,15
20140413,皮肤科,8
20140415,内科,7
20140415,外科,11
20140415,儿科,16
20140415,妇产科,18
20140415,骨科,21
20140415,口腔科,22
20140415,皮肤科,2
20140417,内科,12
20140417,外科,15
20140417,儿科,20
20140417,妇产科,25
20140417,骨科,28
20140417,口腔科,33
20140417,皮肤科,14
20140420,内科,2
20140420,外科,5
20140420,儿科,9
20140420,妇产科,14
20140420,骨科,24
20140420,口腔科,33
20140420,皮肤科,9
20140422,内科,4
20140422,外科,9
20140422,儿科,21
20140422,妇产科,27
20140422,骨科,28
20140422,口腔科,33
20140422,皮肤科,12
20140424,内科,2
20140424,外科,4
20140424,儿科,9
20140424,妇产科,11
20140424,骨科,19
20140424,口腔科,22
20140424,皮肤科,15
20140427,内科,2
20140427,外科,10
20140427,儿科,11
20140427,妇产科,17
20140427,骨科,18
20140427,口腔科,22
20140427,皮肤科,10
20140429,内科,8
20140429,外科,10
20140429,儿科,11
20140429,妇产科,12
20140429,骨科,19
20140429,口腔科,29
20140429,皮肤科,15
20140501,内科,6
20140501,外科,9
20140501,儿科,16
20140501,妇产科,17
20140501,骨科,24
20140501,口腔科,25
20140501,皮肤科,16
20140504,内科,6
20140504,外科,7
20140504,儿科,16
20140504,妇产科,17
20140504,骨科,23
20140504,口腔科,32
20140504,皮肤科,6
20140506,内科,3
20140506,外科,17
20140506,儿科,23
20140506,妇产科,25
20140506,骨科,26
20140506,口腔科,32
20140506,皮肤科,13
20140508,内科,10
20140508,外科,16
20140508,儿科,19
20140508,妇产科,21
20140508,骨科,23
20140508,口腔科,24
20140508,皮肤科,13
20140511,内科,9
20140511,外科,13
20140511,儿科,15
20140511,妇产科,28
20140511,骨科,30
20140511,口腔科,33
20140511,皮肤科,8
20140513,内科,14
20140513,外科,17
20140513,儿科,19
20140513,妇产科,22
20140513,骨科,26
20140513,口腔科,31
20140513,皮肤科,2
20140515,内科,1
20140515,外科,4
20140515,儿科,5
20140515,妇产科,11
20140515,骨科,29
20140515,口腔科,30
20140515,皮肤科,14
20140518,内科,2
20140518,外科,9
20140518,儿科,14
20140518,妇产科,19
20140518,骨科,21
20140518,口腔科,30
20140518,皮肤科,4
20140520,内科,1
20140520,外科,11
20140520,儿科,18
20140520,妇产科,20
20140520,骨科,28
20140520,口腔科,29
20140520,皮肤科,1
20140522,内科,2
20140522,外科,4
20140522,儿科,12
20140522,妇产科,18
20140522,骨科,23
20140522,口腔科,31
20140522,皮肤科,8
20140525,内科,2
20140525,外科,3
20140525,儿科,12
20140525,妇产科,13
20140525,骨科,14
20140525,口腔科,25
20140525,皮肤科,11
20140527,内科,5
20140527,外科,8
20140527,儿科,12
20140527,妇产科,13
20140527,骨科,23
20140527,口腔科,25
20140527,皮肤科,13
20140529,内科,3
20140529,外科,5
20140529,儿科,14
20140529,妇产科,18
20140529,骨科,25
20140529,口腔科,33
20140529,皮肤科,6
20140601,内科,2
20140601,外科,14
20140601,儿科,17
20140601,妇产科,27
20140601,骨科,28
20140601,口腔科,31
20140601,皮肤科,8
20140603,内科,6
20140603,外科,9
20140603,儿科,15
20140603,妇产科,24
20140603,骨科,25
20140603,口腔科,26
20140603,皮肤科,9
20140605,内科,3
20140605,外科,8
20140605,儿科,17
20140605,妇产科,21
20140605,骨科,22
20140605,口腔科,31
20140605,皮肤科,16
20140608,内科,2
20140608,外科,9
20140608,儿科,15
20140608,妇产科,16
20140608,骨科,29
20140608,口腔科,32
20140608,皮肤科,14
20140610,内科,3
20140610,外科,4
20140610,儿科,5
20140610,妇产科,8
20140610,骨科,10
20140610,口腔科,22
20140610,皮肤科,6
20140612,内科,2
20140612,外科,5
20140612,儿科,15
20140612,妇产科,17
20140612,骨科,18
20140612,口腔科,21
20140612,皮肤科,16
20140615,内科,1
20140615,外科,6
20140615,儿科,7
20140615,妇产科,17
20140615,骨科,18
20140615,口腔科,23
20140615,皮肤科,6
20140617,内科,4
20140617,外科,12
20140617,儿科,13
20140617,妇产科,22
20140617,骨科,27
20140617,口腔科,29
20140617,皮肤科,16
20140619,内科,5
20140619,外科,12
20140619,儿科,17
20140619,妇产科,19
20140619,骨科,25
20140619,口腔科,30
20140619,皮肤科,11
20140622,内科,1
20140622,外科,7
20140622,儿科,9
20140622,妇产科,19
20140622,骨科,28
20140622,口腔科,29
20140622,皮肤科,7
20140624,内科,2
20140624,外科,4
20140624,儿科,12
20140624,妇产科,17
20140624,骨科,22
20140624,口腔科,25
20140624,皮肤科,14
20140626,内科,1
20140626,外科,3
20140626,儿科,7
20140626,妇产科,13
20140626,骨科,19
20140626,口腔科,32
20140626,皮肤科,16
20140629,内科,1
20140629,外科,12
20140629,儿科,16
20140629,妇产科,20
20140629,骨科,30
20140629,口腔科,33
20140629,皮肤科,2
20140701,内科,1
20140701,外科,3
20140701,儿科,6
20140701,妇产科,13
20140701,骨科,30
20140701,口腔科,31
20140701,皮肤科,12
20140703,内科,3
20140703,外科,9
20140703,儿科,11
20140703,妇产科,22
20140703,骨科,27
20140703,口腔科,29
20140703,皮肤科,6
20140706,内科,6
20140706,外科,10
20140706,儿科,12
20140706,妇产科,17
20140706,骨科,18
20140706,口腔科,33
20140706,皮肤科,11
20140708,内科,8
20140708,外科,9
20140708,儿科,12
20140708,妇产科,15
20140708,骨科,19
20140708,口腔科,22
20140708,皮肤科,10
20140710,内科,2
20140710,外科,3
20140710,儿科,5
20140710,妇产科,6
20140710,骨科,9
20140710,口腔科,17
20140710,皮肤科,7
20140713,内科,2
20140713,外科,7
20140713,儿科,16
20140713,妇产科,22
20140713,骨科,27
20140713,口腔科,28
20140713,皮肤科,2
20140715,内科,5
20140715,外科,14
20140715,儿科,16
20140715,妇产科,17
20140715,骨科,25
20140715,口腔科,30
20140715,皮肤科,7
20140717,内科,8
20140717,外科,14
20140717,儿科,22
20140717,妇产科,24
20140717,骨科,27
20140717,口腔科,29
20140717,皮肤科,10
20140720,内科,2
20140720,外科,4
20140720,儿科,20
20140720,妇产科,25
20140720,骨科,26
20140720,口腔科,29
20140720,皮肤科,11
20140722,内科,5
20140722,外科,6
20140722,儿科,19
20140722,妇产科,21
20140722,骨科,23
20140722,口腔科,33
20140722,皮肤科,12
20140724,内科,1
20140724,外科,6
20140724,儿科,9
20140724,妇产科,10
20140724,骨科,13
20140724,口腔科,25
20140724,皮肤科,8
20140727,内科,1
20140727,外科,2
20140727,儿科,11
20140727,妇产科,19
20140727,骨科,23
20140727,口腔科,29
20140727,皮肤科,8
20140729,内科,2
20140729,外科,4
20140729,儿科,10
20140729,妇产科,12
20140729,骨科,14
20140729,口腔科,30
20140729,皮肤科,8
20140731,内科,6
20140731,外科,18
20140731,儿科,22
20140731,妇产科,23
20140731,骨科,32
20140731,口腔科,33
20140731,皮肤科,6
20140803,内科,3
20140803,外科,6
20140803,儿科,11
20140803,妇产科,14
20140803,骨科,16
20140803,口腔科,29
20140803,皮肤科,15
20140805,内科,4
20140805,外科,6
20140805,儿科,14
20140805,妇产科,17
20140805,骨科,27
20140805,口腔科,30
20140805,皮肤科,9
20140807,内科,5
20140807,外科,9
20140807,儿科,11
20140807,妇产科,19
20140807,骨科,24
20140807,口腔科,32
20140807,皮肤科,13
20140810,内科,1
20140810,外科,5
20140810,儿科,12
20140810,妇产科,19
20140810,骨科,27
20140810,口腔科,29
20140810,皮肤科,14
20140812,内科,3
20140812,外科,13
20140812,儿科,18
20140812,妇产科,19
20140812,骨科,22
20140812,口腔科,26
20140812,皮肤科,7
20140814,内科,2
20140814,外科,8
20140814,儿科,9
20140814,妇产科,10
20140814,骨科,20
20140814,口腔科,29
20140814,皮肤科,5
20140817,内科,1
20140817,外科,10
20140817,儿科,18
20140817,妇产科,20
20140817,骨科,23
20140817,口腔科,29
20140817,皮肤科,1
20140819,内科,5
20140819,外科,6
20140819,儿科,8
20140819,妇产科,14
20140819,骨科,22
20140819,口腔科,31
20140819,皮肤科,8
20140821,内科,12
20140821,外科,14
20140821,儿科,17
20140821,妇产科,19
20140821,骨科,22
20140821,口腔科,24
20140821,皮肤科,8
20140824,内科,7
20140824,外科,13
20140824,儿科,24
20140824,妇产科,25
20140824,骨科,27
20140824,口腔科,32
20140824,皮肤科,15
20140826,内科,2
20140826,外科,13
20140826,儿科,17
20140826,妇产科,20
20140826,骨科,29
20140826,口腔科,31
20140826,皮肤科,7
20140828,内科,1
20140828,外科,5
20140828,儿科,10
20140828,妇产科,11
20140828,骨科,13
20140828,口腔科,32
20140828,皮肤科,14
20140831,内科,1
20140831,外科,6
20140831,儿科,9
20140831,妇产科,10
20140831,骨科,14
20140831,口腔科,16
20140831,皮肤科,11
20140902,内科,16
20140902,外科,18
20140902,儿科,20
20140902,妇产科,23
20140902,骨科,24
20140902,口腔科,32
20140902,皮肤科,7
20140904,内科,14
20140904,外科,16
20140904,儿科,21
20140904,妇产科,24
20140904,骨科,28
20140904,口腔科,31
20140904,皮肤科,13
20140907,内科,3
20140907,外科,8
20140907,儿科,9
20140907,妇产科,10
20140907,骨科,18
20140907,口腔科,33
20140907,皮肤科,4
20140909,内科,2
20140909,外科,6
20140909,儿科,12
20140909,妇产科,19
20140909,骨科,27
20140909,口腔科,28
20140909,皮肤科,13
20140911,内科,14
20140911,外科,16
20140911,儿科,17
20140911,妇产科,19
20140911,骨科,27
20140911,口腔科,32
20140911,皮肤科,4
20140914,内科,9
20140914,外科,14
20140914,儿科,17
20140914,妇产科,18
20140914,骨科,21
20140914,口腔科,25
20140914,皮肤科,15
20140916,内科,11
20140916,外科,14
20140916,儿科,17
20140916,妇产科,22
20140916,骨科,25
20140916,口腔科,27
20140916,皮肤科,16
20140918,内科,3
20140918,外科,8
20140918,儿科,9
20140918,妇产科,20
20140918,骨科,23
20140918,口腔科,28
20140918,皮肤科,2
20140921,内科,2
20140921,外科,5
20140921,儿科,11
20140921,妇产科,15
20140921,骨科,19
20140921,口腔科,28
20140921,皮肤科,2
20140923,内科,1
20140923,外科,8
20140923,儿科,11
20140923,妇产科,13
20140923,骨科,19
20140923,口腔科,30
20140923,皮肤科,6
20140925,内科,2
20140925,外科,8
20140925,儿科,17
20140925,妇产科,20
20140925,骨科,22
20140925,口腔科,28
20140925,皮肤科,2
20140928,内科,1
20140928,外科,15
20140928,儿科,16
20140928,妇产科,21
20140928,骨科,24
20140928,口腔科,30
20140928,皮肤科,3
20140930,内科,12
20140930,外科,14
20140930,儿科,28
20140930,妇产科,31
20140930,骨科,32
20140930,口腔科,33
20140930,皮肤科,7
20141002,内科,2
20141002,外科,7
20141002,儿科,23
20141002,妇产科,30
20141002,骨科,32
20141002,口腔科,33
20141002,皮肤科,10
20141005,内科,1
20141005,外科,9
20141005,儿科,10
20141005,妇产科,11
20141005,骨科,13
20141005,口腔科,32
20141005,皮肤科,3
20141007,内科,9
20141007,外科,10
20141007,儿科,14
20141007,妇产科,15
20141007,骨科,19
20141007,口腔科,29
20141007,皮肤科,16
20141009,内科,5
20141009,外科,10
20141009,儿科,17
20141009,妇产科,25
20141009,骨科,28
20141009,口腔科,29
20141009,皮肤科,4
20141012,内科,5
20141012,外科,7
20141012,儿科,15
20141012,妇产科,18
20141012,骨科,26
20141012,口腔科,30
20141012,皮肤科,3
20141014,内科,6
20141014,外科,13
20141014,儿科,17
20141014,妇产科,20
20141014,骨科,26
20141014,口腔科,29
20141014,皮肤科,9
20141016,内科,1
20141016,外科,7
20141016,儿科,12
20141016,妇产科,16
20141016,骨科,23
20141016,口腔科,28
20141016,皮肤科,4
20141019,内科,1
20141019,外科,2
20141019,儿科,13
20141019,妇产科,22
20141019,骨科,28
20141019,口腔科,30
20141019,皮肤科,9
20141021,内科,6
20141021,外科,9
20141021,儿科,11
20141021,妇产科,16
20141021,骨科,20
20141021,口腔科,29
20141021,皮肤科,11
20141023,内科,1
20141023,外科,6
20141023,儿科,11
20141023,妇产科,17
20141023,骨科,28
20141023,口腔科,33
20141023,皮肤科,5
20141026,内科,2
20141026,外科,17
20141026,儿科,20
20141026,妇产科,24
20141026,骨科,31
20141026,口腔科,33
20141026,皮肤科,4
20141028,内科,10
20141028,外科,11
20141028,儿科,15
20141028,妇产科,26
20141028,骨科,31
20141028,口腔科,32
20141028,皮肤科,6
20141030,内科,6
20141030,外科,11
20141030,儿科,16
20141030,妇产科,17
20141030,骨科,22
20141030,口腔科,27
20141030,皮肤科,1
20141102,内科,2
20141102,外科,10
20141102,儿科,12
20141102,妇产科,21
20141102,骨科,23
20141102,口腔科,27
20141102,皮肤科,12
20141104,内科,5
20141104,外科,7
20141104,儿科,8
20141104,妇产科,17
20141104,骨科,18
20141104,口腔科,24
20141104,皮肤科,14
20141106,内科,5
20141106,外科,8
20141106,儿科,9
20141106,妇产科,20
20141106,骨科,28
20141106,口腔科,32
20141106,皮肤科,2
20141109,内科,1
20141109,外科,2
20141109,儿科,10
20141109,妇产科,24
20141109,骨科,30
20141109,口腔科,33
20141109,皮肤科,10
20141111,内科,5
20141111,外科,17
20141111,儿科,21
20141111,妇产科,22
20141111,骨科,28
20141111,口腔科,32
20141111,皮肤科,14
20141113,内科,5
20141113,外科,6
20141113,儿科,14
20141113,妇产科,15
20141113,骨科,18
20141113,口腔科,33
20141113,皮肤科,8
20141116,内科,13
20141116,外科,14
20141116,儿科,16
20141116,妇产科,23
20141116,骨科,30
20141116,口腔科,31
20141116,皮肤科,13
20141118,内科,5
20141118,外科,16
20141118,儿科,22
20141118,妇产科,23
20141118,骨科,26
20141118,口腔科,28
20141118,皮肤科,2
20141120,内科,2
20141120,外科,4
20141120,儿科,11
20141120,妇产科,13
20141120,骨科,25
20141120,口腔科,33
20141120,皮肤科,1
20141123,内科,3
20141123,外科,16
20141123,儿科,19
20141123,妇产科,27
20141123,骨科,31
20141123,口腔科,32
20141123,皮肤科,10
20141125,内科,3
20141125,外科,6
20141125,儿科,9
20141125,妇产科,11
20141125,骨科,25
20141125,口腔科,29
20141125,皮肤科,9
20141127,内科,4
20141127,外科,6
20141127,儿科,13
20141127,妇产科,29
20141127,骨科,31
20141127,口腔科,33
20141127,皮肤科,13
20141130,内科,1
20141130,外科,14
20141130,儿科,15
20141130,妇产科,20
20141130,骨科,25
20141130,口腔科,29
20141130,皮肤科,11
20141202,内科,6
20141202,外科,10
20141202,儿科,11
20141202,妇产科,14
20141202,骨科,17
20141202,口腔科,33
20141202,皮肤科,6
20141204,内科,8
20141204,外科,9
20141204,儿科,11
20141204,妇产科,16
20141204,骨科,21
20141204,口腔科,24
20141204,皮肤科,10
20141207,内科,6
20141207,外科,21
20141207,儿科,22
20141207,妇产科,23
20141207,骨科,25
20141207,口腔科,28
20141207,皮肤科,13
20141209,内科,3
20141209,外科,12
20141209,儿科,18
20141209,妇产科,20
20141209,骨科,25
20141209,口腔科,26
20141209,皮肤科,16
20141211,内科,3
20141211,外科,5
20141211,儿科,6
20141211,妇产科,9
20141211,骨科,10
20141211,口腔科,27
20141211,皮肤科,14
20141214,内科,10
20141214,外科,12
20141214,儿科,13
20141214,妇产科,23
20141214,骨科,26
20141214,口腔科,29
20141214,皮肤科,11
20141216,内科,1
20141216,外科,6
20141216,儿科,13
20141216,妇产科,20
20141216,骨科,29
20141216,口腔科,32
20141216,皮肤科,1
20141218,内科,6
20141218,外科,7
20141218,儿科,22
20141218,妇产科,26
20141218,骨科,31
20141218,口腔科,32
20141218,皮肤科,10
20141221,内科,1
20141221,外科,2
20141221,儿科,5
20141221,妇产科,12
20141221,骨科,15
20141221,口腔科,16
20141221,皮肤科,13
20141223,内科,7
20141223,外科,9
20141223,儿科,10
20141223,妇产科,15
20141223,骨科,19
20141223,口腔科,33
20141223,皮肤科,1
20141225,内科,3
20141225,外科,8
20141225,儿科,14
20141225,妇产科,22
20141225,骨科,24
20141225,口腔科,32
20141225,皮肤科,9
20141228,内科,4
20141228,外科,5
20141228,儿科,8
20141228,妇产科,11
20141228,骨科,21
20141228,口腔科,27
20141228,皮肤科,8
20141230,内科,8
20141230,外科,13
20141230,儿科,15
20141230,妇产科,20
20141230,骨科,21
20141230,口腔科,25
20141230,皮肤科,12
20150101,内科,1
20150101,外科,7
20150101,儿科,9
20150101,妇产科,16
20150101,骨科,20
20150101,口腔科,23
20150101,皮肤科,6
20150104,内科,7
20150104,外科,15
20150104,儿科,16
20150104,妇产科,25
20150104,骨科,28
20150104,口腔科,32
20150104,皮肤科,5
20150106,内科,10
20150106,外科,15
20150106,儿科,20
20150106,妇产科,23
20150106,骨科,24
20150106,口腔科,31
20150106,皮肤科,15
20150108,内科,2
20150108,外科,14
20150108,儿科,15
20150108,妇产科,16
20150108,骨科,23
20150108,口腔科,24
20150108,皮肤科,10
20150111,内科,7
20150111,外科,10
20150111,儿科,16
20150111,妇产科,17
20150111,骨科,18
20150111,口腔科,32
20150111,皮肤科,15
20150113,内科,1
20150113,外科,10
20150113,儿科,11
20150113,妇产科,29
20150113,骨科,31
20150113,口腔科,33
20150113,皮肤科,13
20150115,内科,1
20150115,外科,7
20150115,儿科,9
20150115,妇产科,17
20150115,骨科,20
20150115,口腔科,33
20150115,皮肤科,8
20150118,内科,4
20150118,外科,7
20150118,儿科,10
20150118,妇产科,16
20150118,骨科,20
20150118,口腔科,22
20150118,皮肤科,3
20150120,内科,4
20150120,外科,7
20150120,儿科,14
20150120,妇产科,17
20150120,骨科,21
20150120,口腔科,25
20150120,皮肤科,14
20150122,内科,1
20150122,外科,2
20150122,儿科,3
20150122,妇产科,8
20150122,骨科,21
20150122,口腔科,31
20150122,皮肤科,9
20150125,内科,4
20150125,外科,14
20150125,儿科,15
20150125,妇产科,17
20150125,骨科,18
20150125,口腔科,20
20150125,皮肤科,15
20150127,内科,3
20150127,外科,5
20150127,儿科,22
20150127,妇产科,23
20150127,骨科,29
20150127,口腔科,31
20150127,皮肤科,6
20150129,内科,8
20150129,外科,9
20150129,儿科,24
20150129,妇产科,25
20150129,骨科,26
20150129,口腔科,29
20150129,皮肤科,1
20150201,内科,2
20150201,外科,12
20150201,儿科,16
20150201,妇产科,19
20150201,骨科,27
20150201,口腔科,30
20150201,皮肤科,11
20150203,内科,1
20150203,外科,7
20150203,儿科,20
20150203,妇产科,24
20150203,骨科,25
20150203,口腔科,33
20150203,皮肤科,4
20150205,内科,2
20150205,外科,6
20150205,儿科,10
20150205,妇产科,15
20150205,骨科,17
20150205,口腔科,31
20150205,皮肤科,13
20150208,内科,13
20150208,外科,18
20150208,儿科,20
20150208,妇产科,25
20150208,骨科,27
20150208,口腔科,33
20150208,皮肤科,12
20150210,内科,6
20150210,外科,9
20150210,儿科,12
20150210,妇产科,14
20150210,骨科,28
20150210,口腔科,29
20150210,皮肤科,9
20150212,内科,2
20150212,外科,6
20150212,儿科,11
20150212,妇产科,19
20150212,骨科,25
20150212,口腔科,26
20150212,皮肤科,4
20150215,内科,1
20150215,外科,4
20150215,儿科,7
20150215,妇产科,19
20150215,骨科,22
20150215,口腔科,23
20150215,皮肤科,4
20150217,内科,14
20150217,外科,15
20150217,儿科,16
20150217,妇产科,17
20150217,骨科,27
20150217,口腔科,28
20150217,皮肤科,8
20150226,内科,4
20150226,外科,7
20150226,儿科,10
20150226,妇产科,16
20150226,骨科,23
20150226,口腔科,25
20150226,皮肤科,10
20150301,内科,8
20150301,外科,9
20150301,儿科,10
20150301,妇产科,13
20150301,骨科,29
20150301,口腔科,30
20150301,皮肤科,1
20150303,内科,9
20150303,外科,11
20150303,儿科,16
20150303,妇产科,18
20150303,骨科,23
20150303,口腔科,24
20150303,皮肤科,10
20150305,内科,10
20150305,外科,11
20150305,儿科,12
20150305,妇产科,15
20150305,骨科,27
20150305,口腔科,32
20150305,皮肤科,14
20150308,内科,2
20150308,外科,13
20150308,儿科,17
20150308,妇产科,21
20150308,骨科,22
20150308,口腔科,33
20150308,皮肤科,13
20150310,内科,5
20150310,外科,7
20150310,儿科,9
20150310,妇产科,16
20150310,骨科,26
20150310,口腔科,29
20150310,皮肤科,7
20150312,内科,4
20150312,外科,7
20150312,儿科,10
20150312,妇产科,26
20150312,骨科,27
20150312,口腔科,28
20150312,皮肤科,14
20150315,内科,7
20150315,外科,14
20150315,儿科,15
20150315,妇产科,19
20150315,骨科,21
20150315,口腔科,28
20150315,皮肤科,7
20150317,内科,8
20150317,外科,11
20150317,儿科,14
20150317,妇产科,15
20150317,骨科,16
20150317,口腔科,26
20150317,皮肤科,7
20150319,内科,1
20150319,外科,5
20150319,儿科,7
20150319,妇产科,22
20150319,骨科,26
20150319,口腔科,32
20150319,皮肤科,11
20150322,内科,11
20150322,外科,14
20150322,儿科,16
20150322,妇产科,18
20150322,骨科,29
20150322,口腔科,32
20150322,皮肤科,16
20150324,内科,3
20150324,外科,6
20150324,儿科,21
20150324,妇产科,29
20150324,骨科,31
20150324,口腔科,32
20150324,皮肤科,5
20150326,内科,12
20150326,外科,13
20150326,儿科,17
20150326,妇产科,18
20150326,骨科,20
20150326,口腔科,27
20150326,皮肤科,13
20150329,内科,1
20150329,外科,8
20150329,儿科,9
20150329,妇产科,22
20150329,骨科,24
20150329,口腔科,33
20150329,皮肤科,3
20150331,内科,4
20150331,外科,6
20150331,儿科,16
20150331,妇产科,17
20150331,骨科,26
20150331,口腔科,33
20150331,皮肤科,3
20150402,内科,5
20150402,外科,7
20150402,儿科,12
20150402,妇产科,18
20150402,骨科,28
20150402,口腔科,31
20150402,皮肤科,3
20150405,内科,5
20150405,外科,6
20150405,儿科,11
20150405,妇产科,12
20150405,骨科,14
20150405,口腔科,33
20150405,皮肤科,14
20150407,内科,1
20150407,外科,13
20150407,儿科,15
20150407,妇产科,26
20150407,骨科,29
20150407,口腔科,30
20150407,皮肤科,12
20150409,内科,13
20150409,外科,16
20150409,儿科,18
20150409,妇产科,27
20150409,骨科,30
20150409,口腔科,32
20150409,皮肤科,16
20150412,内科,4
20150412,外科,9
20150412,儿科,11
20150412,妇产科,17
20150412,骨科,21
20150412,口腔科,25
20150412,皮肤科,6
20150414,内科,9
20150414,外科,10
20150414,儿科,19
20150414,妇产科,21
20150414,骨科,23
20150414,口腔科,32
20150414,皮肤科,8
20150416,内科,11
20150416,外科,12
20150416,儿科,15
20150416,妇产科,24
20150416,骨科,26
20150416,口腔科,27
20150416,皮肤科,15
20150419,内科,2
20150419,外科,3
20150419,儿科,4
20150419,妇产科,13
20150419,骨科,14
20150419,口腔科,16
20150419,皮肤科,2
20150421,内科,1
20150421,外科,5
20150421,儿科,13
20150421,妇产科,22
20150421,骨科,30
20150421,口腔科,31
20150421,皮肤科,7
20150423,内科,5
20150423,外科,7
20150423,儿科,10
20150423,妇产科,14
20150423,骨科,23
20150423,口腔科,31
20150423,皮肤科,1
20150426,内科,2
20150426,外科,3
20150426,儿科,20
20150426,妇产科,24
20150426,骨科,26
20150426,口腔科,27
20150426,皮肤科,9
20150428,内科,13
20150428,外科,16
20150428,儿科,17
20150428,妇产科,22
20150428,骨科,25
20150428,口腔科,27
20150428,皮肤科,10
20150430,内科,7
20150430,外科,12
20150430,儿科,14
20150430,妇产科,17
20150430,骨科,20
20150430,口腔科,23
20150430,皮肤科,5
20150503,内科,3
20150503,外科,9
20150503,儿科,12
20150503,妇产科,16
20150503,骨科,17
20150503,口腔科,31
20150503,皮肤科,4
20150505,内科,4
20150505,外科,10
20150505,儿科,24
20150505,妇产科,26
20150505,骨科,28
20150505,口腔科,32
20150505,皮肤科,9
20150507,内科,2
20150507,外科,4
20150507,儿科,11
20150507,妇产科,16
20150507,骨科,25
20150507,口腔科,26
20150507,皮肤科,12
20150510,内科,3
20150510,外科,7
20150510,儿科,17
20150510,妇产科,22
20150510,骨科,32
20150510,口腔科,33
20150510,皮肤科,10
20150512,内科,1
20150512,外科,2
20150512,儿科,7
20150512,妇产科,10
20150512,骨科,22
20150512,口腔科,26
20150512,皮肤科,7
20150514,内科,1
20150514,外科,10
20150514,儿科,15
20150514,妇产科,18
20150514,骨科,19
20150514,口腔科,28
20150514,皮肤科,2
20150517,内科,1
20150517,外科,7
20150517,儿科,8
20150517,妇产科,16
20150517,骨科,18
20150517,口腔科,20
20150517,皮肤科,14
20150519,内科,9
20150519,外科,20
20150519,儿科,24
20150519,妇产科,25
20150519,骨科,26
20150519,口腔科,32
20150519,皮肤科,4
20150521,内科,2
20150521,外科,9
20150521,儿科,10
20150521,妇产科,18
20150521,骨科,19
20150521,口腔科,20
20150521,皮肤科,15
20150524,内科,2
20150524,外科,6
20150524,儿科,9
20150524,妇产科,16
20150524,骨科,25
20150524,口腔科,32
20150524,皮肤科,14
20150526,内科,1
20150526,外科,3
20150526,儿科,18
20150526,妇产科,27
20150526,骨科,31
20150526,口腔科,32
20150526,皮肤科,13
20150528,内科,6
20150528,外科,18
20150528,儿科,22
20150528,妇产科,26
20150528,骨科,32
20150528,口腔科,33
20150528,皮肤科,4
20150531,内科,9
20150531,外科,14
20150531,儿科,15
20150531,妇产科,18
20150531,骨科,21
20150531,口腔科,26
20150531,皮肤科,16
20150602,内科,1
20150602,外科,7
20150602,儿科,9
20150602,妇产科,16
20150602,骨科,22
20150602,口腔科,32
20150602,皮肤科,12
20150604,内科,11
20150604,外科,12
20150604,儿科,14
20150604,妇产科,17
20150604,骨科,23
20150604,口腔科,27
20150604,皮肤科,1
20150607,内科,8
20150607,外科,10
20150607,儿科,14
20150607,妇产科,19
20150607,骨科,26
20150607,口腔科,29
20150607,皮肤科,12
20150609,内科,5
20150609,外科,8
20150609,儿科,11
20150609,妇产科,17
20150609,骨科,24
20150609,口腔科,28
20150609,皮肤科,16
20150611,内科,2
20150611,外科,5
20150611,儿科,8
20150611,妇产科,24
20150611,骨科,25
20150611,口腔科,31
20150611,皮肤科,14
20150614,内科,6
20150614,外科,15
20150614,儿科,18
20150614,妇产科,21
20150614,骨科,26
20150614,口腔科,27
20150614,皮肤科,10
20150616,内科,1
20150616,外科,13
20150616,儿科,17
20150616,妇产科,18
20150616,骨科,23
20150616,口腔科,30
20150616,皮肤科,15
20150618,内科,1
20150618,外科,7
20150618,儿科,13
20150618,妇产科,19
20150618,骨科,21
20150618,口腔科,29
20150618,皮肤科,15
20150621,内科,8
20150621,外科,18
20150621,儿科,20
20150621,妇产科,28
20150621,骨科,29
20150621,口腔科,31
20150621,皮肤科,8
20150623,内科,1
20150623,外科,3
20150623,儿科,5
20150623,妇产科,20
20150623,骨科,21
20150623,口腔科,31
20150623,皮肤科,5
20150625,内科,1
20150625,外科,2
20150625,儿科,17
20150625,妇产科,22
20150625,骨科,26
20150625,口腔科,27
20150625,皮肤科,4
20150628,内科,4
20150628,外科,7
20150628,儿科,21
20150628,妇产科,25
20150628,骨科,26
20150628,口腔科,29
20150628,皮肤科,8
20150630,内科,6
20150630,外科,11
20150630,儿科,13
20150630,妇产科,19
20150630,骨科,21
20150630,口腔科,32
20150630,皮肤科,4
20150702,内科,1
20150702,外科,9
20150702,儿科,10
20150702,妇产科,19
20150702,骨科,23
20150702,口腔科,27
20150702,皮肤科,9
20150705,内科,1
20150705,外科,6
20150705,儿科,8
20150705,妇产科,10
20150705,骨科,13
20150705,口腔科,27
20150705,皮肤科,16
20150707,内科,3
20150707,外科,7
20150707,儿科,20
20150707,妇产科,22
20150707,骨科,26
20150707,口腔科,29
20150707,皮肤科,2
20150709,内科,9
20150709,外科,14
20150709,儿科,15
20150709,妇产科,20
20150709,骨科,26
20150709,口腔科,32
20150709,皮肤科,11
20150712,内科,14
20150712,外科,17
20150712,儿科,25
20150712,妇产科,27
20150712,骨科,28
20150712,口腔科,30
20150712,皮肤科,2
20150714,内科,13
20150714,外科,20
20150714,儿科,22
20150714,妇产科,26
20150714,骨科,28
20150714,口腔科,31
20150714,皮肤科,13
20150716,内科,2
20150716,外科,8
20150716,儿科,9
20150716,妇产科,14
20150716,骨科,28
20150716,口腔科,30
20150716,皮肤科,7
20150719,内科,6
20150719,外科,7
20150719,儿科,16
20150719,妇产科,18
20150719,骨科,29
20150719,口腔科,32
20150719,皮肤科,5
20150721,内科,15
20150721,外科,18
20150721,儿科,20
20150721,妇产科,22
20150721,骨科,28
20150721,口腔科,29
20150721,皮肤科,15
20150723,内科,2
20150723,外科,8
20150723,儿科,25
20150723,妇产科,27
20150723,骨科,28
20150723,口腔科,29
20150723,皮肤科,5
20150726,内科,5
20150726,外科,6
20150726,儿科,8
20150726,妇产科,16
20150726,骨科,18
20150726,口腔科,22
20150726,皮肤科,12
20150728,内科,9
20150728,外科,15
20150728,儿科,16
20150728,妇产科,19
20150728,骨科,20
20150728,口腔科,28
20150728,皮肤科,11
20150730,内科,2
20150730,外科,12
20150730,儿科,20
20150730,妇产科,24
20150730,骨科,29
20150730,口腔科,31
20150730,皮肤科,9
20150802,内科,12
20150802,外科,14
20150802,儿科,19
20150802,妇产科,27
20150802,骨科,28
20150802,口腔科,29
20150802,皮肤科,1
20150804,内科,10
20150804,外科,12
20150804,儿科,14
20150804,妇产科,22
20150804,骨科,25
20150804,口腔科,33
20150804,皮肤科,15
20150806,内科,5
20150806,外科,7
20150806,儿科,17
20150806,妇产科,19
20150806,骨科,22
20150806,口腔科,31
20150806,皮肤科,11
20150809,内科,9
20150809,外科,15
20150809,儿科,19
20150809,妇产科,21
20150809,骨科,26
20150809,口腔科,27
20150809,皮肤科,1
20150811,内科,1
20150811,外科,3
20150811,儿科,13
20150811,妇产科,21
20150811,骨科,25
20150811,口腔科,31
20150811,皮肤科,8
20150813,内科,1
20150813,外科,4
20150813,儿科,6
20150813,妇产科,13
20150813,骨科,16
20150813,口腔科,17
20150813,皮肤科,10
20150816,内科,4
20150816,外科,15
20150816,儿科,21
20150816,妇产科,28
20150816,骨科,30
20150816,口腔科,31
20150816,皮肤科,4
20150818,内科,6
20150818,外科,16
20150818,儿科,17
20150818,妇产科,23
20150818,骨科,24
20150818,口腔科,31
20150818,皮肤科,7
20150820,内科,9
20150820,外科,12
20150820,儿科,14
20150820,妇产科,20
20150820,骨科,26
20150820,口腔科,27
20150820,皮肤科,4
20150823,内科,6
20150823,外科,9
20150823,儿科,13
20150823,妇产科,26
20150823,骨科,27
20150823,口腔科,33
20150823,皮肤科,1
20150825,内科,6
20150825,外科,7
20150825,儿科,10
20150825,妇产科,11
20150825,骨科,14
20150825,口腔科,22
20150825,皮肤科,9
20150827,内科,2
20150827,外科,3
20150827,儿科,11
20150827,妇产科,17
20150827,骨科,19
20150827,口腔科,21
20150827,皮肤科,8
20150830,内科,8
20150830,外科,16
20150830,儿科,22
20150830,妇产科,24
20150830,骨科,28
20150830,口腔科,29
20150830,皮肤科,5
20150901,内科,7
20150901,外科,9
20150901,儿科,12
20150901,妇产科,14
20150901,骨科,21
20150901,口腔科,23
20150901,皮肤科,6
20150903,内科,6
20150903,外科,8
20150903,儿科,13
20150903,妇产科,26
20150903,骨科,30
20150903,口腔科,32
20150903,皮肤科,14
20150906,内科,9
20150906,外科,18
20150906,儿科,21
20150906,妇产科,23
20150906,骨科,25
20150906,口腔科,26
20150906,皮肤科,1
20150908,内科,9
20150908,外科,10
20150908,儿科,16
20150908,妇产科,19
20150908,骨科,20
20150908,口腔科,26
20150908,皮肤科,12
20150910,内科,1
20150910,外科,3
20150910,儿科,4
20150910,妇产科,23
20150910,骨科,31
20150910,口腔科,32
20150910,皮肤科,13
20150913,内科,7
20150913,外科,14
20150913,儿科,16
20150913,妇产科,18
20150913,骨科,21
20150913,口腔科,25
20150913,皮肤科,8
20150915,内科,2
20150915,外科,12
20150915,儿科,19
20150915,妇产科,22
20150915,骨科,24
20150915,口腔科,27
20150915,皮肤科,15
20150917,内科,1
20150917,外科,8
20150917,儿科,9
20150917,妇产科,16
20150917,骨科,32
20150917,口腔科,33
20150917,皮肤科,13
20150920,内科,5
20150920,外科,7
20150920,儿科,16
20150920,妇产科,17
20150920,骨科,22
20150920,口腔科,23
20150920,皮肤科,4
20150922,内科,8
20150922,外科,14
20150922,儿科,16
20150922,妇产科,18
20150922,骨科,20
20150922,口腔科,30
20150922,皮肤科,12
20150924,内科,1
20150924,外科,3
20150924,儿科,10
20150924,妇产科,19
20150924,骨科,20
20150924,口腔科,27
20150924,皮肤科,11
20150927,内科,1
20150927,外科,5
20150927,儿科,7
20150927,妇产科,8
20150927,骨科,19
20150927,口腔科,27
20150927,皮肤科,12
20150929,内科,4
20150929,外科,7
20150929,儿科,9
20150929,妇产科,13
20150929,骨科,21
20150929,口腔科,26
20150929,皮肤科,1
20151001,内科,1
20151001,外科,7
20151001,儿科,8
20151001,妇产科,14
20151001,骨科,24
20151001,口腔科,32
20151001,皮肤科,3
20151004,内科,4
20151004,外科,6
20151004,儿科,15
20151004,妇产科,23
20151004,骨科,26
20151004,口腔科,28
20151004,皮肤科,11
20151006,内科,4
20151006,外科,11
20151006,儿科,12
20151006,妇产科,18
20151006,骨科,26
20151006,口腔科,32
20151006,皮肤科,12
20151008,内科,1
20151008,外科,4
20151008,儿科,11
20151008,妇产科,21
20151008,骨科,23
20151008,口腔科,31
20151008,皮肤科,12
20151011,内科,2
20151011,外科,8
20151011,儿科,10
20151011,妇产科,18
20151011,骨科,23
20151011,口腔科,31
20151011,皮肤科,8
20151013,内科,16
20151013,外科,21
20151013,儿科,24
20151013,妇产科,26
20151013,骨科,27
20151013,口腔科,29
20151013,皮肤科,16
20151015,内科,1
20151015,外科,3
20151015,儿科,20
20151015,妇产科,21
20151015,骨科,28
20151015,口腔科,29
20151015,皮肤科,12
20151018,内科,5
20151018,外科,7
20151018,儿科,11
20151018,妇产科,16
20151018,骨科,22
20151018,口腔科,25
20151018,皮肤科,7
20151020,内科,5
20151020,外科,8
20151020,儿科,9
20151020,妇产科,12
20151020,骨科,22
20151020,口腔科,28
20151020,皮肤科,7
20151022,内科,2
20151022,外科,3
20151022,儿科,5
20151022,妇产科,12
20151022,骨科,18
20151022,口腔科,27
20151022,皮肤科,1
20151025,内科,5
20151025,外科,13
20151025,儿科,22
20151025,妇产科,27
20151025,骨科,30
20151025,口腔科,33
20151025,皮肤科,10
20151027,内科,10
20151027,外科,11
20151027,儿科,15
20151027,妇产科,20
20151027,骨科,23
20151027,口腔科,29
20151027,皮肤科,12
20151029,内科,7
20151029,外科,10
20151029,儿科,19
20151029,妇产科,22
20151029,骨科,27
20151029,口腔科,33
20151029,皮肤科,6
20151101,内科,1
20151101,外科,3
20151101,儿科,8
20151101,妇产科,11
20151101,骨科,22
20151101,口腔科,28
20151101,皮肤科,6
20151103,内科,5
20151103,外科,8
20151103,儿科,11
20151103,妇产科,16
20151103,骨科,18
20151103,口腔科,27
20151103,皮肤科,4
20151105,内科,6
20151105,外科,14
20151105,儿科,15
20151105,妇产科,16
20151105,骨科,17
20151105,口腔科,22
20151105,皮肤科,10
20151108,内科,10
20151108,外科,12
20151108,儿科,13
20151108,妇产科,19
20151108,骨科,22
20151108,口腔科,26
20151108,皮肤科,3
20151110,内科,3
20151110,外科,5
20151110,儿科,11
20151110,妇产科,28
20151110,骨科,30
20151110,口腔科,33
20151110,皮肤科,1
20151112,内科,2
20151112,外科,3
20151112,儿科,13
20151112,妇产科,20
20151112,骨科,22
20151112,口腔科,24
20151112,皮肤科,15
20151115,内科,2
20151115,外科,5
20151115,儿科,14
20151115,妇产科,19
20151115,骨科,27
20151115,口腔科,31
20151115,皮肤科,4
20151117,内科,1
20151117,外科,12
20151117,儿科,14
20151117,妇产科,18
20151117,骨科,26
20151117,口腔科,32
20151117,皮肤科,7
20151119,内科,2
20151119,外科,5
20151119,儿科,12
20151119,妇产科,23
20151119,骨科,28
20151119,口腔科,29
20151119,皮肤科,1
20151122,内科,14
20151122,外科,22
20151122,儿科,23
20151122,妇产科,27
20151122,骨科,28
20151122,口腔科,31
20151122,皮肤科,12
20151124,内科,1
20151124,外科,2
20151124,儿科,8
20151124,妇产科,16
20151124,骨科,19
20151124,口腔科,24
20151124,皮肤科,11
20151126,内科,1
20151126,外科,10
20151126,儿科,13
20151126,妇产科,18
20151126,骨科,25
20151126,口腔科,27
20151126,皮肤科,9
20151129,内科,6
20151129,外科,20
20151129,儿科,28
20151129,妇产科,29
20151129,骨科,30
20151129,口腔科,31
20151129,皮肤科,12
20151201,内科,3
20151201,外科,8
20151201,儿科,19
20151201,妇产科,25
20151201,骨科,27
20151201,口腔科,28
20151201,皮肤科,2
20151203,内科,13
20151203,外科,17
20151203,儿科,19
20151203,妇产科,20
20151203,骨科,22
20151203,口腔科,25
20151203,皮肤科,11
20151206,内科,13
20151206,外科,15
20151206,儿科,19
20151206,妇产科,20
20151206,骨科,21
20151206,口腔科,32
20151206,皮肤科,4
20151208,内科,1
20151208,外科,4
20151208,儿科,7
20151208,妇产科,15
20151208,骨科,28
20151208,口腔科,32
20151208,皮肤科,16
20151210,内科,7
20151210,外科,8
20151210,儿科,15
20151210,妇产科,19
20151210,骨科,20
20151210,口腔科,24
20151210,皮肤科,13
20151213,内科,16
20151213,外科,17
20151213,儿科,21
20151213,妇产科,28
20151213,骨科,30
20151213,口腔科,32
20151213,皮肤科,15
20151215,内科,8
20151215,外科,9
20151215,儿科,16
20151215,妇产科,23
20151215,骨科,24
20151215,口腔科,30
20151215,皮肤科,5
20151217,内科,9
20151217,外科,13
20151217,儿科,14
20151217,妇产科,22
20151217,骨科,26
20151217,口腔科,27
20151217,皮肤科,7
20151220,内科,9
20151220,外科,10
20151220,儿科,20
20151220,妇产科,21
20151220,骨科,22
20151220,口腔科,33
20151220,皮肤科,9
20151222,内科,1
20151222,外科,3
20151222,儿科,8
20151222,妇产科,11
20151222,骨科,29
20151222,口腔科,31
20151222,皮肤科,13
20151224,内科,5
20151224,外科,6
20151224,儿科,8
20151224,妇产科,23
20151224,骨科,31
20151224,口腔科,32
20151224,皮肤科,11
20151227,内科,11
20151227,外科,18
20151227,儿科,19
20151227,妇产科,21
20151227,骨科,29
20151227,口腔科,32
20151227,皮肤科,12
20151229,内科,8
20151229,外科,11
20151229,儿科,15
20151229,妇产科,22
20151229,骨科,27
20151229,口腔科,29
20151229,皮肤科,3
20151231,内科,7
20151231,外科,9
20151231,儿科,11
20151231,妇产科,15
20151231,骨科,18
20151231,口腔科,25
20151231,皮肤科,7
20160103,内科,6
20160103,外科,13
20160103,儿科,16
20160103,妇产科,18
20160103,骨科,20
20160103,口腔科,22
20160103,皮肤科,13
20160105,内科,9
20160105,外科,14
20160105,儿科,17
20160105,妇产科,20
20160105,骨科,24
20160105,口腔科,30
20160105,皮肤科,16
20160107,内科,1
20160107,外科,10
20160107,儿科,14
20160107,妇产科,23
20160107,骨科,26
20160107,口腔科,28
20160107,皮肤科,1
20160110,内科,8
20160110,外科,10
20160110,儿科,17
20160110,妇产科,22
20160110,骨科,25
20160110,口腔科,33
20160110,皮肤科,12
20160112,内科,11
20160112,外科,14
20160112,儿科,18
20160112,妇产科,20
20160112,骨科,31
20160112,口腔科,33
20160112,皮肤科,14
20160114,内科,13
20160114,外科,16
20160114,儿科,18
20160114,妇产科,20
20160114,骨科,28
20160114,口腔科,31
20160114,皮肤科,12
20160117,内科,5
20160117,外科,12
20160117,儿科,14
20160117,妇产科,20
20160117,骨科,27
20160117,口腔科,29
20160117,皮肤科,6
20160119,内科,2
20160119,外科,15
20160119,儿科,24
20160119,妇产科,29
20160119,骨科,32
20160119,口腔科,33
20160119,皮肤科,2
20160121,内科,10
20160121,外科,14
20160121,儿科,24
20160121,妇产科,25
20160121,骨科,27
20160121,口腔科,32
20160121,皮肤科,4
20160124,内科,2
20160124,外科,4
20160124,儿科,12
20160124,妇产科,14
20160124,骨科,19
20160124,口腔科,25
20160124,皮肤科,6
20160126,内科,3
20160126,外科,8
20160126,儿科,10
20160126,妇产科,15
20160126,骨科,22
20160126,口腔科,29
20160126,皮肤科,12
20160128,内科,7
20160128,外科,12
20160128,儿科,14
20160128,妇产科,16
20160128,骨科,27
20160128,口腔科,32
20160128,皮肤科,15
20160131,内科,7
20160131,外科,12
20160131,儿科,21
20160131,妇产科,22
20160131,骨科,26
20160131,口腔科,31
20160131,皮肤科,1
20160202,内科,2
20160202,外科,8
20160202,儿科,10
20160202,妇产科,18
20160202,骨科,20
20160202,口腔科,27
20160202,皮肤科,7
20160204,内科,1
20160204,外科,2
20160204,儿科,14
20160204,妇产科,22
20160204,骨科,25
20160204,口腔科,26
20160204,皮肤科,7
20160214,内科,1
20160214,外科,20
20160214,儿科,22
20160214,妇产科,24
20160214,骨科,25
20160214,口腔科,26
20160214,皮肤科,16
20160216,内科,5
20160216,外科,6
20160216,儿科,8
20160216,妇产科,20
20160216,骨科,22
20160216,口腔科,30
20160216,皮肤科,5
20160218,内科,12
20160218,外科,13
20160218,儿科,14
20160218,妇产科,17
20160218,骨科,21
20160218,口腔科,25
20160218,皮肤科,4
20160221,内科,6
20160221,外科,13
20160221,儿科,16
20160221,妇产科,17
20160221,骨科,23
20160221,口腔科,30
20160221,皮肤科,10
20160223,内科,1
20160223,外科,2
20160223,儿科,10
20160223,妇产科,12
20160223,骨科,22
20160223,口腔科,24
20160223,皮肤科,10
20160225,内科,9
20160225,外科,11
20160225,儿科,13
20160225,妇产科,22
20160225,骨科,24
20160225,口腔科,26
20160225,皮肤科,5
20160228,内科,4
20160228,外科,9
20160228,儿科,19
20160228,妇产科,22
20160228,骨科,23
20160228,口腔科,30
20160228,皮肤科,7
20160301,内科,3
20160301,外科,6
20160301,儿科,10
20160301,妇产科,19
20160301,骨科,25
20160301,口腔科,29
20160301,皮肤科,7
20160303,内科,2
20160303,外科,5
20160303,儿科,7
20160303,妇产科,14
20160303,骨科,18
20160303,口腔科,31
20160303,皮肤科,13
20160306,内科,4
20160306,外科,11
20160306,儿科,12
20160306,妇产科,17
20160306,骨科,24
20160306,口腔科,30
20160306,皮肤科,12
20160308,内科,4
20160308,外科,9
20160308,儿科,12
20160308,妇产科,28
20160308,骨科,30
20160308,口腔科,33
20160308,皮肤科,1
20160310,内科,11
20160310,外科,13
20160310,儿科,15
20160310,妇产科,17
20160310,骨科,19
20160310,口腔科,31
20160310,皮肤科,5
20160313,内科,6
20160313,外科,8
20160313,儿科,12
20160313,妇产科,21
20160313,骨科,25
20160313,口腔科,29
20160313,皮肤科,1
20160315,内科,12
20160315,外科,15
20160315,儿科,18
20160315,妇产科,20
20160315,骨科,21
20160315,口腔科,27
20160315,皮肤科,15
20160317,内科,10
20160317,外科,14
20160317,儿科,19
20160317,妇产科,22
20160317,骨科,25
20160317,口腔科,29
20160317,皮肤科,12
20160320,内科,3
20160320,外科,8
20160320,儿科,10
20160320,妇产科,19
20160320,骨科,26
20160320,口腔科,33
20160320,皮肤科,3
20160322,内科,8
20160322,外科,12
20160322,儿科,14
20160322,妇产科,15
20160322,骨科,21
20160322,口腔科,27
20160322,皮肤科,15
20160324,内科,6
20160324,外科,17
20160324,儿科,18
20160324,妇产科,20
20160324,骨科,27
20160324,口腔科,29
20160324,皮肤科,15
20160327,内科,3
20160327,外科,15
20160327,儿科,21
20160327,妇产科,22
20160327,骨科,23
20160327,口腔科,28
20160327,皮肤科,15
20160329,内科,4
20160329,外科,13
20160329,儿科,19
20160329,妇产科,20
20160329,骨科,26
20160329,口腔科,29
20160329,皮肤科,11
20160331,内科,3
20160331,外科,4
20160331,儿科,7
20160331,妇产科,9
20160331,骨科,20
20160331,口腔科,22
20160331,皮肤科,3
20160403,内科,6
20160403,外科,15
20160403,儿科,26
20160403,妇产科,31
20160403,骨科,32
20160403,口腔科,33
20160403,皮肤科,16
20160405,内科,3
20160405,外科,12
20160405,儿科,13
20160405,妇产科,22
20160405,骨科,28
20160405,口腔科,29
20160405,皮肤科,3
20160407,内科,1
20160407,外科,3
20160407,儿科,7
20160407,妇产科,18
20160407,骨科,19
20160407,口腔科,27
20160407,皮肤科,16
20160410,内科,3
20160410,外科,13
20160410,儿科,19
20160410,妇产科,20
20160410,骨科,23
20160410,口腔科,26
20160410,皮肤科,3
20160412,内科,12
20160412,外科,17
20160412,儿科,18
20160412,妇产科,21
20160412,骨科,22
20160412,口腔科,24
20160412,皮肤科,4
20160414,内科,7
20160414,外科,14
20160414,儿科,17
20160414,妇产科,23
20160414,骨科,26
20160414,口腔科,31
20160414,皮肤科,9
20160417,内科,5
20160417,外科,14
20160417,儿科,20
20160417,妇产科,26
20160417,骨科,30
20160417,口腔科,33
20160417,皮肤科,12
20160419,内科,1
20160419,外科,3
20160419,儿科,10
20160419,妇产科,12
20160419,骨科,18
20160419,口腔科,30
20160419,皮肤科,1
20160421,内科,4
20160421,外科,9
20160421,儿科,12
20160421,妇产科,17
20160421,骨科,30
20160421,口腔科,32
20160421,皮肤科,3
20160424,内科,7
20160424,外科,20
20160424,儿科,25
20160424,妇产科,26
20160424,骨科,27
20160424,口腔科,30
20160424,皮肤科,14
20160426,内科,2
20160426,外科,5
20160426,儿科,8
20160426,妇产科,15
20160426,骨科,17
20160426,口腔科,22
20160426,皮肤科,16
20160428,内科,3
20160428,外科,8
20160428,儿科,13
20160428,妇产科,14
20160428,骨科,15
20160428,口腔科,30
20160428,皮肤科,4
20160501,内科,6
20160501,外科,8
20160501,儿科,13
20160501,妇产科,14
20160501,骨科,22
20160501,口腔科,27
20160501,皮肤科,10
20160503,内科,9
20160503,外科,12
20160503,儿科,24
20160503,妇产科,28
20160503,骨科,29
20160503,口腔科,30
20160503,皮肤科,2
20160505,内科,1
20160505,外科,2
20160505,儿科,4
20160505,妇产科,9
20160505,骨科,15
20160505,口腔科,33
20160505,皮肤科,12
20160508,内科,1
20160508,外科,6
20160508,儿科,13
20160508,妇产科,19
20160508,骨科,24
20160508,口腔科,28
20160508,皮肤科,16
20160510,内科,2
20160510,外科,8
20160510,儿科,10
20160510,妇产科,12
20160510,骨科,29
20160510,口腔科,31
20160510,皮肤科,1
20160512,内科,6
20160512,外科,11
20160512,儿科,16
20160512,妇产科,19
20160512,骨科,28
20160512,口腔科,32
20160512,皮肤科,4
20160515,内科,5
20160515,外科,6
20160515,儿科,10
20160515,妇产科,16
20160515,骨科,22
20160515,口腔科,26
20160515,皮肤科,11
20160517,内科,3
20160517,外科,4
20160517,儿科,8
20160517,妇产科,11
20160517,骨科,16
20160517,口腔科,18
20160517,皮肤科,14
20160519,内科,7
20160519,外科,12
20160519,儿科,19
20160519,妇产科,22
20160519,骨科,23
20160519,口腔科,26
20160519,皮肤科,11
20160522,内科,3
20160522,外科,5
20160522,儿科,18
20160522,妇产科,20
20160522,骨科,24
20160522,口腔科,32
20160522,皮肤科,11
20160524,内科,4
20160524,外科,11
20160524,儿科,12
20160524,妇产科,20
20160524,骨科,25
20160524,口腔科,28
20160524,皮肤科,15
20160526,内科,4
20160526,外科,5
20160526,儿科,22
20160526,妇产科,26
20160526,骨科,29
20160526,口腔科,32
20160526,皮肤科,8
20160529,内科,5
20160529,外科,6
20160529,儿科,8
20160529,妇产科,18
20160529,骨科,20
20160529,口腔科,32
20160529,皮肤科,8
20160531,内科,12
20160531,外科,13
20160531,儿科,15
20160531,妇产科,18
20160531,骨科,19
20160531,口腔科,21
20160531,皮肤科,9
20160602,内科,16
20160602,外科,17
20160602,儿科,18
20160602,妇产科,23
20160602,骨科,28
20160602,口腔科,32
20160602,皮肤科,7
20160605,内科,3
20160605,外科,12
20160605,儿科,14
20160605,妇产科,17
20160605,骨科,19
20160605,口腔科,26
20160605,皮肤科,3
20160607,内科,13
20160607,外科,16
20160607,儿科,22
20160607,妇产科,25
20160607,骨科,26
20160607,口腔科,27
20160607,皮肤科,14
20160609,内科,3
20160609,外科,7
20160609,儿科,13
20160609,妇产科,18
20160609,骨科,19
20160609,口腔科,20
20160609,皮肤科,5
20160612,内科,9
20160612,外科,13
20160612,儿科,18
20160612,妇产科,20
20160612,骨科,27
20160612,口腔科,31
20160612,皮肤科,4
20160614,内科,8
20160614,外科,19
20160614,儿科,23
20160614,妇产科,28
20160614,骨科,31
20160614,口腔科,32
20160614,皮肤科,1
20160616,内科,8
20160616,外科,10
20160616,儿科,11
20160616,妇产科,20
20160616,骨科,21
20160616,口腔科,27
20160616,皮肤科,11
20160619,内科,3
20160619,外科,6
20160619,儿科,11
20160619,妇产科,18
20160619,骨科,23
20160619,口腔科,29
20160619,皮肤科,1
20160621,内科,19
20160621,外科,21
20160621,儿科,26
20160621,妇产科,28
20160621,骨科,29
20160621,口腔科,32
20160621,皮肤科,1
20160623,内科,5
20160623,外科,16
20160623,儿科,19
20160623,妇产科,22
20160623,骨科,24
20160623,口腔科,25
20160623,皮肤科,2
20160626,内科,9
20160626,外科,11
20160626,儿科,12
20160626,妇产科,15
20160626,骨科,16
20160626,口腔科,20
20160626,皮肤科,13
20160628,内科,6
20160628,外科,10
20160628,儿科,11
20160628,妇产科,12
20160628,骨科,20
20160628,口腔科,25
20160628,皮肤科,12
20160630,内科,1
20160630,外科,3
20160630,儿科,6
20160630,妇产科,16
20160630,骨科,29
20160630,口腔科,32
20160630,皮肤科,7
20160703,内科,7
20160703,外科,8
20160703,儿科,13
20160703,妇产科,22
20160703,骨科,30
20160703,口腔科,32
20160703,皮肤科,1
20160705,内科,1
20160705,外科,9
20160705,儿科,17
20160705,妇产科,19
20160705,骨科,20
20160705,口腔科,29
20160705,皮肤科,10
20160707,内科,2
20160707,外科,4
20160707,儿科,8
20160707,妇产科,23
20160707,骨科,26
20160707,口腔科,29
20160707,皮肤科,2
20160710,内科,1
20160710,外科,3
20160710,儿科,10
20160710,妇产科,12
20160710,骨科,24
20160710,口腔科,28
20160710,皮肤科,2
20160712,内科,1
20160712,外科,16
20160712,儿科,17
20160712,妇产科,24
20160712,骨科,25
20160712,口腔科,32
20160712,皮肤科,14
20160714,内科,2
20160714,外科,6
20160714,儿科,15
20160714,妇产科,25
20160714,骨科,30
20160714,口腔科,32
20160714,皮肤科,7
20160717,内科,6
20160717,外科,12
20160717,儿科,14
20160717,妇产科,15
20160717,骨科,17
20160717,口腔科,20
20160717,皮肤科,9
20160719,内科,9
20160719,外科,16
20160719,儿科,17
20160719,妇产科,24
20160719,骨科,30
20160719,口腔科,31
20160719,皮肤科,4
20160721,内科,2
20160721,外科,4
20160721,儿科,12
20160721,妇产科,18
20160721,骨科,24
20160721,口腔科,26
20160721,皮肤科,5
20160724,内科,1
20160724,外科,12
20160724,儿科,19
20160724,妇产科,20
20160724,骨科,21
20160724,口腔科,25
20160724,皮肤科,16
20160726,内科,9
20160726,外科,10
20160726,儿科,11
20160726,妇产科,12
20160726,骨科,15
20160726,口腔科,32
20160726,皮肤科,5
20160728,内科,2
20160728,外科,3
20160728,儿科,10
20160728,妇产科,11
20160728,骨科,14
20160728,口腔科,21
20160728,皮肤科,12
20160731,内科,3
20160731,外科,14
20160731,儿科,16
20160731,妇产科,18
20160731,骨科,25
20160731,口腔科,33
20160731,皮肤科,15
20160802,内科,1
20160802,外科,3
20160802,儿科,14
20160802,妇产科,30
20160802,骨科,31
20160802,口腔科,32
20160802,皮肤科,8
20160804,内科,2
20160804,外科,13
20160804,儿科,17
20160804,妇产科,20
20160804,骨科,21
20160804,口腔科,26
20160804,皮肤科,7
20160807,内科,4
20160807,外科,8
20160807,儿科,14
20160807,妇产科,22
20160807,骨科,23
20160807,口腔科,28
20160807,皮肤科,7
20160809,内科,2
20160809,外科,13
20160809,儿科,15
20160809,妇产科,23
20160809,骨科,24
20160809,口腔科,29
20160809,皮肤科,6
20160811,内科,6
20160811,外科,9
20160811,儿科,15
20160811,妇产科,17
20160811,骨科,25
20160811,口腔科,27
20160811,皮肤科,9
20160814,内科,6
20160814,外科,7
20160814,儿科,10
20160814,妇产科,12
20160814,骨科,18
20160814,口腔科,31
20160814,皮肤科,10
20160816,内科,1
20160816,外科,5
20160816,儿科,9
20160816,妇产科,12
20160816,骨科,18
20160816,口腔科,32
20160816,皮肤科,12
20160818,内科,6
20160818,外科,13
20160818,儿科,14
20160818,妇产科,21
20160818,骨科,22
20160818,口腔科,24
20160818,皮肤科,16
20160821,内科,6
20160821,外科,13
20160821,儿科,25
20160821,妇产科,26
20160821,骨科,28
20160821,口腔科,31
20160821,皮肤科,1
20160823,内科,2
20160823,外科,8
20160823,儿科,25
20160823,妇产科,29
20160823,骨科,31
20160823,口腔科,32
20160823,皮肤科,6
20160825,内科,1
20160825,外科,11
20160825,儿科,21
20160825,妇产科,23
20160825,骨科,27
20160825,口腔科,33
20160825,皮肤科,6
20160828,内科,3
20160828,外科,10
20160828,儿科,22
20160828,妇产科,23
20160828,骨科,27
20160828,口腔科,29
20160828,皮肤科,4
20160830,内科,1
20160830,外科,3
20160830,儿科,19
20160830,妇产科,24
20160830,骨科,32
20160830,口腔科,33
20160830,皮肤科,1
20160901,内科,5
20160901,外科,8
20160901,儿科,10
20160901,妇产科,14
20160901,骨科,17
20160901,口腔科,30
20160901,皮肤科,13
20160904,内科,1
20160904,外科,5
20160904,儿科,13
20160904,妇产科,19
20160904,骨科,24
20160904,口腔科,27
20160904,皮肤科,11
20160906,内科,5
20160906,外科,9
20160906,儿科,11
20160906,妇产科,18
20160906,骨科,30
20160906,口腔科,31
20160906,皮肤科,4
20160908,内科,8
20160908,外科,10
20160908,儿科,19
20160908,妇产科,27
20160908,骨科,28
20160908,口腔科,31
20160908,皮肤科,16
20160911,内科,4
20160911,外科,5
20160911,儿科,13
20160911,妇产科,22
20160911,骨科,25
20160911,口腔科,30
20160911,皮肤科,4
20160913,内科,6
20160913,外科,11
20160913,儿科,18
20160913,妇产科,26
20160913,骨科,27
20160913,口腔科,32
20160913,皮肤科,1
20160915,内科,2
20160915,外科,3
20160915,儿科,7
20160915,妇产科,8
20160915,骨科,19
20160915,口腔科,26
20160915,皮肤科,16
20160918,内科,9
20160918,外科,11
20160918,儿科,15
20160918,妇产科,16
20160918,骨科,27
20160918,口腔科,33
20160918,皮肤科,5
20160920,内科,5
20160920,外科,7
20160920,儿科,28
20160920,妇产科,31
20160920,骨科,32
20160920,口腔科,33
20160920,皮肤科,8
20160922,内科,2
20160922,外科,4
20160922,儿科,7
20160922,妇产科,14
20160922,骨科,15
20160922,口腔科,32
20160922,皮肤科,4
20160925,内科,6
20160925,外科,12
20160925,儿科,14
20160925,妇产科,15
20160925,骨科,18
20160925,口腔科,25
20160925,皮肤科,12
20160927,内科,1
20160927,外科,11
20160927,儿科,16
20160927,妇产科,17
20160927,骨科,20
20160927,口腔科,26
20160927,皮肤科,14
20160929,内科,5
20160929,外科,16
20160929,儿科,20
20160929,妇产科,22
20160929,骨科,27
20160929,口腔科,29
20160929,皮肤科,9
20161002,内科,6
20161002,外科,8
20161002,儿科,20
20161002,妇产科,22
20161002,骨科,26
20161002,口腔科,27
20161002,皮肤科,9
20161004,内科,7
20161004,外科,18
20161004,儿科,20
20161004,妇产科,23
20161004,骨科,27
20161004,口腔科,31
20161004,皮肤科,13
20161006,内科,3
20161006,外科,10
20161006,儿科,14
20161006,妇产科,17
20161006,骨科,28
20161006,口腔科,33
20161006,皮肤科,2
20161009,内科,9
20161009,外科,14
20161009,儿科,22
20161009,妇产科,23
20161009,骨科,31
20161009,口腔科,33
20161009,皮肤科,14
20161011,内科,9
20161011,外科,19
20161011,儿科,21
20161011,妇产科,30
20161011,骨科,31
20161011,口腔科,32
20161011,皮肤科,4
20161013,内科,2
20161013,外科,5
20161013,儿科,6
20161013,妇产科,21
20161013,骨科,25
20161013,口腔科,28
20161013,皮肤科,9
20161016,内科,2
20161016,外科,3
20161016,儿科,10
20161016,妇产科,23
20161016,骨科,25
20161016,口腔科,28
20161016,皮肤科,9
20161018,内科,15
20161018,外科,22
20161018,儿科,23
20161018,妇产科,24
20161018,骨科,28
20161018,口腔科,29
20161018,皮肤科,8
20161020,内科,7
20161020,外科,9
20161020,儿科,12
20161020,妇产科,14
20161020,骨科,20
20161020,口腔科,27
20161020,皮肤科,16
20161023,内科,9
20161023,外科,15
20161023,儿科,21
20161023,妇产科,24
20161023,骨科,27
20161023,口腔科,32
20161023,皮肤科,10
20161025,内科,1
20161025,外科,6
20161025,儿科,8
20161025,妇产科,20
20161025,骨科,27
20161025,口腔科,30
20161025,皮肤科,3
20161027,内科,2
20161027,外科,6
20161027,儿科,12
20161027,妇产科,17
20161027,骨科,18
20161027,口腔科,19
20161027,皮肤科,10
20161030,内科,7
20161030,外科,12
20161030,儿科,17
20161030,妇产科,26
20161030,骨科,29
20161030,口腔科,31
20161030,皮肤科,16
20161101,内科,4
20161101,外科,9
20161101,儿科,11
20161101,妇产科,17
20161101,骨科,26
20161101,口腔科,27
20161101,皮肤科,13
20161103,内科,5
20161103,外科,6
20161103,儿科,8
20161103,妇产科,21
20161103,骨科,31
20161103,口腔科,33
20161103,皮肤科,14
20161106,内科,3
20161106,外科,17
20161106,儿科,21
20161106,妇产科,23
20161106,骨科,27
20161106,口腔科,28
20161106,皮肤科,1
20161108,内科,4
20161108,外科,10
20161108,儿科,18
20161108,妇产科,19
20161108,骨科,25
20161108,口腔科,27
20161108,皮肤科,2
20161110,内科,5
20161110,外科,8
20161110,儿科,13
20161110,妇产科,19
20161110,骨科,27
20161110,口腔科,28
20161110,皮肤科,7
20161113,内科,15
20161113,外科,16
20161113,儿科,21
20161113,妇产科,22
20161113,骨科,27
20161113,口腔科,33
20161113,皮肤科,15
20161115,内科,11
20161115,外科,12
20161115,儿科,13
20161115,妇产科,14
20161115,骨科,18
20161115,口腔科,33
20161115,皮肤科,13
20161117,内科,2
20161117,外科,8
20161117,儿科,10
20161117,妇产科,18
20161117,骨科,20
20161117,口腔科,33
20161117,皮肤科,12
20161120,内科,2
20161120,外科,7
20161120,儿科,10
20161120,妇产科,20
20161120,骨科,27
20161120,口腔科,29
20161120,皮肤科,3
20161122,内科,1
20161122,外科,6
20161122,儿科,9
20161122,妇产科,10
20161122,骨科,15
20161122,口腔科,32
20161122,皮肤科,14
20161124,内科,7
20161124,外科,16
20161124,儿科,20
20161124,妇产科,24
20161124,骨科,25
20161124,口腔科,30
20161124,皮肤科,7
20161127,内科,1
20161127,外科,6
20161127,儿科,19
20161127,妇产科,26
20161127,骨科,28
20161127,口腔科,30
20161127,皮肤科,3
20161129,内科,1
20161129,外科,2
20161129,儿科,5
20161129,妇产科,17
20161129,骨科,26
20161129,口腔科,32
20161129,皮肤科,10
20161201,内科,4
20161201,外科,13
20161201,儿科,15
20161201,妇产科,17
20161201,骨科,21
20161201,口腔科,24
20161201,皮肤科,15
20161204,内科,1
20161204,外科,10
20161204,儿科,17
20161204,妇产科,21
20161204,骨科,23
20161204,口腔科,30
20161204,皮肤科,12
20161206,内科,6
20161206,外科,9
20161206,儿科,23
20161206,妇产科,24
20161206,骨科,25
20161206,口腔科,33
20161206,皮肤科,13
20161208,内科,4
20161208,外科,10
20161208,儿科,12
20161208,妇产科,27
20161208,骨科,32
20161208,口腔科,33
20161208,皮肤科,5
20161211,内科,1
20161211,外科,3
20161211,儿科,7
20161211,妇产科,12
20161211,骨科,19
20161211,口腔科,20
20161211,皮肤科,6
20161213,内科,3
20161213,外科,7
20161213,儿科,15
20161213,妇产科,16
20161213,骨科,17
20161213,口腔科,23
20161213,皮肤科,10
20161215,内科,4
20161215,外科,14
20161215,儿科,18
20161215,妇产科,28
20161215,骨科,31
20161215,口腔科,32
20161215,皮肤科,12
20161218,内科,1
20161218,外科,2
20161218,儿科,11
20161218,妇产科,20
20161218,骨科,26
20161218,口腔科,30
20161218,皮肤科,14
20161220,内科,3
20161220,外科,20
20161220,儿科,23
20161220,妇产科,26
20161220,骨科,32
20161220,口腔科,33
20161220,皮肤科,7
20161222,内科,2
20161222,外科,4
20161222,儿科,5
20161222,妇产科,9
20161222,骨科,13
20161222,口腔科,21
20161222,皮肤科,5
20161225,内科,6
20161225,外科,11
20161225,儿科,16
20161225,妇产科,20
20161225,骨科,22
20161225,口腔科,33
20161225,皮肤科,7
20161227,内科,2
20161227,外科,8
20161227,儿科,9
20161227,妇产科,16
20161227,骨科,20
20161227,口腔科,22
20161227,皮肤科,7
20161229,内科,7
20161229,外科,9
20161229,儿科,16
20161229,妇产科,24
20161229,骨科,25
20161229,口腔科,29
20161229,皮肤科,6
20170101,内科,9
20170101,外科,11
20170101,儿科,14
20170101,妇产科,20
20170101,骨科,25
20170101,口腔科,26
20170101,皮肤科,15
20170103,内科,15
20170103,外科,19
20170103,儿科,23
20170103,妇产科,24
20170103,骨科,25
20170103,口腔科,32
20170103,皮肤科,3
20170105,内科,1
20170105,外科,4
20170105,儿科,8
20170105,妇产科,15
20170105,骨科,27
20170105,口腔科,32
20170105,皮肤科,16
20170108,内科,5
20170108,外科,13
20170108,儿科,17
20170108,妇产科,26
20170108,骨科,27
20170108,口腔科,30
20170108,皮肤科,7
20170110,内科,6
20170110,外科,11
20170110,儿科,12
20170110,妇产科,22
20170110,骨科,23
20170110,口腔科,30
20170110,皮肤科,5
20170112,内科,2
20170112,外科,4
20170112,儿科,8
20170112,妇产科,26
20170112,骨科,29
20170112,口腔科,33
20170112,皮肤科,8
20170115,内科,2
20170115,外科,4
20170115,儿科,5
20170115,妇产科,24
20170115,骨科,26
20170115,口腔科,33
20170115,皮肤科,15
20170117,内科,7
20170117,外科,13
20170117,儿科,15
20170117,妇产科,27
20170117,骨科,28
20170117,口腔科,29
20170117,皮肤科,13
20170119,内科,2
20170119,外科,6
20170119,儿科,8
20170119,妇产科,9
20170119,骨科,15
20170119,口腔科,29
20170119,皮肤科,14
20170122,内科,5
20170122,外科,8
20170122,儿科,19
20170122,妇产科,25
20170122,骨科,28
20170122,口腔科,30
20170122,皮肤科,7
20170124,内科,10
20170124,外科,11
20170124,儿科,12
20170124,妇产科,23
20170124,骨科,26
20170124,口腔科,29
20170124,皮肤科,16
20170126,内科,10
20170126,外科,11
20170126,儿科,14
20170126,妇产科,15
20170126,骨科,16
20170126,口腔科,24
20170126,皮肤科,7
20170205,内科,8
20170205,外科,11
20170205,儿科,28
20170205,妇产科,29
20170205,骨科,31
20170205,口腔科,33
20170205,皮肤科,6
20170207,内科,6
20170207,外科,8
20170207,儿科,18
20170207,妇产科,20
20170207,骨科,23
20170207,口腔科,31
20170207,皮肤科,13
20170209,内科,1
20170209,外科,8
20170209,儿科,9
20170209,妇产科,14
20170209,骨科,17
20170209,口腔科,32
20170209,皮肤科,1
20170212,内科,5
20170212,外科,8
20170212,儿科,16
20170212,妇产科,22
20170212,骨科,27
20170212,口腔科,29
20170212,皮肤科,2
20170214,内科,3
20170214,外科,7
20170214,儿科,8
20170214,妇产科,10
20170214,骨科,22
20170214,口腔科,23
20170214,皮肤科,12
20170216,内科,1
20170216,外科,2
20170216,儿科,3
20170216,妇产科,17
20170216,骨科,25
20170216,口腔科,31
20170216,皮肤科,9
20170219,内科,4
20170219,外科,6
20170219,儿科,8
20170219,妇产科,12
20170219,骨科,23
20170219,口腔科,25
20170219,皮肤科,8
20170221,内科,4
20170221,外科,8
20170221,儿科,10
20170221,妇产科,12
20170221,骨科,31
20170221,口腔科,33
20170221,皮肤科,10
20170223,内科,2
20170223,外科,5
20170223,儿科,10
20170223,妇产科,22
20170223,骨科,32
20170223,口腔科,33
20170223,皮肤科,9
20170226,内科,2
20170226,外科,6
20170226,儿科,15
20170226,妇产科,16
20170226,骨科,18
20170226,口腔科,32
20170226,皮肤科,15
20170228,内科,1
20170228,外科,3
20170228,儿科,4
20170228,妇产科,11
20170228,骨科,18
20170228,口腔科,22
20170228,皮肤科,14
20170302,内科,9
20170302,外科,21
20170302,儿科,25
20170302,妇产科,26
20170302,骨科,29
20170302,口腔科,31
20170302,皮肤科,13
20170305,内科,2
20170305,外科,15
20170305,儿科,16
20170305,妇产科,17
20170305,骨科,22
20170305,口腔科,32
20170305,皮肤科,7
20170307,内科,3
20170307,外科,10
20170307,儿科,12
20170307,妇产科,19
20170307,骨科,27
20170307,口腔科,30
20170307,皮肤科,8
20170309,内科,2
20170309,外科,4
20170309,儿科,11
20170309,妇产科,14
20170309,骨科,27
20170309,口腔科,30
20170309,皮肤科,5
20170312,内科,7
20170312,外科,8
20170312,儿科,12
20170312,妇产科,13
20170312,骨科,22
20170312,口腔科,30
20170312,皮肤科,9
20170314,内科,2
20170314,外科,15
20170314,儿科,21
20170314,妇产科,23
20170314,骨科,25
20170314,口腔科,30
20170314,皮肤科,10
20170316,内科,1
20170316,外科,7
20170316,儿科,9
20170316,妇产科,20
20170316,骨科,23
20170316,口腔科,30
20170316,皮肤科,2
20170319,内科,6
20170319,外科,10
20170319,儿科,16
20170319,妇产科,26
20170319,骨科,27
20170319,口腔科,29
20170319,皮肤科,3
20170321,内科,5
20170321,外科,8
20170321,儿科,15
20170321,妇产科,24
20170321,骨科,27
20170321,口腔科,31
20170321,皮肤科,11
20170323,内科,5
20170323,外科,7
20170323,儿科,15
20170323,妇产科,20
20170323,骨科,23
20170323,口腔科,30
20170323,皮肤科,15
20170326,内科,4
20170326,外科,7
20170326,儿科,8
20170326,妇产科,19
20170326,骨科,32
20170326,口腔科,33
20170326,皮肤科,13
20170328,内科,1
20170328,外科,6
20170328,儿科,14
20170328,妇产科,24
20170328,骨科,28
20170328,口腔科,32
20170328,皮肤科,12
20170330,内科,1
20170330,外科,2
20170330,儿科,5
20170330,妇产科,10
20170330,骨科,24
20170330,口腔科,27
20170330,皮肤科,15
20170402,内科,11
20170402,外科,15
20170402,儿科,20
20170402,妇产科,22
20170402,骨科,25
20170402,口腔科,30
20170402,皮肤科,5
20170404,内科,1
20170404,外科,4
20170404,儿科,8
20170404,妇产科,13
20170404,骨科,24
20170404,口腔科,27
20170404,皮肤科,5
20170406,内科,2
20170406,外科,4
20170406,儿科,12
20170406,妇产科,14
20170406,骨科,17
20170406,口腔科,24
20170406,皮肤科,15
20170409,内科,15
20170409,外科,19
20170409,儿科,23
20170409,妇产科,28
20170409,骨科,29
20170409,口腔科,33
20170409,皮肤科,4
20170411,内科,4
20170411,外科,10
20170411,儿科,13
20170411,妇产科,15
20170411,骨科,22
20170411,口腔科,27
20170411,皮肤科,4
20170413,内科,1
20170413,外科,2
20170413,儿科,4
20170413,妇产科,7
20170413,骨科,10
20170413,口腔科,23
20170413,皮肤科,4
20170416,内科,8
20170416,外科,13
20170416,儿科,16
20170416,妇产科,23
20170416,骨科,27
20170416,口腔科,31
20170416,皮肤科,8
20170418,内科,8
20170418,外科,16
20170418,儿科,19
20170418,妇产科,21
20170418,骨科,31
20170418,口腔科,32
20170418,皮肤科,6
20170420,内科,5
20170420,外科,7
20170420,儿科,16
20170420,妇产科,20
20170420,骨科,21
20170420,口腔科,25
20170420,皮肤科,5
20170423,内科,4
20170423,外科,13
20170423,儿科,14
20170423,妇产科,23
20170423,骨科,26
20170423,口腔科,32
20170423,皮肤科,10
20170425,内科,2
20170425,外科,5
20170425,儿科,8
20170425,妇产科,10
20170425,骨科,32
20170425,口腔科,33
20170425,皮肤科,2
20170427,内科,5
20170427,外科,8
20170427,儿科,9
20170427,妇产科,14
20170427,骨科,15
20170427,口腔科,19
20170427,皮肤科,7
20170430,内科,1
20170430,外科,8
20170430,儿科,14
20170430,妇产科,15
20170430,骨科,20
20170430,口腔科,29
20170430,皮肤科,10
20170502,内科,10
20170502,外科,12
20170502,儿科,20
20170502,妇产科,24
20170502,骨科,27
20170502,口腔科,29
20170502,皮肤科,7
20170504,内科,2
20170504,外科,5
20170504,儿科,9
20170504,妇产科,15
20170504,骨科,24
20170504,口腔科,25
20170504,皮肤科,11
20170507,内科,7
20170507,外科,8
20170507,儿科,18
20170507,妇产科,24
20170507,骨科,29
20170507,口腔科,31
20170507,皮肤科,7
20170509,内科,4
20170509,外科,9
20170509,儿科,11
20170509,妇产科,15
20170509,骨科,29
20170509,口腔科,31
20170509,皮肤科,6
20170511,内科,2
20170511,外科,3
20170511,儿科,9
20170511,妇产科,23
20170511,骨科,28
20170511,口腔科,33
20170511,皮肤科,8
20170514,内科,7
20170514,外科,12
20170514,儿科,13
20170514,妇产科,20
20170514,骨科,24
20170514,口腔科,31
20170514,皮肤科,5
20170516,内科,13
20170516,外科,14
20170516,儿科,18
20170516,妇产科,19
20170516,骨科,21
20170516,口腔科,28
20170516,皮肤科,6
20170518,内科,18
20170518,外科,20
20170518,儿科,22
20170518,妇产科,23
20170518,骨科,30
20170518,口腔科,31
20170518,皮肤科,16
20170521,内科,1
20170521,外科,9
20170521,儿科,13
20170521,妇产科,22
20170521,骨科,28
20170521,口腔科,32
20170521,皮肤科,11
20170523,内科,4
20170523,外科,8
20170523,儿科,9
20170523,妇产科,15
20170523,骨科,19
20170523,口腔科,25
20170523,皮肤科,9
20170525,内科,5
20170525,外科,10
20170525,儿科,13
20170525,妇产科,24
20170525,骨科,26
20170525,口腔科,31
20170525,皮肤科,4
20170528,内科,6
20170528,外科,7
20170528,儿科,12
20170528,妇产科,20
20170528,骨科,26
20170528,口腔科,27
20170528,皮肤科,11
20170530,内科,1
20170530,外科,7
20170530,儿科,22
20170530,妇产科,24
20170530,骨科,26
20170530,口腔科,31
20170530,皮肤科,10
20170601,内科,12
20170601,外科,16
20170601,儿科,20
20170601,妇产科,22
20170601,骨科,25
20170601,口腔科,31
20170601,皮肤科,4
20170604,内科,2
20170604,外科,10
20170604,儿科,16
20170604,妇产科,22
20170604,骨科,24
20170604,口腔科,28
20170604,皮肤科,15
20170606,内科,2
20170606,外科,5
20170606,儿科,8
20170606,妇产科,10
20170606,骨科,12
20170606,口腔科,21
20170606,皮肤科,7
20170608,内科,1
20170608,外科,4
20170608,儿科,6
20170608,妇产科,17
20170608,骨科,19
20170608,口腔科,26
20170608,皮肤科,3
20170611,内科,1
20170611,外科,3
20170611,儿科,4
20170611,妇产科,10
20170611,骨科,18
20170611,口腔科,29
20170611,皮肤科,4
20170613,内科,2
20170613,外科,6
20170613,儿科,10
20170613,妇产科,22
20170613,骨科,30
20170613,口腔科,31
20170613,皮肤科,15
20170615,内科,2
20170615,外科,11
20170615,儿科,12
20170615,妇产科,23
20170615,骨科,29
20170615,口腔科,31
20170615,皮肤科,5
20170618,内科,1
20170618,外科,6
20170618,儿科,14
20170618,妇产科,22
20170618,骨科,25
20170618,口腔科,26
20170618,皮肤科,12
20170620,内科,2
20170620,外科,3
20170620,儿科,6
20170620,妇产科,14
20170620,骨科,31
20170620,口腔科,32
20170620,皮肤科,3
20170622,内科,6
20170622,外科,11
20170622,儿科,14
20170622,妇产科,23
20170622,骨科,26
20170622,口腔科,30
20170622,皮肤科,2
20170625,内科,3
20170625,外科,6
20170625,儿科,16
20170625,妇产科,23
20170625,骨科,26
20170625,口腔科,30
20170625,皮肤科,14
20170627,内科,2
20170627,外科,6
20170627,儿科,16
20170627,妇产科,23
20170627,骨科,30
20170627,口腔科,31
20170627,皮肤科,2
20170629,内科,1
20170629,外科,3
20170629,儿科,6
20170629,妇产科,19
20170629,骨科,21
20170629,口腔科,29
20170629,皮肤科,7
20170702,内科,1
20170702,外科,4
20170702,儿科,8
20170702,妇产科,9
20170702,骨科,14
20170702,口腔科,15
20170702,皮肤科,13
20170704,内科,1
20170704,外科,2
20170704,儿科,4
20170704,妇产科,15
20170704,骨科,17
20170704,口腔科,22
20170704,皮肤科,14
20170706,内科,5
20170706,外科,7
20170706,儿科,18
20170706,妇产科,19
20170706,骨科,22
20170706,口腔科,24
20170706,皮肤科,16
20170709,内科,3
20170709,外科,7
20170709,儿科,14
20170709,妇产科,23
20170709,骨科,25
20170709,口腔科,27
20170709,皮肤科,8
20170711,内科,1
20170711,外科,12
20170711,儿科,16
20170711,妇产科,20
20170711,骨科,22
20170711,口腔科,24
20170711,皮肤科,8
20170713,内科,3
20170713,外科,5
20170713,儿科,14
20170713,妇产科,25
20170713,骨科,26
20170713,口腔科,30
20170713,皮肤科,5
20170716,内科,14
20170716,外科,18
20170716,儿科,21
20170716,妇产科,25
20170716,骨科,28
20170716,口腔科,29
20170716,皮肤科,10
20170718,内科,3
20170718,外科,8
20170718,儿科,14
20170718,妇产科,20
20170718,骨科,24
20170718,口腔科,26
20170718,皮肤科,12
20170720,内科,1
20170720,外科,5
20170720,儿科,11
20170720,妇产科,20
20170720,骨科,22
20170720,口腔科,24
20170720,皮肤科,2
20170723,内科,1
20170723,外科,5
20170723,儿科,6
20170723,妇产科,16
20170723,骨科,25
20170723,口腔科,30
20170723,皮肤科,9
20170725,内科,3
20170725,外科,5
20170725,儿科,6
20170725,妇产科,13
20170725,骨科,20
20170725,口腔科,22
20170725,皮肤科,7
20170727,内科,3
20170727,外科,6
20170727,儿科,13
20170727,妇产科,14
20170727,骨科,19
20170727,口腔科,28
20170727,皮肤科,6
20170730,内科,7
20170730,外科,9
20170730,儿科,18
20170730,妇产科,22
20170730,骨科,23
20170730,口腔科,29
20170730,皮肤科,6
20170801,内科,11
20170801,外科,12
20170801,儿科,13
20170801,妇产科,16
20170801,骨科,23
20170801,口腔科,25
20170801,皮肤科,12
20170803,内科,1
20170803,外科,7
20170803,儿科,10
20170803,妇产科,16
20170803,骨科,22
20170803,口腔科,33
20170803,皮肤科,9
20170806,内科,5
20170806,外科,7
20170806,儿科,10
20170806,妇产科,23
20170806,骨科,28
20170806,口腔科,29
20170806,皮肤科,3
20170808,内科,10
20170808,外科,18
20170808,儿科,19
20170808,妇产科,29
20170808,骨科,32
20170808,口腔科,33
20170808,皮肤科,9
20170810,内科,7
20170810,外科,8
20170810,儿科,9
20170810,妇产科,15
20170810,骨科,22
20170810,口腔科,27
20170810,皮肤科,12
20170813,内科,8
20170813,外科,11
20170813,儿科,13
20170813,妇产科,19
20170813,骨科,28
20170813,口腔科,31
20170813,皮肤科,6
20170815,内科,9
20170815,外科,10
20170815,儿科,12
20170815,妇产科,19
20170815,骨科,22
20170815,口腔科,29
20170815,皮肤科,16
20170817,内科,2
20170817,外科,6
20170817,儿科,11
20170817,妇产科,12
20170817,骨科,19
20170817,口腔科,29
20170817,皮肤科,6
20170820,内科,5
20170820,外科,10
20170820,儿科,18
20170820,妇产科,19
20170820,骨科,30
20170820,口腔科,31
20170820,皮肤科,3
20170822,内科,4
20170822,外科,19
20170822,儿科,22
20170822,妇产科,27
20170822,骨科,30
20170822,口腔科,33
20170822,皮肤科,1
20170824,内科,2
20170824,外科,5
20170824,儿科,6
20170824,妇产科,16
20170824,骨科,28
20170824,口腔科,29
20170824,皮肤科,4
20170827,内科,4
20170827,外科,7
20170827,儿科,8
20170827,妇产科,18
20170827,骨科,23
20170827,口腔科,24
20170827,皮肤科,2
20170829,内科,1
20170829,外科,4
20170829,儿科,11
20170829,妇产科,28
20170829,骨科,31
20170829,口腔科,32
20170829,皮肤科,16
20170831,内科,4
20170831,外科,8
20170831,儿科,10
20170831,妇产科,14
20170831,骨科,18
20170831,口腔科,20
20170831,皮肤科,11
20170903,内科,1
20170903,外科,21
20170903,儿科,23
20170903,妇产科,25
20170903,骨科,31
20170903,口腔科,33
20170903,皮肤科,1
20170905,内科,1
20170905,外科,14
20170905,儿科,15
20170905,妇产科,20
20170905,骨科,23
20170905,口腔科,30
20170905,皮肤科,14
20170907,内科,3
20170907,外科,6
20170907,儿科,7
20170907,妇产科,12
20170907,骨科,25
20170907,口腔科,26
20170907,皮肤科,7
20170910,内科,12
20170910,外科,15
20170910,儿科,20
20170910,妇产科,25
20170910,骨科,27
20170910,口腔科,31
20170910,皮肤科,2
20170912,内科,8
20170912,外科,9
20170912,儿科,15
20170912,妇产科,17
20170912,骨科,30
20170912,口腔科,32
20170912,皮肤科,6
20170914,内科,7
20170914,外科,12
20170914,儿科,14
20170914,妇产科,15
20170914,骨科,17
20170914,口腔科,20
20170914,皮肤科,1
20170917,内科,8
20170917,外科,14
20170917,儿科,16
20170917,妇产科,18
20170917,骨科,21
20170917,口腔科,23
20170917,皮肤科,16
20170919,内科,1
20170919,外科,3
20170919,儿科,12
20170919,妇产科,15
20170919,骨科,19
20170919,口腔科,23
20170919,皮肤科,14
20170921,内科,5
20170921,外科,10
20170921,儿科,17
20170921,妇产科,19
20170921,骨科,29
20170921,口腔科,32
20170921,皮肤科,12
20170924,内科,3
20170924,外科,10
20170924,儿科,14
20170924,妇产科,16
20170924,骨科,22
20170924,口腔科,23
20170924,皮肤科,11
20170926,内科,4
20170926,外科,6
20170926,儿科,16
20170926,妇产科,27
20170926,骨科,29
20170926,口腔科,33
20170926,皮肤科,5
20170928,内科,6
20170928,外科,12
20170928,儿科,13
20170928,妇产科,15
20170928,骨科,18
20170928,口腔科,26
20170928,皮肤科,13
20171001,内科,4
20171001,外科,10
20171001,儿科,11
20171001,妇产科,25
20171001,骨科,30
20171001,口腔科,31
20171001,皮肤科,1
20171003,内科,2
20171003,外科,14
20171003,儿科,20
20171003,妇产科,22
20171003,骨科,30
20171003,口腔科,32
20171003,皮肤科,2
20171005,内科,1
20171005,外科,2
20171005,儿科,8
20171005,妇产科,11
20171005,骨科,14
20171005,口腔科,21
20171005,皮肤科,9
20171008,内科,8
20171008,外科,9
20171008,儿科,15
20171008,妇产科,22
20171008,骨科,30
20171008,口腔科,33
20171008,皮肤科,16
20171010,内科,9
20171010,外科,16
20171010,儿科,21
20171010,妇产科,25
20171010,骨科,26
20171010,口腔科,31
20171010,皮肤科,14
20171012,内科,8
20171012,外科,10
20171012,儿科,15
20171012,妇产科,19
20171012,骨科,23
20171012,口腔科,28
20171012,皮肤科,16
20171015,内科,11
20171015,外科,18
20171015,儿科,19
20171015,妇产科,22
20171015,骨科,24
20171015,口腔科,32
20171015,皮肤科,7
20171017,内科,11
20171017,外科,20
20171017,儿科,21
20171017,妇产科,22
20171017,骨科,24
20171017,口腔科,27
20171017,皮肤科,15
20171019,内科,4
20171019,外科,5
20171019,儿科,6
20171019,妇产科,11
20171019,骨科,21
20171019,口腔科,31
20171019,皮肤科,10
20171022,内科,2
20171022,外科,6
20171022,儿科,11
20171022,妇产科,26
20171022,骨科,28
20171022,口腔科,29
20171022,皮肤科,3
20171024,内科,1
20171024,外科,14
20171024,儿科,23
20171024,妇产科,25
20171024,骨科,29
20171024,口腔科,30
20171024,皮肤科,3
20171026,内科,1
20171026,外科,16
20171026,儿科,17
20171026,妇产科,21
20171026,骨科,27
20171026,口腔科,30
20171026,皮肤科,16
20171029,内科,14
20171029,外科,15
20171029,儿科,21
20171029,妇产科,24
20171029,骨科,27
20171029,口腔科,32
20171029,皮肤科,12
20171031,内科,2
20171031,外科,6
20171031,儿科,13
20171031,妇产科,22
20171031,骨科,29
20171031,口腔科,31
20171031,皮肤科,8
20171102,内科,5
20171102,外科,6
20171102,儿科,9
20171102,妇产科,14
20171102,骨科,21
20171102,口腔科,33
20171102,皮肤科,2
20171105,内科,5
20171105,外科,13
20171105,儿科,14
20171105,妇产科,23
20171105,骨科,25
20171105,口腔科,31
20171105,皮肤科,2
20171107,内科,1
20171107,外科,7
20171107,儿科,10
20171107,妇产科,11
20171107,骨科,26
20171107,口腔科,27
20171107,皮肤科,11
20171109,内科,2
20171109,外科,3
20171109,儿科,5
20171109,妇产科,9
20171109,骨科,13
20171109,口腔科,28
20171109,皮肤科,11
20171112,内科,6
20171112,外科,15
20171112,儿科,17
20171112,妇产科,18
20171112,骨科,23
20171112,口腔科,30
20171112,皮肤科,11
20171114,内科,4
20171114,外科,5
20171114,儿科,11
20171114,妇产科,14
20171114,骨科,28
20171114,口腔科,32
20171114,皮肤科,4
20171116,内科,1
20171116,外科,6
20171116,儿科,7
20171116,妇产科,14
20171116,骨科,18
20171116,口腔科,26
20171116,皮肤科,16
20171119,内科,3
20171119,外科,7
20171119,儿科,10
20171119,妇产科,18
20171119,骨科,21
20171119,口腔科,24
20171119,皮肤科,12
20171121,内科,5
20171121,外科,10
20171121,儿科,20
20171121,妇产科,23
20171121,骨科,26
20171121,口腔科,31
20171121,皮肤科,3
20171123,内科,1
20171123,外科,17
20171123,儿科,24
20171123,妇产科,28
20171123,骨科,32
20171123,口腔科,33
20171123,皮肤科,2
20171126,内科,2
20171126,外科,14
20171126,儿科,20
20171126,妇产科,24
20171126,骨科,28
20171126,口腔科,32
20171126,皮肤科,16
20171128,内科,21
20171128,外科,22
20171128,儿科,25
20171128,妇产科,28
20171128,骨科,29
20171128,口腔科,30
20171128,皮肤科,8
20171130,内科,1
20171130,外科,6
20171130,儿科,7
20171130,妇产科,11
20171130,骨科,13
20171130,口腔科,15
20171130,皮肤科,5
20171203,内科,8
20171203,外科,13
20171203,儿科,14
20171203,妇产科,18
20171203,骨科,23
20171203,口腔科,33
20171203,皮肤科,6
20171205,内科,4
20171205,外科,6
20171205,儿科,9
20171205,妇产科,14
20171205,骨科,20
20171205,口腔科,29
20171205,皮肤科,14
20171207,内科,3
20171207,外科,14
20171207,儿科,16
20171207,妇产科,20
20171207,骨科,31
20171207,口腔科,32
20171207,皮肤科,9
20171210,内科,2
20171210,外科,6
20171210,儿科,12
20171210,妇产科,17
20171210,骨科,25
20171210,口腔科,28
20171210,皮肤科,12
20171212,内科,1
20171212,外科,19
20171212,儿科,25
20171212,妇产科,26
20171212,骨科,27
20171212,口腔科,33
20171212,皮肤科,10
20171214,内科,3
20171214,外科,7
20171214,儿科,20
20171214,妇产科,21
20171214,骨科,25
20171214,口腔科,31
20171214,皮肤科,14
20171217,内科,4
20171217,外科,7
20171217,儿科,11
20171217,妇产科,14
20171217,骨科,29
20171217,口腔科,32
20171217,皮肤科,12
20171219,内科,5
20171219,外科,8
20171219,儿科,15
20171219,妇产科,20
20171219,骨科,27
20171219,口腔科,30
20171219,皮肤科,13
20171221,内科,6
20171221,外科,14
20171221,儿科,19
20171221,妇产科,20
20171221,骨科,21
20171221,口腔科,23
20171221,皮肤科,8
20171224,内科,2
20171224,外科,5
20171224,儿科,7
20171224,妇产科,9
20171224,骨科,11
20171224,口腔科,27
20171224,皮肤科,16
20171226,内科,6
20171226,外科,10
20171226,儿科,23
20171226,妇产科,25
20171226,骨科,26
20171226,口腔科,29
20171226,皮肤科,5
20171228,内科,7
20171228,外科,11
20171228,儿科,12
20171228,妇产科,13
20171228,骨科,18
20171228,口腔科,19
20171228,皮肤科,16
20171231,内科,5
20171231,外科,9
20171231,儿科,13
20171231,妇产科,15
20171231,骨科,18
20171231,口腔科,26
20171231,皮肤科,5
20180102,内科,1
20180102,外科,8
20180102,儿科,11
20180102,妇产科,26
20180102,骨科,28
20180102,口腔科,31
20180102,皮肤科,4
20180104,内科,7
20180104,外科,18
20180104,儿科,24
20180104,妇产科,29
20180104,骨科,31
20180104,口腔科,33
20180104,皮肤科,16
20180107,内科,1
20180107,外科,14
20180107,儿科,16
20180107,妇产科,17
20180107,骨科,20
20180107,口腔科,31
20180107,皮肤科,4
20180109,内科,14
20180109,外科,18
20180109,儿科,19
20180109,妇产科,26
20180109,骨科,30
20180109,口腔科,31
20180109,皮肤科,11
20180111,内科,2
20180111,外科,20
20180111,儿科,21
20180111,妇产科,28
20180111,骨科,31
20180111,口腔科,33
20180111,皮肤科,6
20180114,内科,2
20180114,外科,7
20180114,儿科,8
20180114,妇产科,9
20180114,骨科,17
20180114,口腔科,29
20180114,皮肤科,11
20180116,内科,13
20180116,外科,14
20180116,儿科,20
20180116,妇产科,25
20180116,骨科,27
20180116,口腔科,31
20180116,皮肤科,12
20180118,内科,5
20180118,外科,9
20180118,儿科,10
20180118,妇产科,12
20180118,骨科,17
20180118,口腔科,19
20180118,皮肤科,13
20180121,内科,5
20180121,外科,10
20180121,儿科,17
20180121,妇产科,23
20180121,骨科,26
20180121,口腔科,32
20180121,皮肤科,7
20180123,内科,1
20180123,外科,8
20180123,儿科,17
20180123,妇产科,20
20180123,骨科,21
20180123,口腔科,22
20180123,皮肤科,3
20180125,内科,3
20180125,外科,10
20180125,儿科,21
20180125,妇产科,23
20180125,骨科,27
20180125,口腔科,33
20180125,皮肤科,11
20180128,内科,11
20180128,外科,12
20180128,儿科,13
20180128,妇产科,19
20180128,骨科,26
20180128,口腔科,28
20180128,皮肤科,12
20180130,内科,6
20180130,外科,8
20180130,儿科,13
20180130,妇产科,15
20180130,骨科,22
20180130,口腔科,33
20180130,皮肤科,6
20180201,内科,9
20180201,外科,12
20180201,儿科,20
20180201,妇产科,24
20180201,骨科,28
20180201,口腔科,31
20180201,皮肤科,7
20180204,内科,11
20180204,外科,15
20180204,儿科,20
20180204,妇产科,21
20180204,骨科,26
20180204,口腔科,33
20180204,皮肤科,15
20180206,内科,1
20180206,外科,11
20180206,儿科,12
20180206,妇产科,18
20180206,骨科,25
20180206,口腔科,27
20180206,皮肤科,16
20180208,内科,3
20180208,外科,6
20180208,儿科,11
20180208,妇产科,26
20180208,骨科,30
20180208,口腔科,32
20180208,皮肤科,12
20180211,内科,2
20180211,外科,12
20180211,儿科,13
20180211,妇产科,18
20180211,骨科,25
20180211,口腔科,27
20180211,皮肤科,7
20180213,内科,3
20180213,外科,11
20180213,儿科,12
20180213,妇产科,16
20180213,骨科,21
20180213,口腔科,23
20180213,皮肤科,9
20180222,内科,6
20180222,外科,9
20180222,儿科,10
20180222,妇产科,14
20180222,骨科,28
20180222,口腔科,30
20180222,皮肤科,5
20180225,内科,3
20180225,外科,4
20180225,儿科,6
20180225,妇产科,11
20180225,骨科,23
20180225,口腔科,28
20180225,皮肤科,14
20180227,内科,7
20180227,外科,14
20180227,儿科,19
20180227,妇产科,21
20180227,骨科,22
20180227,口腔科,23
20180227,皮肤科,3
20180301,内科,12
20180301,外科,15
20180301,儿科,16
20180301,妇产科,21
20180301,骨科,26
20180301,口腔科,29
20180301,皮肤科,16
20180304,内科,11
20180304,外科,19
20180304,儿科,22
20180304,妇产科,26
20180304,骨科,31
20180304,口腔科,32
20180304,皮肤科,2
20180306,内科,4
20180306,外科,13
20180306,儿科,16
20180306,妇产科,19
20180306,骨科,21
20180306,口腔科,25
20180306,皮肤科,14
20180308,内科,4
20180308,外科,7
20180308,儿科,12
20180308,妇产科,14
20180308,骨科,26
20180308,口腔科,32
20180308,皮肤科,4
20180311,内科,2
20180311,外科,7
20180311,儿科,9
20180311,妇产科,14
20180311,骨科,18
20180311,口腔科,28
20180311,皮肤科,5
20180313,内科,3
20180313,外科,8
20180313,儿科,11
20180313,妇产科,14
20180313,骨科,18
20180313,口腔科,23
20180313,皮肤科,16
20180315,内科,1
20180315,外科,2
20180315,儿科,9
20180315,妇产科,14
20180315,骨科,22
20180315,口腔科,25
20180315,皮肤科,5
20180318,内科,13
20180318,外科,14
20180318,儿科,20
20180318,妇产科,21
20180318,骨科,25
20180318,口腔科,33
20180318,皮肤科,7
20180320,内科,2
20180320,外科,16
20180320,儿科,18
20180320,妇产科,19
20180320,骨科,27
20180320,口腔科,30
20180320,皮肤科,14
20180322,内科,21
20180322,外科,22
20180322,儿科,23
20180322,妇产科,24
20180322,骨科,25
20180322,口腔科,32
20180322,皮肤科,6
20180325,内科,4
20180325,外科,19
20180325,儿科,20
20180325,妇产科,22
20180325,骨科,28
20180325,口腔科,33
20180325,皮肤科,6
20180327,内科,1
20180327,外科,5
20180327,儿科,11
20180327,妇产科,22
20180327,骨科,23
20180327,口腔科,26
20180327,皮肤科,15
20180329,内科,7
20180329,外科,10
20180329,儿科,11
20180329,妇产科,17
20180329,骨科,23
20180329,口腔科,28
20180329,皮肤科,15
20180401,内科,8
20180401,外科,17
20180401,儿科,24
20180401,妇产科,26
20180401,骨科,28
20180401,口腔科,33
20180401,皮肤科,4
20180403,内科,1
20180403,外科,6
20180403,儿科,7
20180403,妇产科,8
20180403,骨科,27
20180403,口腔科,30
20180403,皮肤科,10
20180405,内科,15
20180405,外科,23
20180405,儿科,24
20180405,妇产科,25
20180405,骨科,28
20180405,口腔科,29
20180405,皮肤科,9
20180408,内科,8
20180408,外科,12
20180408,儿科,18
20180408,妇产科,19
20180408,骨科,23
20180408,口腔科,32
20180408,皮肤科,3
20180410,内科,1
20180410,外科,3
20180410,儿科,8
20180410,妇产科,13
20180410,骨科,18
20180410,口腔科,23
20180410,皮肤科,16
20180412,内科,7
20180412,外科,8
20180412,儿科,20
20180412,妇产科,23
20180412,骨科,24
20180412,口腔科,32
20180412,皮肤科,13
20180415,内科,6
20180415,外科,10
20180415,儿科,21
20180415,妇产科,28
20180415,骨科,29
20180415,口腔科,31
20180415,皮肤科,12
20180417,内科,1
20180417,外科,4
20180417,儿科,6
20180417,妇产科,8
20180417,骨科,21
20180417,口腔科,24
20180417,皮肤科,7
20180419,内科,5
20180419,外科,9
20180419,儿科,12
20180419,妇产科,17
20180419,骨科,27
20180419,口腔科,30
20180419,皮肤科,6
20180422,内科,3
20180422,外科,4
20180422,儿科,6
20180422,妇产科,25
20180422,骨科,26
20180422,口腔科,30
20180422,皮肤科,1
20180424,内科,10
20180424,外科,13
20180424,儿科,14
20180424,妇产科,18
20180424,骨科,20
20180424,口腔科,31
20180424,皮肤科,3
20180426,内科,6
20180426,外科,7
20180426,儿科,12
20180426,妇产科,16
20180426,骨科,22
20180426,口腔科,25
20180426,皮肤科,7
20180429,内科,1
20180429,外科,12
20180429,儿科,20
20180429,妇产科,25
20180429,骨科,30
20180429,口腔科,31
20180429,皮肤科,2
20180501,内科,1
20180501,外科,3
20180501,儿科,4
20180501,妇产科,11
20180501,骨科,19
20180501,口腔科,23
20180501,皮肤科,2
20180503,内科,1
20180503,外科,2
20180503,儿科,4
20180503,妇产科,10
20180503,骨科,18
20180503,口腔科,19
20180503,皮肤科,7
20180506,内科,5
20180506,外科,7
20180506,儿科,20
20180506,妇产科,23
20180506,骨科,27
20180506,口腔科,31
20180506,皮肤科,4
20180508,内科,3
20180508,外科,5
20180508,儿科,6
20180508,妇产科,9
20180508,骨科,15
20180508,口腔科,32
20180508,皮肤科,14
20180510,内科,1
20180510,外科,4
20180510,儿科,10
20180510,妇产科,11
20180510,骨科,14
20180510,口腔科,27
20180510,皮肤科,6
20180513,内科,4
20180513,外科,6
20180513,儿科,18
20180513,妇产科,22
20180513,骨科,25
20180513,口腔科,33
20180513,皮肤科,16
20180515,内科,7
20180515,外科,9
20180515,儿科,10
20180515,妇产科,12
20180515,骨科,22
20180515,口腔科,26
20180515,皮肤科,7
20180517,内科,1
20180517,外科,3
20180517,儿科,6
20180517,妇产科,20
20180517,骨科,21
20180517,口腔科,26
20180517,皮肤科,1
20180520,内科,5
20180520,外科,15
20180520,儿科,17
20180520,妇产科,19
20180520,骨科,20
20180520,口腔科,30
20180520,皮肤科,13
20180522,内科,7
20180522,外科,12
20180522,儿科,13
20180522,妇产科,16
20180522,骨科,26
20180522,口腔科,31
20180522,皮肤科,7
20180524,内科,4
20180524,外科,6
20180524,儿科,8
20180524,妇产科,13
20180524,骨科,22
20180524,口腔科,32
20180524,皮肤科,11
20180527,内科,4
20180527,外科,8
20180527,儿科,13
20180527,妇产科,25
20180527,骨科,30
20180527,口腔科,31
20180527,皮肤科,10
20180529,内科,9
20180529,外科,10
20180529,儿科,11
20180529,妇产科,12
20180529,骨科,18
20180529,口腔科,23
20180529,皮肤科,7
20180531,内科,2
20180531,外科,18
20180531,儿科,19
20180531,妇产科,24
20180531,骨科,25
20180531,口腔科,33
20180531,皮肤科,11
20180603,内科,5
20180603,外科,6
20180603,儿科,10
20180603,妇产科,16
20180603,骨科,20
20180603,口腔科,25
20180603,皮肤科,12
20180605,内科,2
20180605,外科,5
20180605,儿科,10
20180605,妇产科,11
20180605,骨科,17
20180605,口腔科,21
20180605,皮肤科,5
20180607,内科,1
20180607,外科,4
20180607,儿科,6
20180607,妇产科,14
20180607,骨科,28
20180607,口腔科,33
20180607,皮肤科,1
20180610,内科,9
20180610,外科,16
20180610,儿科,17
20180610,妇产科,19
20180610,骨科,22
20180610,口腔科,26
20180610,皮肤科,10
20180612,内科,1
20180612,外科,4
20180612,儿科,9
20180612,妇产科,12
20180612,骨科,15
20180612,口腔科,18
20180612,皮肤科,5
20180614,内科,8
20180614,外科,10
20180614,儿科,17
20180614,妇产科,20
20180614,骨科,27
20180614,口腔科,30
20180614,皮肤科,1
20180617,内科,6
20180617,外科,13
20180617,儿科,17
20180617,妇产科,19
20180617,骨科,23
20180617,口腔科,31
20180617,皮肤科,12
20180619,内科,4
20180619,外科,9
20180619,儿科,15
20180619,妇产科,16
20180619,骨科,19
20180619,口腔科,27
20180619,皮肤科,10
20180621,内科,2
20180621,外科,5
20180621,儿科,6
20180621,妇产科,13
20180621,骨科,16
20180621,口腔科,19
20180621,皮肤科,3
20180624,内科,11
20180624,外科,16
20180624,儿科,19
20180624,妇产科,22
20180624,骨科,25
20180624,口腔科,30
20180624,皮肤科,8
20180626,内科,2
20180626,外科,9
20180626,儿科,14
20180626,妇产科,15
20180626,骨科,16
20180626,口腔科,23
20180626,皮肤科,10
20180628,内科,9
20180628,外科,11
20180628,儿科,14
20180628,妇产科,20
20180628,骨科,27
20180628,口腔科,30
20180628,皮肤科,9
20180701,内科,7
20180701,外科,9
20180701,儿科,12
20180701,妇产科,13
20180701,骨科,22
20180701,口腔科,24
20180701,皮肤科,11
20180703,内科,3
20180703,外科,7
20180703,儿科,8
20180703,妇产科,15
20180703,骨科,29
20180703,口腔科,30
20180703,皮肤科,13
20180705,内科,2
20180705,外科,5
20180705,儿科,9
20180705,妇产科,15
20180705,骨科,20
20180705,口腔科,24
20180705,皮肤科,10
20180708,内科,3
20180708,外科,10
20180708,儿科,14
20180708,妇产科,17
20180708,骨科,18
20180708,口腔科,30
20180708,皮肤科,12
20180710,内科,14
20180710,外科,15
20180710,儿科,17
20180710,妇产科,22
20180710,骨科,24
20180710,口腔科,29
20180710,皮肤科,13
20180712,内科,4
20180712,外科,7
20180712,儿科,13
20180712,妇产科,20
20180712,骨科,29
20180712,口腔科,33
20180712,皮肤科,3
20180715,内科,1
20180715,外科,2
20180715,儿科,12
20180715,妇产科,16
20180715,骨科,20
20180715,口腔科,26
20180715,皮肤科,3
20180717,内科,6
20180717,外科,12
20180717,儿科,14
20180717,妇产科,20
20180717,骨科,22
20180717,口腔科,24
20180717,皮肤科,9
20180719,内科,4
20180719,外科,9
20180719,儿科,18
20180719,妇产科,21
20180719,骨科,32
20180719,口腔科,33
20180719,皮肤科,3
20180722,内科,5
20180722,外科,6
20180722,儿科,8
20180722,妇产科,12
20180722,骨科,22
20180722,口腔科,24
20180722,皮肤科,3
20180724,内科,4
20180724,外科,10
20180724,儿科,25
20180724,妇产科,26
20180724,骨科,30
20180724,口腔科,33
20180724,皮肤科,6
20180726,内科,2
20180726,外科,7
20180726,儿科,17
20180726,妇产科,21
20180726,骨科,23
20180726,口腔科,26
20180726,皮肤科,16
20180729,内科,1
20180729,外科,5
20180729,儿科,10
20180729,妇产科,16
20180729,骨科,18
20180729,口腔科,31
20180729,皮肤科,3
20180731,内科,3
20180731,外科,5
20180731,儿科,12
20180731,妇产科,29
20180731,骨科,30
20180731,口腔科,32
20180731,皮肤科,14
20180802,内科,6
20180802,外科,9
20180802,儿科,12
20180802,妇产科,14
20180802,骨科,18
20180802,口腔科,27
20180802,皮肤科,14
20180805,内科,1
20180805,外科,2
20180805,儿科,4
20180805,妇产科,10
20180805,骨科,14
20180805,口腔科,23
20180805,皮肤科,7
20180807,内科,6
20180807,外科,11
20180807,儿科,13
20180807,妇产科,17
20180807,骨科,25
20180807,口腔科,32
20180807,皮肤科,7
20180809,内科,6
20180809,外科,10
20180809,儿科,16
20180809,妇产科,19
20180809,骨科,24
20180809,口腔科,33
20180809,皮肤科,16
20180812,内科,4
20180812,外科,18
20180812,儿科,20
20180812,妇产科,21
20180812,骨科,29
20180812,口腔科,33
20180812,皮肤科,7
20180814,内科,4
20180814,外科,7
20180814,儿科,16
20180814,妇产科,20
20180814,骨科,24
20180814,口腔科,30
20180814,皮肤科,5
20180816,内科,10
20180816,外科,11
20180816,儿科,12
20180816,妇产科,21
20180816,骨科,26
20180816,口腔科,33
20180816,皮肤科,9
20180819,内科,1
20180819,外科,5
20180819,儿科,9
20180819,妇产科,20
20180819,骨科,28
20180819,口腔科,32
20180819,皮肤科,12
20180821,内科,1
20180821,外科,2
20180821,儿科,17
20180821,妇产科,20
20180821,骨科,25
20180821,口腔科,28
20180821,皮肤科,13
20180823,内科,6
20180823,外科,10
20180823,儿科,11
20180823,妇产科,20
20180823,骨科,29
20180823,口腔科,32
20180823,皮肤科,13
20180826,内科,3
20180826,外科,7
20180826,儿科,8
20180826,妇产科,14
20180826,骨科,25
20180826,口腔科,32
20180826,皮肤科,6
20180828,内科,2
20180828,外科,11
20180828,儿科,14
20180828,妇产科,15
20180828,骨科,29
20180828,口腔科,33
20180828,皮肤科,2
20180830,内科,1
20180830,外科,3
20180830,儿科,14
20180830,妇产科,26
20180830,骨科,29
20180830,口腔科,33
20180830,皮肤科,9
20180902,内科,2
20180902,外科,6
20180902,儿科,11
20180902,妇产科,19
20180902,骨科,21
20180902,口腔科,28
20180902,皮肤科,5
20180904,内科,2
20180904,外科,9
20180904,儿科,15
20180904,妇产科,22
20180904,骨科,23
20180904,口腔科,24
20180904,皮肤科,16
20180906,内科,2
20180906,外科,3
20180906,儿科,6
20180906,妇产科,19
20180906,骨科,25
20180906,口腔科,29
20180906,皮肤科,1
20180909,内科,4
20180909,外科,5
20180909,儿科,13
20180909,妇产科,18
20180909,骨科,19
20180909,口腔科,25
20180909,皮肤科,1
20180911,内科,4
20180911,外科,18
20180911,儿科,19
20180911,妇产科,24
20180911,骨科,25
20180911,口腔科,26
20180911,皮肤科,10
20180913,内科,1
20180913,外科,2
20180913,儿科,5
20180913,妇产科,12
20180913,骨科,20
20180913,口腔科,22
20180913,皮肤科,1
20180916,内科,5
20180916,外科,13
20180916,儿科,18
20180916,妇产科,21
20180916,骨科,26
20180916,口腔科,30
20180916,皮肤科,2
20180918,内科,10
20180918,外科,11
20180918,儿科,18
20180918,妇产科,23
20180918,骨科,31
20180918,口腔科,33
20180918,皮肤科,15
20180920,内科,11
20180920,外科,13
20180920,儿科,16
20180920,妇产科,21
20180920,骨科,22
20180920,口腔科,23
20180920,皮肤科,2
20180923,内科,1
20180923,外科,7
20180923,儿科,14
20180923,妇产科,24
20180923,骨科,25
20180923,口腔科,28
20180923,皮肤科,8
20180925,内科,5
20180925,外科,8
20180925,儿科,18
20180925,妇产科,25
20180925,骨科,26
20180925,口腔科,31
20180925,皮肤科,4
20180927,内科,1
20180927,外科,6
20180927,儿科,9
20180927,妇产科,16
20180927,骨科,25
20180927,口腔科,26
20180927,皮肤科,9
20180930,内科,1
20180930,外科,7
20180930,儿科,15
20180930,妇产科,16
20180930,骨科,20
20180930,口腔科,27
20180930,皮肤科,14
20181002,内科,1
20181002,外科,13
20181002,儿科,19
20181002,妇产科,24
20181002,骨科,26
20181002,口腔科,29
20181002,皮肤科,11
20181004,内科,5
20181004,外科,14
20181004,儿科,17
20181004,妇产科,22
20181004,骨科,23
20181004,口腔科,28
20181004,皮肤科,15
20181007,内科,8
20181007,外科,11
20181007,儿科,15
20181007,妇产科,17
20181007,骨科,23
20181007,口腔科,25
20181007,皮肤科,5
20181009,内科,8
20181009,外科,12
20181009,儿科,21
20181009,妇产科,22
20181009,骨科,27
20181009,口腔科,31
20181009,皮肤科,9
20181011,内科,3
20181011,外科,13
20181011,儿科,14
20181011,妇产科,16
20181011,骨科,25
20181011,口腔科,27
20181011,皮肤科,12
20181014,内科,3
20181014,外科,4
20181014,儿科,18
20181014,妇产科,26
20181014,骨科,27
20181014,口腔科,33
20181014,皮肤科,1
20181016,内科,6
20181016,外科,8
20181016,儿科,14
20181016,妇产科,19
20181016,骨科,23
20181016,口腔科,25
20181016,皮肤科,11
20181018,内科,5
20181018,外科,7
20181018,儿科,20
20181018,妇产科,22
20181018,骨科,30
20181018,口腔科,32
20181018,皮肤科,10
20181021,内科,13
20181021,外科,21
20181021,儿科,24
20181021,妇产科,27
20181021,骨科,31
20181021,口腔科,32
20181021,皮肤科,1
20181023,内科,9
20181023,外科,13
20181023,儿科,14
20181023,妇产科,19
20181023,骨科,22
20181023,口腔科,25
20181023,皮肤科,2
20181025,内科,3
20181025,外科,10
20181025,儿科,11
20181025,妇产科,14
20181025,骨科,15
20181025,口腔科,32
20181025,皮肤科,2
20181028,内科,1
20181028,外科,6
20181028,儿科,8
20181028,妇产科,9
20181028,骨科,14
20181028,口腔科,22
20181028,皮肤科,5
20181030,内科,2
20181030,外科,5
20181030,儿科,6
20181030,妇产科,7
20181030,骨科,11
20181030,口腔科,15
20181030,皮肤科,12
20181101,内科,6
20181101,外科,7
20181101,儿科,8
20181101,妇产科,19
20181101,骨科,22
20181101,口腔科,23
20181101,皮肤科,2
20181104,内科,2
20181104,外科,4
20181104,儿科,6
20181104,妇产科,16
20181104,骨科,18
20181104,口腔科,19
20181104,皮肤科,16
20181106,内科,5
20181106,外科,12
20181106,儿科,17
20181106,妇产科,18
20181106,骨科,24
20181106,口腔科,28
20181106,皮肤科,12
20181108,内科,21
20181108,外科,22
20181108,儿科,24
20181108,妇产科,31
20181108,骨科,32
20181108,口腔科,33
20181108,皮肤科,1
20181111,内科,1
20181111,外科,2
20181111,儿科,9
20181111,妇产科,10
20181111,骨科,15
20181111,口腔科,22
20181111,皮肤科,6
20181113,内科,2
20181113,外科,4
20181113,儿科,11
20181113,妇产科,12
20181113,骨科,18
20181113,口腔科,32
20181113,皮肤科,13
20181115,内科,3
20181115,外科,16
20181115,儿科,18
20181115,妇产科,31
20181115,骨科,32
20181115,口腔科,33
20181115,皮肤科,12
20181118,内科,1
20181118,外科,3
20181118,儿科,6
20181118,妇产科,10
20181118,骨科,11
20181118,口腔科,29
20181118,皮肤科,16
20181120,内科,10
20181120,外科,12
20181120,儿科,15
20181120,妇产科,25
20181120,骨科,26
20181120,口腔科,27
20181120,皮肤科,14
20181122,内科,3
20181122,外科,5
20181122,儿科,11
20181122,妇产科,15
20181122,骨科,20
20181122,口腔科,23
20181122,皮肤科,9
20181125,内科,1
20181125,外科,10
20181125,儿科,25
20181125,妇产科,27
20181125,骨科,30
20181125,口腔科,32
20181125,皮肤科,9
20181127,内科,11
20181127,外科,18
20181127,儿科,20
20181127,妇产科,23
20181127,骨科,31
20181127,口腔科,32
20181127,皮肤科,15
20181129,内科,1
20181129,外科,15
20181129,儿科,20
20181129,妇产科,22
20181129,骨科,25
20181129,口腔科,28
20181129,皮肤科,14
20181202,内科,11
20181202,外科,14
20181202,儿科,16
20181202,妇产科,18
20181202,骨科,24
20181202,口腔科,33
20181202,皮肤科,4
20181204,内科,5
20181204,外科,8
20181204,儿科,10
20181204,妇产科,11
20181204,骨科,27
20181204,口腔科,28
20181204,皮肤科,11
20181206,内科,4
20181206,外科,6
20181206,儿科,15
20181206,妇产科,28
20181206,骨科,32
20181206,口腔科,33
20181206,皮肤科,14
20181209,内科,8
20181209,外科,13
20181209,儿科,17
20181209,妇产科,18
20181209,骨科,20
20181209,口腔科,27
20181209,皮肤科,13
20181211,内科,3
20181211,外科,9
20181211,儿科,13
20181211,妇产科,22
20181211,骨科,23
20181211,口腔科,25
20181211,皮肤科,6
20181213,内科,2
20181213,外科,10
20181213,儿科,11
20181213,妇产科,17
20181213,骨科,18
20181213,口腔科,29
20181213,皮肤科,16
20181216,内科,3
20181216,外科,15
20181216,儿科,17
20181216,妇产科,23
20181216,骨科,27
20181216,口腔科,30
20181216,皮肤科,11
20181218,内科,3
20181218,外科,6
20181218,儿科,18
20181218,妇产科,19
20181218,骨科,21
20181218,口腔科,31
20181218,皮肤科,1
20181220,内科,1
20181220,外科,7
20181220,儿科,8
20181220,妇产科,10
20181220,骨科,12
20181220,口腔科,24
20181220,皮肤科,1
20181223,内科,6
20181223,外科,8
20181223,儿科,15
20181223,妇产科,19
20181223,骨科,20
20181223,口腔科,31
20181223,皮肤科,5
20181225,内科,5
20181225,外科,15
20181225,儿科,19
20181225,妇产科,25
20181225,骨科,26
20181225,口腔科,29
20181225,皮肤科,15
20181227,内科,4
20181227,外科,14
20181227,儿科,16
20181227,妇产科,23
20181227,骨科,28
20181227,口腔科,29
20181227,皮肤科,3
20181230,内科,1
20181230,外科,7
20181230,儿科,17
20181230,妇产科,23
20181230,骨科,25
20181230,口腔科,31
20181230,皮肤科,11
20190101,内科,6
20190101,外科,10
20190101,儿科,13
20190101,妇产科,15
20190101,骨科,32
20190101,口腔科,33
20190101,皮肤科,15
20190103,内科,4
20190103,外科,5
20190103,儿科,6
20190103,妇产科,8
20190103,骨科,9
20190103,口腔科,18
20190103,皮肤科,11
20190106,内科,13
20190106,外科,17
20190106,儿科,20
20190106,妇产科,21
20190106,骨科,22
20190106,口腔科,27
20190106,皮肤科,1
20190108,内科,8
20190108,外科,12
20190108,儿科,16
20190108,妇产科,19
20190108,骨科,26
20190108,口腔科,32
20190108,皮肤科,3
20190110,内科,21
20190110,外科,22
20190110,儿科,26
20190110,妇产科,28
20190110,骨科,31
20190110,口腔科,32
20190110,皮肤科,7
20190113,内科,1
20190113,外科,5
20190113,儿科,10
20190113,妇产科,19
20190113,骨科,26
20190113,口腔科,28
20190113,皮肤科,12
20190115,内科,6
20190115,外科,10
20190115,儿科,14
20190115,妇产科,15
20190115,骨科,19
20190115,口腔科,23
20190115,皮肤科,15
20190117,内科,2
20190117,外科,6
20190117,儿科,9
20190117,妇产科,13
20190117,骨科,28
20190117,口腔科,32
20190117,皮肤科,12
20190120,内科,1
20190120,外科,7
20190120,儿科,10
20190120,妇产科,22
20190120,骨科,31
20190120,口腔科,32
20190120,皮肤科,15
20190122,内科,2
20190122,外科,4
20190122,儿科,5
20190122,妇产科,8
20190122,骨科,11
20190122,口腔科,30
20190122,皮肤科,2
20190124,内科,10
20190124,外科,13
20190124,儿科,19
20190124,妇产科,21
20190124,骨科,24
20190124,口腔科,30
20190124,皮肤科,7
20190127,内科,7
20190127,外科,10
20190127,儿科,21
20190127,妇产科,23
20190127,骨科,31
20190127,口腔科,33
20190127,皮肤科,14
20190129,内科,5
20190129,外科,7
20190129,儿科,14
20190129,妇产科,16
20190129,骨科,18
20190129,口腔科,21
20190129,皮肤科,1
20190131,内科,1
20190131,外科,2
20190131,儿科,3
20190131,妇产科,14
20190131,骨科,19
20190131,口腔科,33
20190131,皮肤科,3
20190203,内科,11
20190203,外科,15
20190203,儿科,16
20190203,妇产科,20
20190203,骨科,24
20190203,口腔科,31
20190203,皮肤科,4
20190212,内科,5
20190212,外科,7
20190212,儿科,9
20190212,妇产科,11
20190212,骨科,19
20190212,口腔科,25
20190212,皮肤科,5
20190214,内科,4
20190214,外科,5
20190214,儿科,24
20190214,妇产科,28
20190214,骨科,30
20190214,口腔科,33
20190214,皮肤科,9
20190217,内科,4
20190217,外科,11
20190217,儿科,18
20190217,妇产科,19
20190217,骨科,26
20190217,口腔科,32
20190217,皮肤科,4
20190219,内科,3
20190219,外科,11
20190219,儿科,17
20190219,妇产科,18
20190219,骨科,24
20190219,口腔科,25
20190219,皮肤科,6
20190221,内科,2
20190221,外科,12
20190221,儿科,13
20190221,妇产科,23
20190221,骨科,27
20190221,口腔科,28
20190221,皮肤科,12
20190224,内科,2
20190224,外科,5
20190224,儿科,7
20190224,妇产科,8
20190224,骨科,20
20190224,口腔科,27
20190224,皮肤科,4
20190226,内科,3
20190226,外科,7
20190226,儿科,11
20190226,妇产科,21
20190226,骨科,30
20190226,口腔科,33
20190226,皮肤科,7
20190228,内科,1
20190228,外科,10
20190228,儿科,14
20190228,妇产科,15
20190228,骨科,18
20190228,口腔科,31
20190228,皮肤科,13
20190303,内科,1
20190303,外科,8
20190303,儿科,23
20190303,妇产科,25
20190303,骨科,28
20190303,口腔科,29
20190303,皮肤科,10
20190305,内科,15
20190305,外科,16
20190305,儿科,21
20190305,妇产科,27
20190305,骨科,30
20190305,口腔科,33
20190305,皮肤科,4
20190307,内科,3
20190307,外科,13
20190307,儿科,15
20190307,妇产科,19
20190307,骨科,20
20190307,口腔科,27
20190307,皮肤科,14
20190310,内科,2
20190310,外科,6
20190310,儿科,8
20190310,妇产科,10
20190310,骨科,11
20190310,口腔科,17
20190310,皮肤科,13
20190312,内科,4
20190312,外科,19
20190312,儿科,22
20190312,妇产科,26
20190312,骨科,29
20190312,口腔科,30
20190312,皮肤科,11
20190314,内科,8
20190314,外科,11
20190314,儿科,17
20190314,妇产科,23
20190314,骨科,32
20190314,口腔科,33
20190314,皮肤科,10
20190317,内科,4
20190317,外科,5
20190317,儿科,7
20190317,妇产科,10
20190317,骨科,12
20190317,口腔科,22
20190317,皮肤科,16
20190319,内科,3
20190319,外科,13
20190319,儿科,15
20190319,妇产科,18
20190319,骨科,21
20190319,口腔科,33
20190319,皮肤科,16
20190321,内科,4
20190321,外科,8
20190321,儿科,9
20190321,妇产科,13
20190321,骨科,28
20190321,口腔科,33
20190321,皮肤科,4
20190324,内科,9
20190324,外科,15
20190324,儿科,19
20190324,妇产科,21
20190324,骨科,23
20190324,口腔科,29
20190324,皮肤科,15
20190326,内科,9
20190326,外科,11
20190326,儿科,15
20190326,妇产科,22
20190326,骨科,24
20190326,口腔科,26
20190326,皮肤科,3
20190328,内科,1
20190328,外科,5
20190328,儿科,7
20190328,妇产科,9
20190328,骨科,10
20190328,口腔科,20
20190328,皮肤科,16
20190331,内科,2
20190331,外科,10
20190331,儿科,13
20190331,妇产科,16
20190331,骨科,23
20190331,口腔科,32
20190331,皮肤科,8
20190402,内科,1
20190402,外科,7
20190402,儿科,12
20190402,妇产科,14
20190402,骨科,18
20190402,口腔科,25
20190402,皮肤科,10
20190404,内科,9
20190404,外科,12
20190404,儿科,21
20190404,妇产科,27
20190404,骨科,29
20190404,口腔科,30
20190404,皮肤科,5
20190407,内科,6
20190407,外科,7
20190407,儿科,11
20190407,妇产科,14
20190407,骨科,27
20190407,口腔科,32
20190407,皮肤科,8
20190409,内科,5
20190409,外科,6
20190409,儿科,9
20190409,妇产科,18
20190409,骨科,23
20190409,口腔科,31
20190409,皮肤科,11
20190411,内科,2
20190411,外科,9
20190411,儿科,13
20190411,妇产科,23
20190411,骨科,24
20190411,口腔科,26
20190411,皮肤科,16
20190414,内科,15
20190414,外科,17
20190414,儿科,19
20190414,妇产科,22
20190414,骨科,25
20190414,口腔科,26
20190414,皮肤科,4
20190416,内科,1
20190416,外科,6
20190416,儿科,12
20190416,妇产科,13
20190416,骨科,24
20190416,口腔科,32
20190416,皮肤科,13
20190418,内科,6
20190418,外科,14
20190418,儿科,16
20190418,妇产科,17
20190418,骨科,23
20190418,口腔科,29
20190418,皮肤科,7
20190421,内科,1
20190421,外科,6
20190421,儿科,17
20190421,妇产科,19
20190421,骨科,27
20190421,口腔科,31
20190421,皮肤科,14
20190423,内科,2
20190423,外科,12
20190423,儿科,16
20190423,妇产科,22
20190423,骨科,25
20190423,口腔科,32
20190423,皮肤科,6
20190425,内科,3
20190425,外科,11
20190425,儿科,18
20190425,妇产科,25
20190425,骨科,30
20190425,口腔科,33
20190425,皮肤科,14
20190428,内科,3
20190428,外科,7
20190428,儿科,10
20190428,妇产科,12
20190428,骨科,18
20190428,口腔科,29
20190428,皮肤科,10
20190430,内科,3
20190430,外科,10
20190430,儿科,13
20190430,妇产科,22
20190430,骨科,23
20190430,口腔科,28
20190430,皮肤科,15
20190502,内科,4
20190502,外科,6
20190502,儿科,10
20190502,妇产科,11
20190502,骨科,21
20190502,口腔科,23
20190502,皮肤科,2
20190505,内科,8
20190505,外科,9
20190505,儿科,10
20190505,妇产科,13
20190505,骨科,15
20190505,口腔科,28
20190505,皮肤科,9
20190507,内科,3
20190507,外科,6
20190507,儿科,9
20190507,妇产科,13
20190507,骨科,16
20190507,口腔科,19
20190507,皮肤科,16
20190509,内科,4
20190509,外科,16
20190509,儿科,22
20190509,妇产科,25
20190509,骨科,29
20190509,口腔科,31
20190509,皮肤科,8
20190512,内科,7
20190512,外科,10
20190512,儿科,11
20190512,妇产科,15
20190512,骨科,24
20190512,口腔科,26
20190512,皮肤科,11
20190514,内科,1
20190514,外科,6
20190514,儿科,11
20190514,妇产科,15
20190514,骨科,19
20190514,口腔科,31
20190514,皮肤科,10
20190516,内科,13
20190516,外科,14
20190516,儿科,17
20190516,妇产科,19
20190516,骨科,21
20190516,口腔科,29
20190516,皮肤科,1
20190519,内科,4
20190519,外科,5
20190519,儿科,6
20190519,妇产科,8
20190519,骨科,13
20190519,口腔科,18
20190519,皮肤科,16
20190521,内科,7
20190521,外科,8
20190521,儿科,12
20190521,妇产科,21
20190521,骨科,23
20190521,口腔科,27
20190521,皮肤科,12
20190523,内科,4
20190523,外科,5
20190523,儿科,7
20190523,妇产科,9
20190523,骨科,16
20190523,口腔科,18
20190523,皮肤科,6
20190526,内科,3
20190526,外科,4
20190526,儿科,14
20190526,妇产科,20
20190526,骨科,23
20190526,口腔科,27
20190526,皮肤科,1
20190528,内科,3
20190528,外科,17
20190528,儿科,19
20190528,妇产科,24
20190528,骨科,27
20190528,口腔科,31
20190528,皮肤科,12
20190530,内科,7
20190530,外科,13
20190530,儿科,16
20190530,妇产科,23
20190530,骨科,26
20190530,口腔科,30
20190530,皮肤科,1
20190602,内科,1
20190602,外科,14
20190602,儿科,19
20190602,妇产科,22
20190602,骨科,29
20190602,口腔科,31
20190602,皮肤科,16
20190604,内科,12
20190604,外科,20
20190604,儿科,24
20190604,妇产科,25
20190604,骨科,30
20190604,口腔科,33
20190604,皮肤科,12
20190606,内科,6
20190606,外科,9
20190606,儿科,11
20190606,妇产科,15
20190606,骨科,20
20190606,口腔科,26
20190606,皮肤科,10
20190609,内科,1
20190609,外科,14
20190609,儿科,17
20190609,妇产科,20
20190609,骨科,22
20190609,口腔科,32
20190609,皮肤科,4
20190611,内科,4
20190611,外科,6
20190611,儿科,8
20190611,妇产科,11
20190611,骨科,30
20190611,口腔科,33
20190611,皮肤科,11
20190613,内科,3
20190613,外科,14
20190613,儿科,20
20190613,妇产科,24
20190613,骨科,26
20190613,口腔科,33
20190613,皮肤科,10
20190616,内科,6
20190616,外科,11
20190616,儿科,16
20190616,妇产科,19
20190616,骨科,21
20190616,口腔科,25
20190616,皮肤科,1
20190618,内科,6
20190618,外科,15
20190618,儿科,18
20190618,妇产科,19
20190618,骨科,24
20190618,口腔科,32
20190618,皮肤科,9
20190620,内科,1
20190620,外科,8
20190620,儿科,19
20190620,妇产科,24
20190620,骨科,29
20190620,口腔科,30
20190620,皮肤科,4
20190623,内科,2
20190623,外科,9
20190623,儿科,13
20190623,妇产科,15
20190623,骨科,22
20190623,口腔科,30
20190623,皮肤科,15
20190625,内科,1
20190625,外科,2
20190625,儿科,6
20190625,妇产科,12
20190625,骨科,16
20190625,口腔科,18
20190625,皮肤科,8
20190627,内科,12
20190627,外科,21
20190627,儿科,27
20190627,妇产科,29
20190627,骨科,31
20190627,口腔科,33
20190627,皮肤科,4
20190630,内科,5
20190630,外科,8
20190630,儿科,20
20190630,妇产科,22
20190630,骨科,31
20190630,口腔科,33
20190630,皮肤科,3
20190702,内科,12
20190702,外科,15
20190702,儿科,19
20190702,妇产科,20
20190702,骨科,29
20190702,口腔科,32
20190702,皮肤科,14
20190704,内科,9
20190704,外科,11
20190704,儿科,13
20190704,妇产科,18
20190704,骨科,21
20190704,口腔科,22
20190704,皮肤科,15
20190707,内科,1
20190707,外科,17
20190707,儿科,27
20190707,妇产科,29
20190707,骨科,31
20190707,口腔科,33
20190707,皮肤科,12
20190709,内科,1
20190709,外科,3
20190709,儿科,6
20190709,妇产科,9
20190709,骨科,19
20190709,口腔科,31
20190709,皮肤科,16
20190711,内科,3
20190711,外科,6
20190711,儿科,8
20190711,妇产科,20
20190711,骨科,24
20190711,口腔科,32
20190711,皮肤科,7
20190714,内科,5
20190714,外科,24
20190714,儿科,27
20190714,妇产科,29
20190714,骨科,31
20190714,口腔科,32
20190714,皮肤科,10
20190716,内科,7
20190716,外科,16
20190716,儿科,19
20190716,妇产科,22
20190716,骨科,24
20190716,口腔科,28
20190716,皮肤科,2
20190718,内科,6
20190718,外科,15
20190718,儿科,17
20190718,妇产科,26
20190718,骨科,28
20190718,口腔科,31
20190718,皮肤科,3
20190721,内科,4
20190721,外科,8
20190721,儿科,14
20190721,妇产科,18
20190721,骨科,20
20190721,口腔科,27
20190721,皮肤科,3
20190723,内科,1
20190723,外科,4
20190723,儿科,14
20190723,妇产科,18
20190723,骨科,24
20190723,口腔科,29
20190723,皮肤科,4
20190725,内科,16
20190725,外科,22
20190725,儿科,24
20190725,妇产科,26
20190725,骨科,28
20190725,口腔科,31
20190725,皮肤科,6
20190728,内科,4
20190728,外科,5
20190728,儿科,7
20190728,妇产科,9
20190728,骨科,21
20190728,口腔科,30
20190728,皮肤科,4
20190730,内科,13
20190730,外科,14
20190730,儿科,15
20190730,妇产科,21
20190730,骨科,23
20190730,口腔科,29
20190730,皮肤科,13
20190801,内科,2
20190801,外科,4
20190801,儿科,14
20190801,妇产科,16
20190801,骨科,20
20190801,口腔科,22
20190801,皮肤科,11
20190804,内科,2
20190804,外科,3
20190804,儿科,6
20190804,妇产科,8
20190804,骨科,14
20190804,口腔科,22
20190804,皮肤科,4
20190806,内科,7
20190806,外科,10
20190806,儿科,21
20190806,妇产科,24
20190806,骨科,29
20190806,口腔科,32
20190806,皮肤科,11
20190808,内科,9
20190808,外科,17
20190808,儿科,27
20190808,妇产科,28
20190808,骨科,32
20190808,口腔科,33
20190808,皮肤科,8
20190811,内科,5
20190811,外科,7
20190811,儿科,8
20190811,妇产科,9
20190811,骨科,20
20190811,口腔科,22
20190811,皮肤科,2
20190813,内科,5
20190813,外科,10
20190813,儿科,12
20190813,妇产科,18
20190813,骨科,19
20190813,口腔科,27
20190813,皮肤科,6
20190815,内科,2
20190815,外科,5
20190815,儿科,14
20190815,妇产科,19
20190815,骨科,21
20190815,口腔科,28
20190815,皮肤科,1
20190818,内科,5
20190818,外科,7
20190818,儿科,12
20190818,妇产科,18
20190818,骨科,27
20190818,口腔科,32
20190818,皮肤科,11
20190820,内科,3
20190820,外科,5
20190820,儿科,18
20190820,妇产科,24
20190820,骨科,25
20190820,口腔科,31
20190820,皮肤科,9
20190822,内科,3
20190822,外科,11
20190822,儿科,12
20190822,妇产科,14
20190822,骨科,17
20190822,口腔科,26
20190822,皮肤科,9
20190825,内科,7
20190825,外科,14
20190825,儿科,22
20190825,妇产科,23
20190825,骨科,27
20190825,口腔科,30
20190825,皮肤科,8
20190827,内科,1
20190827,外科,4
20190827,儿科,12
20190827,妇产科,13
20190827,骨科,30
20190827,口腔科,32
20190827,皮肤科,8
20190829,内科,1
20190829,外科,4
20190829,儿科,9
20190829,妇产科,21
20190829,骨科,31
20190829,口腔科,33
20190829,皮肤科,5
20190901,内科,3
20190901,外科,8
20190901,儿科,12
20190901,妇产科,16
20190901,骨科,20
20190901,口腔科,32
20190901,皮肤科,12
20190903,内科,4
20190903,外科,12
20190903,儿科,14
20190903,妇产科,21
20190903,骨科,27
20190903,口腔科,29
20190903,皮肤科,12
20190905,内科,1
20190905,外科,5
20190905,儿科,16
20190905,妇产科,17
20190905,骨科,18
20190905,口腔科,24
20190905,皮肤科,10
20190908,内科,2
20190908,外科,13
20190908,儿科,15
20190908,妇产科,17
20190908,骨科,26
20190908,口腔科,33
20190908,皮肤科,1
20190910,内科,2
20190910,外科,14
20190910,儿科,22
20190910,妇产科,27
20190910,骨科,30
20190910,口腔科,33
20190910,皮肤科,14
20190912,内科,2
20190912,外科,6
20190912,儿科,8
20190912,妇产科,23
20190912,骨科,27
20190912,口腔科,32
20190912,皮肤科,2
20190915,内科,7
20190915,外科,13
20190915,儿科,19
20190915,妇产科,22
20190915,骨科,25
20190915,口腔科,32
20190915,皮肤科,13
20190917,内科,3
20190917,外科,6
20190917,儿科,7
20190917,妇产科,17
20190917,骨科,28
20190917,口腔科,31
20190917,皮肤科,10
20190919,内科,1
20190919,外科,18
20190919,儿科,22
20190919,妇产科,26
20190919,骨科,27
20190919,口腔科,28
20190919,皮肤科,8
20190922,内科,7
20190922,外科,18
20190922,儿科,20
20190922,妇产科,22
20190922,骨科,24
20190922,口腔科,33
20190922,皮肤科,1
20190924,内科,3
20190924,外科,12
20190924,儿科,14
20190924,妇产科,17
20190924,骨科,23
20190924,口腔科,27
20190924,皮肤科,1
20190926,内科,1
20190926,外科,5
20190926,儿科,19
20190926,妇产科,21
20190926,骨科,25
20190926,口腔科,33
20190926,皮肤科,15
20190929,内科,2
20190929,外科,4
20190929,儿科,9
20190929,妇产科,11
20190929,骨科,12
20190929,口腔科,30
20190929,皮肤科,1
20191008,内科,4
20191008,外科,10
20191008,儿科,11
20191008,妇产科,14
20191008,骨科,15
20191008,口腔科,29
20191008,皮肤科,5
20191010,内科,1
20191010,外科,8
20191010,儿科,9
20191010,妇产科,13
20191010,骨科,16
20191010,口腔科,33
20191010,皮肤科,1
20191013,内科,3
20191013,外科,5
20191013,儿科,11
20191013,妇产科,28
20191013,骨科,32
20191013,口腔科,33
20191013,皮肤科,1
20191015,内科,12
20191015,外科,14
20191015,儿科,15
20191015,妇产科,25
20191015,骨科,28
20191015,口腔科,31
20191015,皮肤科,4
20191017,内科,4
20191017,外科,20
20191017,儿科,22
20191017,妇产科,24
20191017,骨科,26
20191017,口腔科,33
20191017,皮肤科,7
20191020,内科,10
20191020,外科,12
20191020,儿科,27
20191020,妇产科,31
20191020,骨科,32
20191020,口腔科,33
20191020,皮肤科,3
20191022,内科,2
20191022,外科,6
20191022,儿科,15
20191022,妇产科,21
20191022,骨科,30
20191022,口腔科,31
20191022,皮肤科,2
20191024,内科,4
20191024,外科,10
20191024,儿科,15
20191024,妇产科,19
20191024,骨科,21
20191024,口腔科,23
20191024,皮肤科,2
20191027,内科,2
20191027,外科,6
20191027,儿科,8
20191027,妇产科,17
20191027,骨科,28
20191027,口腔科,30
20191027,皮肤科,6
20191029,内科,4
20191029,外科,9
20191029,儿科,30
20191029,妇产科,31
20191029,骨科,32
20191029,口腔科,33
20191029,皮肤科,1
20191031,内科,2
20191031,外科,11
20191031,儿科,12
20191031,妇产科,26
20191031,骨科,27
20191031,口腔科,29
20191031,皮肤科,3
20191103,内科,2
20191103,外科,14
20191103,儿科,17
20191103,妇产科,29
20191103,骨科,32
20191103,口腔科,33
20191103,皮肤科,16
20191105,内科,2
20191105,外科,6
20191105,儿科,7
20191105,妇产科,12
20191105,骨科,17
20191105,口腔科,24
20191105,皮肤科,10
20191107,内科,3
20191107,外科,8
20191107,儿科,12
20191107,妇产科,16
20191107,骨科,17
20191107,口腔科,19
20191107,皮肤科,8
20191110,内科,3
20191110,外科,4
20191110,儿科,7
20191110,妇产科,9
20191110,骨科,15
20191110,口腔科,26
20191110,皮肤科,7
20191112,内科,1
20191112,外科,7
20191112,儿科,9
20191112,妇产科,11
20191112,骨科,24
20191112,口腔科,32
20191112,皮肤科,16
20191114,内科,9
20191114,外科,17
20191114,儿科,19
20191114,妇产科,20
20191114,骨科,24
20191114,口腔科,31
20191114,皮肤科,4
20191117,内科,4
20191117,外科,6
20191117,儿科,11
20191117,妇产科,14
20191117,骨科,19
20191117,口腔科,33
20191117,皮肤科,7
20191119,内科,3
20191119,外科,7
20191119,儿科,16
20191119,妇产科,21
20191119,骨科,24
20191119,口腔科,31
20191119,皮肤科,7
20191121,内科,1
20191121,外科,4
20191121,儿科,6
20191121,妇产科,22
20191121,骨科,29
20191121,口腔科,30
20191121,皮肤科,3
20191124,内科,3
20191124,外科,6
20191124,儿科,10
20191124,妇产科,11
20191124,骨科,27
20191124,口腔科,33
20191124,皮肤科,3
20191126,内科,12
20191126,外科,14
20191126,儿科,15
20191126,妇产科,17
20191126,骨科,29
20191126,口腔科,33
20191126,皮肤科,12
20191128,内科,7
20191128,外科,10
20191128,儿科,13
20191128,妇产科,19
20191128,骨科,23
20191128,口腔科,31
20191128,皮肤科,6
20191201,内科,2
20191201,外科,6
20191201,儿科,12
20191201,妇产科,30
20191201,骨科,31
20191201,口腔科,32
20191201,皮肤科,11
20191203,内科,8
20191203,外科,14
20191203,儿科,20
20191203,妇产科,23
20191203,骨科,30
20191203,口腔科,33
20191203,皮肤科,11
20191205,内科,2
20191205,外科,4
20191205,儿科,9
20191205,妇产科,11
20191205,骨科,14
20191205,口腔科,22
20191205,皮肤科,5
20191208,内科,10
20191208,外科,13
20191208,儿科,14
20191208,妇产科,15
20191208,骨科,17
20191208,口腔科,33
20191208,皮肤科,14
20191210,内科,8
20191210,外科,14
20191210,儿科,24
20191210,妇产科,27
20191210,骨科,29
20191210,口腔科,33
20191210,皮肤科,9
20191212,内科,5
20191212,外科,13
20191212,儿科,15
20191212,妇产科,16
20191212,骨科,26
20191212,口腔科,32
20191212,皮肤科,9
20191215,内科,2
20191215,外科,12
20191215,儿科,15
20191215,妇产科,19
20191215,骨科,27
20191215,口腔科,30
20191215,皮肤科,3
20191217,内科,1
20191217,外科,8
20191217,儿科,13
20191217,妇产科,17
20191217,骨科,18
20191217,口腔科,19
20191217,皮肤科,16
20191219,内科,1
20191219,外科,4
20191219,儿科,10
20191219,妇产科,12
20191219,骨科,30
20191219,口腔科,32
20191219,皮肤科,14
20191222,内科,1
20191222,外科,9
20191222,儿科,12
20191222,妇产科,14
20191222,骨科,23
20191222,口腔科,27
20191222,皮肤科,12
20191224,内科,9
20191224,外科,10
20191224,儿科,13
20191224,妇产科,20
20191224,骨科,26
20191224,口腔科,27
20191224,皮肤科,8
20191226,内科,1
20191226,外科,6
20191226,儿科,27
20191226,妇产科,28
20191226,骨科,31
20191226,口腔科,33
20191226,皮肤科,7
20191229,内科,2
20191229,外科,9
20191229,儿科,14
20191229,妇产科,22
20191229,骨科,27
20191229,口腔科,29
20191229,皮肤科,2
20191231,内科,2
20191231,外科,6
20191231,儿科,9
20191231,妇产科,18
20191231,骨科,24
20191231,口腔科,26
20191231,皮肤科,14
20200102,内科,2
20200102,外科,15
20200102,儿科,23
20200102,妇产科,26
20200102,骨科,29
20200102,口腔科,30
20200102,皮肤科,2
20200105,内科,4
20200105,外科,9
20200105,儿科,14
20200105,妇产科,15
20200105,骨科,16
20200105,口腔科,29
20200105,皮肤科,11
20200107,内科,9
20200107,外科,17
20200107,儿科,26
20200107,妇产科,29
20200107,骨科,30
20200107,口腔科,32
20200107,皮肤科,3
20200109,内科,2
20200109,外科,15
20200109,儿科,17
20200109,妇产科,27
20200109,骨科,32
20200109,口腔科,33
20200109,皮肤科,3
20200112,内科,11
20200112,外科,16
20200112,儿科,17
20200112,妇产科,22
20200112,骨科,26
20200112,口腔科,32
20200112,皮肤科,4
20200114,内科,3
20200114,外科,4
20200114,儿科,5
20200114,妇产科,10
20200114,骨科,16
20200114,口腔科,32
20200114,皮肤科,9
20200116,内科,5
20200116,外科,12
20200116,儿科,17
20200116,妇产科,20
20200116,骨科,25
20200116,口腔科,31
20200116,皮肤科,10
20200119,内科,1
20200119,外科,4
20200119,儿科,6
20200119,妇产科,10
20200119,骨科,11
20200119,口腔科,28
20200119,皮肤科,16
20200121,内科,3
20200121,外科,6
20200121,儿科,8
20200121,妇产科,14
20200121,骨科,19
20200121,口腔科,26
20200121,皮肤科,12
20200312,内科,11
20200312,外科,14
20200312,儿科,22
20200312,妇产科,27
20200312,骨科,31
20200312,口腔科,32
20200312,皮肤科,9
20200315,内科,4
20200315,外科,5
20200315,儿科,7
20200315,妇产科,17
20200315,骨科,18
20200315,口腔科,29
20200315,皮肤科,1
20200317,内科,4
20200317,外科,13
20200317,儿科,14
20200317,妇产科,23
20200317,骨科,26
20200317,口腔科,31
20200317,皮肤科,9
20200319,内科,2
20200319,外科,8
20200319,儿科,10
20200319,妇产科,20
20200319,骨科,21
20200319,口腔科,30
20200319,皮肤科,14
20200322,内科,2
20200322,外科,7
20200322,儿科,8
20200322,妇产科,10
20200322,骨科,12
20200322,口腔科,16
20200322,皮肤科,7
20200324,内科,8
20200324,外科,9
20200324,儿科,22
20200324,妇产科,24
20200324,骨科,30
20200324,口腔科,33
20200324,皮肤科,1
20200326,内科,5
20200326,外科,6
20200326,儿科,8
20200326,妇产科,17
20200326,骨科,24
20200326,口腔科,27
20200326,皮肤科,7
20200329,内科,2
20200329,外科,4
20200329,儿科,7
20200329,妇产科,15
20200329,骨科,20
20200329,口腔科,27
20200329,皮肤科,4
20200331,内科,5
20200331,外科,7
20200331,儿科,8
20200331,妇产科,11
20200331,骨科,17
20200331,口腔科,22
20200331,皮肤科,13
20200402,内科,15
20200402,外科,19
20200402,儿科,27
20200402,妇产科,28
20200402,骨科,30
20200402,口腔科,33
20200402,皮肤科,3
20200405,内科,1
20200405,外科,6
20200405,儿科,9
20200405,妇产科,13
20200405,骨科,15
20200405,口腔科,22
20200405,皮肤科,14
20200407,内科,2
20200407,外科,6
20200407,儿科,14
20200407,妇产科,16
20200407,骨科,27
20200407,口腔科,31
20200407,皮肤科,7
20200409,内科,2
20200409,外科,10
20200409,儿科,20
20200409,妇产科,22
20200409,骨科,25
20200409,口腔科,30
20200409,皮肤科,2
20200412,内科,4
20200412,外科,5
20200412,儿科,20
20200412,妇产科,21
20200412,骨科,30
20200412,口腔科,33
20200412,皮肤科,8
20200414,内科,10
20200414,外科,13
20200414,儿科,27
20200414,妇产科,28
20200414,骨科,29
20200414,口腔科,31
20200414,皮肤科,8
20200416,内科,1
20200416,外科,9
20200416,儿科,10
20200416,妇产科,15
20200416,骨科,20
20200416,口腔科,29
20200416,皮肤科,2
20200419,内科,1
20200419,外科,4
20200419,儿科,9
20200419,妇产科,18
20200419,骨科,19
20200419,口腔科,31
20200419,皮肤科,6
20200421,内科,12
20200421,外科,13
20200421,儿科,14
20200421,妇产科,24
20200421,骨科,25
20200421,口腔科,28
20200421,皮肤科,6
20200423,内科,5
20200423,外科,6
20200423,儿科,15
20200423,妇产科,18
20200423,骨科,26
20200423,口腔科,32
20200423,皮肤科,8
20200426,内科,1
20200426,外科,12
20200426,儿科,18
20200426,妇产科,20
20200426,骨科,30
20200426,口腔科,32
20200426,皮肤科,5
20200428,内科,17
20200428,外科,18
20200428,儿科,21
20200428,妇产科,29
20200428,骨科,30
20200428,口腔科,32
20200428,皮肤科,3
20200430,内科,2
20200430,外科,5
20200430,儿科,9
20200430,妇产科,15
20200430,骨科,16
20200430,口腔科,27
20200430,皮肤科,9
20200503,内科,3
20200503,外科,11
20200503,儿科,13
20200503,妇产科,14
20200503,骨科,15
20200503,口腔科,26
20200503,皮肤科,13
20200505,内科,7
20200505,外科,10
20200505,儿科,12
20200505,妇产科,21
20200505,骨科,31
20200505,口腔科,32
20200505,皮肤科,1
20200507,内科,2
20200507,外科,8
20200507,儿科,15
20200507,妇产科,16
20200507,骨科,26
20200507,口腔科,32
20200507,皮肤科,3
20200510,内科,10
20200510,外科,14
20200510,儿科,24
20200510,妇产科,25
20200510,骨科,28
20200510,口腔科,33
20200510,皮肤科,11
20200512,内科,7
20200512,外科,9
20200512,儿科,16
20200512,妇产科,22
20200512,骨科,24
20200512,口腔科,32
20200512,皮肤科,6
20200514,内科,1
20200514,外科,4
20200514,儿科,11
20200514,妇产科,13
20200514,骨科,17
20200514,口腔科,24
20200514,皮肤科,15
20200517,内科,1
20200517,外科,6
20200517,儿科,7
20200517,妇产科,18
20200517,骨科,23
20200517,口腔科,24
20200517,皮肤科,15
20200519,内科,2
20200519,外科,9
20200519,儿科,10
20200519,妇产科,11
20200519,骨科,16
20200519,口腔科,29
20200519,皮肤科,2
20200521,内科,1
20200521,外科,6
20200521,儿科,12
20200521,妇产科,16
20200521,骨科,19
20200521,口腔科,21
20200521,皮肤科,4
20200524,内科,6
20200524,外科,7
20200524,儿科,16
20200524,妇产科,22
20200524,骨科,24
20200524,口腔科,25
20200524,皮肤科,13
20200526,内科,2
20200526,外科,6
20200526,儿科,7
20200526,妇产科,11
20200526,骨科,14
20200526,口腔科,31
20200526,皮肤科,3
20200528,内科,1
20200528,外科,11
20200528,儿科,24
20200528,妇产科,25
20200528,骨科,27
20200528,口腔科,30
20200528,皮肤科,7
20200531,内科,7
20200531,外科,8
20200531,儿科,16
20200531,妇产科,17
20200531,骨科,19
20200531,口腔科,24
20200531,皮肤科,7
20200602,内科,2
20200602,外科,3
20200602,儿科,15
20200602,妇产科,21
20200602,骨科,22
20200602,口腔科,33
20200602,皮肤科,16
20200604,内科,13
20200604,外科,19
20200604,儿科,25
20200604,妇产科,26
20200604,骨科,27
20200604,口腔科,32
20200604,皮肤科,8
20200607,内科,4
20200607,外科,10
20200607,儿科,17
20200607,妇产科,19
20200607,骨科,28
20200607,口腔科,32
20200607,皮肤科,1
20200609,内科,12
20200609,外科,14
20200609,儿科,18
20200609,妇产科,23
20200609,骨科,30
20200609,口腔科,32
20200609,皮肤科,2
20200611,内科,1
20200611,外科,7
20200611,儿科,9
20200611,妇产科,12
20200611,骨科,18
20200611,口腔科,22
20200611,皮肤科,4
20200614,内科,4
20200614,外科,9
20200614,儿科,17
20200614,妇产科,20
20200614,骨科,32
20200614,口腔科,33
20200614,皮肤科,15
20200616,内科,3
20200616,外科,6
20200616,儿科,8
20200616,妇产科,11
20200616,骨科,19
20200616,口腔科,28
20200616,皮肤科,8
20200618,内科,2
20200618,外科,8
20200618,儿科,13
20200618,妇产科,29
20200618,骨科,32
20200618,口腔科,33
20200618,皮肤科,15
20200621,内科,2
20200621,外科,14
20200621,儿科,15
20200621,妇产科,16
20200621,骨科,32
20200621,口腔科,33
20200621,皮肤科,1
20200623,内科,3
20200623,外科,10
20200623,儿科,19
20200623,妇产科,25
20200623,骨科,26
20200623,口腔科,31
20200623,皮肤科,2
20200625,内科,1
20200625,外科,5
20200625,儿科,7
20200625,妇产科,23
20200625,骨科,28
20200625,口腔科,30
20200625,皮肤科,12
20200628,内科,2
20200628,外科,5
20200628,儿科,8
20200628,妇产科,12
20200628,骨科,26
20200628,口腔科,31
20200628,皮肤科,14
20200630,内科,9
20200630,外科,14
20200630,儿科,21
20200630,妇产科,23
20200630,骨科,26
20200630,口腔科,32
20200630,皮肤科,3
20200702,内科,1
20200702,外科,3
20200702,儿科,11
20200702,妇产科,12
20200702,骨科,19
20200702,口腔科,26
20200702,皮肤科,7
20200705,内科,2
20200705,外科,4
20200705,儿科,10
20200705,妇产科,17
20200705,骨科,22
20200705,口腔科,25
20200705,皮肤科,14
20200707,内科,5
20200707,外科,9
20200707,儿科,14
20200707,妇产科,20
20200707,骨科,24
20200707,口腔科,30
20200707,皮肤科,8
20200709,内科,8
20200709,外科,17
20200709,儿科,24
20200709,妇产科,26
20200709,骨科,27
20200709,口腔科,31
20200709,皮肤科,4
20200712,内科,10
20200712,外科,14
20200712,儿科,17
20200712,妇产科,22
20200712,骨科,26
20200712,口腔科,27
20200712,皮肤科,5
20200714,内科,12
20200714,外科,15
20200714,儿科,16
20200714,妇产科,22
20200714,骨科,29
20200714,口腔科,32
20200714,皮肤科,14
20200716,内科,1
20200716,外科,3
20200716,儿科,7
20200716,妇产科,21
20200716,骨科,27
20200716,口腔科,32
20200716,皮肤科,1
20200719,内科,9
20200719,外科,15
20200719,儿科,18
20200719,妇产科,21
20200719,骨科,23
20200719,口腔科,26
20200719,皮肤科,8
20200721,内科,2
20200721,外科,9
20200721,儿科,13
20200721,妇产科,17
20200721,骨科,26
20200721,口腔科,28
20200721,皮肤科,7
20200723,内科,4
20200723,外科,7
20200723,儿科,9
20200723,妇产科,23
20200723,骨科,27
20200723,口腔科,30
20200723,皮肤科,8
20200726,内科,12
20200726,外科,16
20200726,儿科,21
20200726,妇产科,26
20200726,骨科,27
20200726,口腔科,32
20200726,皮肤科,10
20200728,内科,3
20200728,外科,9
20200728,儿科,10
20200728,妇产科,13
20200728,骨科,18
20200728,口腔科,26
20200728,皮肤科,4
20200730,内科,1
20200730,外科,2
20200730,儿科,4
20200730,妇产科,6
20200730,骨科,19
20200730,口腔科,21
20200730,皮肤科,15
20200802,内科,9
20200802,外科,11
20200802,儿科,12
20200802,妇产科,13
20200802,骨科,22
20200802,口腔科,23
20200802,皮肤科,8
20200804,内科,6
20200804,外科,8
20200804,儿科,10
20200804,妇产科,15
20200804,骨科,17
20200804,口腔科,26
20200804,皮肤科,4
20200806,内科,5
20200806,外科,7
20200806,儿科,11
20200806,妇产科,13
20200806,骨科,27
20200806,口腔科,29
20200806,皮肤科,3
20200809,内科,4
20200809,外科,8
20200809,儿科,9
20200809,妇产科,13
20200809,骨科,19
20200809,口腔科,33
20200809,皮肤科,12
20200811,内科,3
20200811,外科,11
20200811,儿科,13
20200811,妇产科,20
20200811,骨科,24
20200811,口腔科,30
20200811,皮肤科,16
20200813,内科,10
20200813,外科,15
20200813,儿科,16
20200813,妇产科,18
20200813,骨科,20
20200813,口腔科,27
20200813,皮肤科,6
20200816,内科,3
20200816,外科,10
20200816,儿科,16
20200816,妇产科,21
20200816,骨科,25
20200816,口腔科,27
20200816,皮肤科,12
20200818,内科,3
20200818,外科,11
20200818,儿科,14
20200818,妇产科,16
20200818,骨科,21
20200818,口腔科,32
20200818,皮肤科,4
20200820,内科,5
20200820,外科,12
20200820,儿科,20
20200820,妇产科,21
20200820,骨科,22
20200820,口腔科,29
20200820,皮肤科,14
20200823,内科,14
20200823,外科,15
20200823,儿科,18
20200823,妇产科,22
20200823,骨科,31
20200823,口腔科,33
20200823,皮肤科,1
20200825,内科,1
20200825,外科,5
20200825,儿科,13
20200825,妇产科,14
20200825,骨科,27
20200825,口腔科,33
20200825,皮肤科,15
20200827,内科,2
20200827,外科,8
20200827,儿科,11
20200827,妇产科,17
20200827,骨科,21
20200827,口腔科,30
20200827,皮肤科,9
20200830,内科,1
20200830,外科,19
20200830,儿科,25
20200830,妇产科,26
20200830,骨科,30
20200830,口腔科,31
20200830,皮肤科,12
20200901,内科,3
20200901,外科,7
20200901,儿科,16
20200901,妇产科,17
20200901,骨科,23
20200901,口腔科,30
20200901,皮肤科,7
20200903,内科,1
20200903,外科,2
20200903,儿科,5
20200903,妇产科,9
20200903,骨科,19
20200903,口腔科,24
20200903,皮肤科,16
20200906,内科,2
20200906,外科,4
20200906,儿科,6
20200906,妇产科,15
20200906,骨科,24
20200906,口腔科,27
20200906,皮肤科,6
20200908,内科,11
20200908,外科,15
20200908,儿科,20
20200908,妇产科,23
20200908,骨科,25
20200908,口腔科,33
20200908,皮肤科,10
20200910,内科,1
20200910,外科,6
20200910,儿科,12
20200910,妇产科,26
20200910,骨科,29
20200910,口腔科,30
20200910,皮肤科,12
20200913,内科,2
20200913,外科,14
20200913,儿科,16
20200913,妇产科,21
20200913,骨科,29
20200913,口腔科,30
20200913,皮肤科,10
20200915,内科,2
20200915,外科,21
20200915,儿科,23
20200915,妇产科,26
20200915,骨科,31
20200915,口腔科,32
20200915,皮肤科,6
20200917,内科,1
20200917,外科,9
20200917,儿科,11
20200917,妇产科,12
20200917,骨科,16
20200917,口腔科,19
20200917,皮肤科,16
20200920,内科,1
20200920,外科,6
20200920,儿科,12
20200920,妇产科,18
20200920,骨科,22
20200920,口腔科,24
20200920,皮肤科,3
20200922,内科,4
20200922,外科,5
20200922,儿科,10
20200922,妇产科,13
20200922,骨科,15
20200922,口腔科,19
20200922,皮肤科,15
20200924,内科,10
20200924,外科,15
20200924,儿科,17
20200924,妇产科,27
20200924,骨科,29
20200924,口腔科,31
20200924,皮肤科,8
20200927,内科,3
20200927,外科,9
20200927,儿科,16
20200927,妇产科,17
20200927,骨科,20
20200927,口腔科,26
20200927,皮肤科,2
20200929,内科,1
20200929,外科,20
20200929,儿科,23
20200929,妇产科,26
20200929,骨科,27
20200929,口腔科,32
20200929,皮肤科,15
20201006,内科,2
20201006,外科,8
20201006,儿科,21
20201006,妇产科,25
20201006,骨科,26
20201006,口腔科,30
20201006,皮肤科,10
20201008,内科,6
20201008,外科,8
20201008,儿科,11
20201008,妇产科,22
20201008,骨科,25
20201008,口腔科,33
20201008,皮肤科,2
20201011,内科,5
20201011,外科,6
20201011,儿科,11
20201011,妇产科,12
20201011,骨科,15
20201011,口腔科,30
20201011,皮肤科,12
20201013,内科,1
20201013,外科,7
20201013,儿科,15
20201013,妇产科,16
20201013,骨科,20
20201013,口腔科,23
20201013,皮肤科,7
20201015,内科,10
20201015,外科,17
20201015,儿科,24
20201015,妇产科,25
20201015,骨科,28
20201015,口腔科,30
20201015,皮肤科,15
20201018,内科,9
20201018,外科,10
20201018,儿科,19
20201018,妇产科,25
20201018,骨科,26
20201018,口腔科,29
20201018,皮肤科,8
20201020,内科,4
20201020,外科,9
20201020,儿科,10
20201020,妇产科,22
20201020,骨科,28
20201020,口腔科,32
20201020,皮肤科,8
20201022,内科,4
20201022,外科,8
20201022,儿科,10
20201022,妇产科,16
20201022,骨科,27
20201022,口腔科,29
20201022,皮肤科,9
20201025,内科,6
20201025,外科,14
20201025,儿科,19
20201025,妇产科,20
20201025,骨科,22
20201025,口腔科,24
20201025,皮肤科,1
20201027,内科,2
20201027,外科,4
20201027,儿科,11
20201027,妇产科,15
20201027,骨科,18
20201027,口腔科,28
20201027,皮肤科,10
20201029,内科,3
20201029,外科,9
20201029,儿科,11
20201029,妇产科,24
20201029,骨科,25
20201029,口腔科,28
20201029,皮肤科,16
20201101,内科,10
20201101,外科,12
20201101,儿科,15
20201101,妇产科,17
20201101,骨科,23
20201101,口腔科,32
20201101,皮肤科,5
20201103,内科,6
20201103,外科,13
20201103,儿科,16
20201103,妇产科,20
20201103,骨科,23
20201103,口腔科,32
20201103,皮肤科,13
20201105,内科,2
20201105,外科,6
20201105,儿科,9
20201105,妇产科,14
20201105,骨科,22
20201105,口腔科,25
20201105,皮肤科,4
20201108,内科,6
20201108,外科,9
20201108,儿科,17
20201108,妇产科,22
20201108,骨科,24
20201108,口腔科,26
20201108,皮肤科,16
20201110,内科,2
20201110,外科,9
20201110,儿科,12
20201110,妇产科,17
20201110,骨科,28
20201110,口腔科,32
20201110,皮肤科,5
20201112,内科,1
20201112,外科,3
20201112,儿科,7
20201112,妇产科,10
20201112,骨科,22
20201112,口腔科,32
20201112,皮肤科,11
20201115,内科,1
20201115,外科,5
20201115,儿科,11
20201115,妇产科,24
20201115,骨科,30
20201115,口腔科,32
20201115,皮肤科,3
20201117,内科,1
20201117,外科,4
20201117,儿科,12
20201117,妇产科,20
20201117,骨科,25
20201117,口腔科,32
20201117,皮肤科,2
20201119,内科,5
20201119,外科,6
20201119,儿科,14
20201119,妇产科,16
20201119,骨科,19
20201119,口腔科,27
20201119,皮肤科,10
20201122,内科,7
20201122,外科,8
20201122,儿科,9
20201122,妇产科,10
20201122,骨科,16
20201122,口腔科,27
20201122,皮肤科,7
20201124,内科,11
20201124,外科,13
20201124,儿科,19
20201124,妇产科,26
20201124,骨科,30
20201124,口腔科,33
20201124,皮肤科,5
20201126,内科,1
20201126,外科,9
20201126,儿科,22
20201126,妇产科,28
20201126,骨科,32
20201126,口腔科,33
20201126,皮肤科,15
20201129,内科,1
20201129,外科,2
20201129,儿科,3
20201129,妇产科,4
20201129,骨科,9
20201129,口腔科,10
20201129,皮肤科,12
20201201,内科,2
20201201,外科,4
20201201,儿科,6
20201201,妇产科,21
20201201,骨科,25
20201201,口腔科,29
20201201,皮肤科,3
20201203,内科,12
20201203,外科,15
20201203,儿科,17
20201203,妇产科,24
20201203,骨科,26
20201203,口腔科,31
20201203,皮肤科,15
20201206,内科,1
20201206,外科,3
20201206,儿科,18
20201206,妇产科,19
20201206,骨科,26
20201206,口腔科,29
20201206,皮肤科,3
20201208,内科,16
20201208,外科,18
20201208,儿科,19
20201208,妇产科,20
20201208,骨科,29
20201208,口腔科,33
20201208,皮肤科,12
20201210,内科,5
20201210,外科,12
20201210,儿科,16
20201210,妇产科,26
20201210,骨科,30
20201210,口腔科,31
20201210,皮肤科,13
20201213,内科,3
20201213,外科,7
20201213,儿科,12
20201213,妇产科,14
20201213,骨科,23
20201213,口腔科,28
20201213,皮肤科,11
20201215,内科,1
20201215,外科,4
20201215,儿科,18
20201215,妇产科,19
20201215,骨科,26
20201215,口腔科,31
20201215,皮肤科,7
20201217,内科,8
20201217,外科,10
20201217,儿科,15
20201217,妇产科,16
20201217,骨科,23
20201217,口腔科,26
20201217,皮肤科,10
20201220,内科,1
20201220,外科,2
20201220,儿科,5
20201220,妇产科,15
20201220,骨科,28
20201220,口腔科,33
20201220,皮肤科,4
20201222,内科,8
20201222,外科,9
20201222,儿科,11
20201222,妇产科,14
20201222,骨科,17
20201222,口腔科,29
20201222,皮肤科,16
20201224,内科,8
20201224,外科,19
20201224,儿科,22
20201224,妇产科,26
20201224,骨科,27
20201224,口腔科,30
20201224,皮肤科,7
20201227,内科,1
20201227,外科,4
20201227,儿科,11
20201227,妇产科,12
20201227,骨科,14
20201227,口腔科,23
20201227,皮肤科,4
20201229,内科,3
20201229,外科,19
20201229,儿科,22
20201229,妇产科,23
20201229,骨科,27
20201229,口腔科,29
20201229,皮肤科,7
20201231,内科,2
20201231,外科,9
20201231,儿科,10
20201231,妇产科,20
20201231,骨科,22
20201231,口腔科,26
20201231,皮肤科,1
20210103,内科,2
20210103,外科,3
20210103,儿科,13
20210103,妇产科,18
20210103,骨科,20
20210103,口腔科,31
20210103,皮肤科,11
20210105,内科,6
20210105,外科,10
20210105,儿科,13
20210105,妇产科,25
20210105,骨科,26
20210105,口腔科,32
20210105,皮肤科,11
20210107,内科,6
20210107,外科,9
20210107,儿科,16
20210107,妇产科,18
20210107,骨科,22
20210107,口腔科,29
20210107,皮肤科,11
20210110,内科,2
20210110,外科,3
20210110,儿科,7
20210110,妇产科,8
20210110,骨科,17
20210110,口腔科,22
20210110,皮肤科,15
20210112,内科,7
20210112,外科,9
20210112,儿科,14
20210112,妇产科,26
20210112,骨科,30
20210112,口腔科,31
20210112,皮肤科,4
20210114,内科,6
20210114,外科,8
20210114,儿科,22
20210114,妇产科,24
20210114,骨科,25
20210114,口腔科,26
20210114,皮肤科,1
20210117,内科,2
20210117,外科,4
20210117,儿科,12
20210117,妇产科,21
20210117,骨科,25
20210117,口腔科,32
20210117,皮肤科,16
20210119,内科,1
20210119,外科,5
20210119,儿科,7
20210119,妇产科,14
20210119,骨科,18
20210119,口腔科,33
20210119,皮肤科,7
20210121,内科,2
20210121,外科,4
20210121,儿科,7
20210121,妇产科,24
20210121,骨科,25
20210121,口腔科,32
20210121,皮肤科,13
20210124,内科,1
20210124,外科,4
20210124,儿科,11
20210124,妇产科,19
20210124,骨科,32
20210124,口腔科,33
20210124,皮肤科,5
20210126,内科,5
20210126,外科,10
20210126,儿科,16
20210126,妇产科,23
20210126,骨科,27
20210126,口腔科,33
20210126,皮肤科,14
20210128,内科,3
20210128,外科,6
20210128,儿科,14
20210128,妇产科,18
20210128,骨科,20
20210128,口腔科,26
20210128,皮肤科,1
20210131,内科,6
20210131,外科,9
20210131,儿科,12
20210131,妇产科,16
20210131,骨科,27
20210131,口腔科,31
20210131,皮肤科,6
20210202,内科,4
20210202,外科,15
20210202,儿科,21
20210202,妇产科,25
20210202,骨科,29
20210202,口腔科,33
20210202,皮肤科,6
20210204,内科,6
20210204,外科,14
20210204,儿科,16
20210204,妇产科,26
20210204,骨科,28
20210204,口腔科,29
20210204,皮肤科,7
20210207,内科,3
20210207,外科,8
20210207,儿科,9
20210207,妇产科,13
20210207,骨科,15
20210207,口腔科,18
20210207,皮肤科,10
20210221,内科,9
20210221,外科,15
20210221,儿科,18
20210221,妇产科,29
20210221,骨科,32
20210221,口腔科,33
20210221,皮肤科,2
20210223,内科,2
20210223,外科,8
20210223,儿科,14
20210223,妇产科,23
20210223,骨科,25
20210223,口腔科,32
20210223,皮肤科,6
20210225,内科,12
20210225,外科,16
20210225,儿科,17
20210225,妇产科,24
20210225,骨科,28
20210225,口腔科,29
20210225,皮肤科,8
20210228,内科,1
20210228,外科,3
20210228,儿科,6
20210228,妇产科,7
20210228,骨科,9
20210228,口腔科,11
20210228,皮肤科,2
20210302,内科,4
20210302,外科,8
20210302,儿科,17
20210302,妇产科,24
20210302,骨科,28
20210302,口腔科,33
20210302,皮肤科,13
20210304,内科,10
20210304,外科,15
20210304,儿科,17
20210304,妇产科,25
20210304,骨科,31
20210304,口腔科,32
20210304,皮肤科,6
20210307,内科,2
20210307,外科,21
20210307,儿科,22
20210307,妇产科,23
20210307,骨科,27
20210307,口腔科,28
20210307,皮肤科,11
20210309,内科,1
20210309,外科,4
20210309,儿科,6
20210309,妇产科,10
20210309,骨科,11
20210309,口腔科,18
20210309,皮肤科,2
20210311,内科,6
20210311,外科,8
20210311,儿科,14
20210311,妇产科,17
20210311,骨科,18
20210311,口腔科,30
20210311,皮肤科,11
20210314,内科,3
20210314,外科,5
20210314,儿科,13
20210314,妇产科,19
20210314,骨科,20
20210314,口腔科,25
20210314,皮肤科,3
20210316,内科,5
20210316,外科,7
20210316,儿科,9
20210316,妇产科,16
20210316,骨科,20
20210316,口腔科,26
20210316,皮肤科,8
20210318,内科,11
20210318,外科,16
20210318,儿科,23
20210318,妇产科,26
20210318,骨科,27
20210318,口腔科,33
20210318,皮肤科,5
20210321,内科,8
20210321,外科,10
20210321,儿科,15
20210321,妇产科,17
20210321,骨科,22
20210321,口腔科,30
20210321,皮肤科,12
20210323,内科,8
20210323,外科,9
20210323,儿科,13
20210323,妇产科,27
20210323,骨科,29
20210323,口腔科,31
20210323,皮肤科,5
20210325,内科,6
20210325,外科,11
20210325,儿科,21
20210325,妇产科,25
20210325,骨科,28
20210325,口腔科,31
20210325,皮肤科,7
20210328,内科,1
20210328,外科,5
20210328,儿科,8
20210328,妇产科,15
20210328,骨科,16
20210328,口腔科,30
20210328,皮肤科,3
20210330,内科,2
20210330,外科,12
20210330,儿科,13
20210330,妇产科,14
20210330,骨科,31
20210330,口腔科,33
20210330,皮肤科,6
20210401,内科,4
20210401,外科,10
20210401,儿科,12
20210401,妇产科,18
20210401,骨科,23
20210401,口腔科,25
20210401,皮肤科,1
20210404,内科,12
20210404,外科,14
20210404,儿科,18
20210404,妇产科,20
20210404,骨科,26
20210404,口腔科,28
20210404,皮肤科,11
20210406,内科,1
20210406,外科,2
20210406,儿科,6
20210406,妇产科,11
20210406,骨科,21
20210406,口腔科,26
20210406,皮肤科,11
20210408,内科,13
20210408,外科,17
20210408,儿科,19
20210408,妇产科,24
20210408,骨科,26
20210408,口腔科,30
20210408,皮肤科,12
20210411,内科,5
20210411,外科,7
20210411,儿科,9
20210411,妇产科,16
20210411,骨科,18
20210411,口腔科,27
20210411,皮肤科,6
20210413,内科,2
20210413,外科,8
20210413,儿科,21
20210413,妇产科,24
20210413,骨科,29
20210413,口腔科,31
20210413,皮肤科,13
20210415,内科,2
20210415,外科,6
20210415,儿科,7
20210415,妇产科,24
20210415,骨科,28
20210415,口腔科,29
20210415,皮肤科,16
20210418,内科,2
20210418,外科,9
20210418,儿科,18
20210418,妇产科,23
20210418,骨科,26
20210418,口腔科,32
20210418,皮肤科,14
20210420,内科,5
20210420,外科,9
20210420,儿科,10
20210420,妇产科,22
20210420,骨科,25
20210420,口腔科,27
20210420,皮肤科,8
20210422,内科,2
20210422,外科,3
20210422,儿科,17
20210422,妇产科,18
20210422,骨科,23
20210422,口腔科,24
20210422,皮肤科,1
20210425,内科,5
20210425,外科,7
20210425,儿科,14
20210425,妇产科,17
20210425,骨科,26
20210425,口腔科,28
20210425,皮肤科,13
20210427,内科,1
20210427,外科,4
20210427,儿科,14
20210427,妇产科,15
20210427,骨科,17
20210427,口腔科,32
20210427,皮肤科,2
20210429,内科,5
20210429,外科,9
20210429,儿科,13
20210429,妇产科,21
20210429,骨科,28
20210429,口腔科,33
20210429,皮肤科,6
20210502,内科,3
20210502,外科,7
20210502,儿科,13
20210502,妇产科,16
20210502,骨科,24
20210502,口腔科,29
20210502,皮肤科,1
20210504,内科,4
20210504,外科,15
20210504,儿科,17
20210504,妇产科,22
20210504,骨科,29
20210504,口腔科,32
20210504,皮肤科,3
20210506,内科,4
20210506,外科,11
20210506,儿科,13
20210506,妇产科,22
20210506,骨科,25
20210506,口腔科,32
20210506,皮肤科,1
20210509,内科,2
20210509,外科,9
20210509,儿科,10
20210509,妇产科,16
20210509,骨科,25
20210509,口腔科,28
20210509,皮肤科,8
20210511,内科,8
20210511,外科,9
20210511,儿科,10
20210511,妇产科,19
20210511,骨科,27
20210511,口腔科,29
20210511,皮肤科,15
20210513,内科,3
20210513,外科,4
20210513,儿科,6
20210513,妇产科,19
20210513,骨科,21
20210513,口腔科,30
20210513,皮肤科,14
20210516,内科,7
20210516,外科,10
20210516,儿科,14
20210516,妇产科,16
20210516,骨科,24
20210516,口腔科,33
20210516,皮肤科,16
20210518,内科,7
20210518,外科,13
20210518,儿科,21
20210518,妇产科,22
20210518,骨科,24
20210518,口腔科,31
20210518,皮肤科,2
20210520,内科,3
20210520,外科,11
20210520,儿科,12
20210520,妇产科,16
20210520,骨科,22
20210520,口腔科,28
20210520,皮肤科,10
20210523,内科,8
20210523,外科,21
20210523,儿科,22
20210523,妇产科,23
20210523,骨科,29
20210523,口腔科,32
20210523,皮肤科,1
20210525,内科,5
20210525,外科,6
20210525,儿科,9
20210525,妇产科,17
20210525,骨科,25
20210525,口腔科,33
20210525,皮肤科,16
20210527,内科,9
20210527,外科,11
20210527,儿科,13
20210527,妇产科,18
20210527,骨科,19
20210527,口腔科,28
20210527,皮肤科,14
20210530,内科,1
20210530,外科,9
20210530,儿科,11
20210530,妇产科,18
20210530,骨科,32
20210530,口腔科,33
20210530,皮肤科,14
20210601,内科,10
20210601,外科,11
20210601,儿科,17
20210601,妇产科,20
20210601,骨科,29
20210601,口腔科,30
20210601,皮肤科,15
20210603,内科,4
20210603,外科,9
20210603,儿科,12
20210603,妇产科,18
20210603,骨科,20
20210603,口腔科,23
20210603,皮肤科,1
20210606,内科,12
20210606,外科,13
20210606,儿科,15
20210606,妇产科,20
20210606,骨科,22
20210606,口腔科,25
20210606,皮肤科,10
20210608,内科,4
20210608,外科,5
20210608,儿科,6
20210608,妇产科,9
20210608,骨科,23
20210608,口腔科,24
20210608,皮肤科,9
20210610,内科,4
20210610,外科,6
20210610,儿科,8
20210610,妇产科,15
20210610,骨科,16
20210610,口腔科,18
20210610,皮肤科,16
20210613,内科,1
20210613,外科,4
20210613,儿科,8
20210613,妇产科,19
20210613,骨科,29
20210613,口腔科,33
20210613,皮肤科,16
20210615,内科,2
20210615,外科,6
20210615,儿科,19
20210615,妇产科,26
20210615,骨科,30
20210615,口腔科,33
20210615,皮肤科,15
20210617,内科,1
20210617,外科,11
20210617,儿科,19
20210617,妇产科,23
20210617,骨科,25
20210617,口腔科,29
20210617,皮肤科,9
20210620,内科,4
20210620,外科,14
20210620,儿科,18
20210620,妇产科,24
20210620,骨科,31
20210620,口腔科,32
20210620,皮肤科,15
20210622,内科,6
20210622,外科,11
20210622,儿科,18
20210622,妇产科,20
20210622,骨科,23
20210622,口腔科,26
20210622,皮肤科,5
20210624,内科,1
20210624,外科,5
20210624,儿科,11
20210624,妇产科,15
20210624,骨科,16
20210624,口腔科,29
20210624,皮肤科,15
20210627,内科,1
20210627,外科,7
20210627,儿科,24
20210627,妇产科,31
20210627,骨科,32
20210627,口腔科,33
20210627,皮肤科,8
20210629,内科,1
20210629,外科,9
20210629,儿科,15
20210629,妇产科,16
20210629,骨科,19
20210629,口腔科,21
20210629,皮肤科,15
20210701,内科,1
20210701,外科,6
20210701,儿科,18
20210701,妇产科,22
20210701,骨科,24
20210701,口腔科,25
20210701,皮肤科,8
20210704,内科,4
20210704,外科,5
20210704,儿科,9
20210704,妇产科,14
20210704,骨科,25
20210704,口腔科,27
20210704,皮肤科,7
20210706,内科,12
20210706,外科,15
20210706,儿科,16
20210706,妇产科,21
20210706,骨科,22
20210706,口腔科,29
20210706,皮肤科,1
20210708,内科,3
20210708,外科,9
20210708,儿科,21
20210708,妇产科,23
20210708,骨科,30
20210708,口腔科,32
20210708,皮肤科,6
20210711,内科,8
20210711,外科,15
20210711,儿科,17
20210711,妇产科,25
20210711,骨科,27
20210711,口腔科,30
20210711,皮肤科,10
20210713,内科,4
20210713,外科,6
20210713,儿科,15
20210713,妇产科,26
20210713,骨科,27
20210713,口腔科,31
20210713,皮肤科,12
20210715,内科,1
20210715,外科,3
20210715,儿科,10
20210715,妇产科,24
20210715,骨科,28
20210715,口腔科,29
20210715,皮肤科,13
20210718,内科,5
20210718,外科,8
20210718,儿科,22
20210718,妇产科,23
20210718,骨科,24
20210718,口腔科,29
20210718,皮肤科,9
20210720,内科,1
20210720,外科,3
20210720,儿科,5
20210720,妇产科,18
20210720,骨科,22
20210720,口腔科,23
20210720,皮肤科,1
20210722,内科,3
20210722,外科,6
20210722,儿科,11
20210722,妇产科,13
20210722,骨科,26
20210722,口腔科,32
20210722,皮肤科,5
20210725,内科,4
20210725,外科,9
20210725,儿科,11
20210725,妇产科,25
20210725,骨科,28
20210725,口腔科,33
20210725,皮肤科,4
20210727,内科,5
20210727,外科,7
20210727,儿科,9
20210727,妇产科,11
20210727,骨科,21
20210727,口腔科,28
20210727,皮肤科,1
20210729,内科,5
20210729,外科,6
20210729,儿科,7
20210729,妇产科,11
20210729,骨科,14
20210729,口腔科,20
20210729,皮肤科,2
20210801,内科,6
20210801,外科,8
20210801,儿科,10
20210801,妇产科,14
20210801,骨科,28
20210801,口腔科,29
20210801,皮肤科,1
20210803,内科,2
20210803,外科,13
20210803,儿科,16
20210803,妇产科,19
20210803,骨科,23
20210803,口腔科,24
20210803,皮肤科,4
20210805,内科,4
20210805,外科,12
20210805,儿科,15
20210805,妇产科,16
20210805,骨科,19
20210805,口腔科,26
20210805,皮肤科,6
20210808,内科,1
20210808,外科,2
20210808,儿科,7
20210808,妇产科,13
20210808,骨科,23
20210808,口腔科,24
20210808,皮肤科,12
20210810,内科,5
20210810,外科,6
20210810,儿科,12
20210810,妇产科,14
20210810,骨科,27
20210810,口腔科,28
20210810,皮肤科,8
20210812,内科,4
20210812,外科,6
20210812,儿科,16
20210812,妇产科,24
20210812,骨科,26
20210812,口腔科,33
20210812,皮肤科,16
20210815,内科,2
20210815,外科,7
20210815,儿科,8
20210815,妇产科,10
20210815,骨科,12
20210815,口腔科,31
20210815,皮肤科,3
20210817,内科,5
20210817,外科,11
20210817,儿科,15
20210817,妇产科,23
20210817,骨科,28
20210817,口腔科,33
20210817,皮肤科,3
20210819,内科,9
20210819,外科,11
20210819,儿科,24
20210819,妇产科,25
20210819,骨科,28
20210819,口腔科,33
20210819,皮肤科,15
20210822,内科,8
20210822,外科,12
20210822,儿科,17
20210822,妇产科,24
20210822,骨科,27
20210822,口腔科,28
20210822,皮肤科,13
20210824,内科,1
20210824,外科,7
20210824,儿科,11
20210824,妇产科,14
20210824,骨科,15
20210824,口腔科,26
20210824,皮肤科,11
20210826,内科,3
20210826,外科,11
20210826,儿科,12
20210826,妇产科,13
20210826,骨科,25
20210826,口腔科,28
20210826,皮肤科,12
20210829,内科,1
20210829,外科,10
20210829,儿科,13
20210829,妇产科,18
20210829,骨科,26
20210829,口腔科,32
20210829,皮肤科,5
20210831,内科,9
20210831,外科,11
20210831,儿科,17
20210831,妇产科,18
20210831,骨科,20
20210831,口腔科,27
20210831,皮肤科,15
20210902,内科,7
20210902,外科,9
20210902,儿科,12
20210902,妇产科,13
20210902,骨科,14
20210902,口腔科,29
20210902,皮肤科,16
20210905,内科,2
20210905,外科,4
20210905,儿科,12
20210905,妇产科,22
20210905,骨科,29
20210905,口腔科,31
20210905,皮肤科,1
20210907,内科,5
20210907,外科,9
20210907,儿科,15
20210907,妇产科,24
20210907,骨科,27
20210907,口腔科,30
20210907,皮肤科,9
20210909,内科,10
20210909,外科,13
20210909,儿科,15
20210909,妇产科,25
20210909,骨科,29
20210909,口腔科,30
20210909,皮肤科,15
20210912,内科,1
20210912,外科,7
20210912,儿科,17
20210912,妇产科,20
20210912,骨科,22
20210912,口腔科,28
20210912,皮肤科,15
20210914,内科,10
20210914,外科,14
20210914,儿科,15
20210914,妇产科,22
20210914,骨科,27
20210914,口腔科,32
20210914,皮肤科,9
20210916,内科,1
20210916,外科,4
20210916,儿科,7
20210916,妇产科,14
20210916,骨科,30
20210916,口腔科,31
20210916,皮肤科,3
20210919,内科,2
20210919,外科,3
20210919,儿科,17
20210919,妇产科,19
20210919,骨科,25
20210919,口腔科,30
20210919,皮肤科,1
20210921,内科,11
20210921,外科,15
20210921,儿科,18
20210921,妇产科,24
20210921,骨科,26
20210921,口腔科,32
20210921,皮肤科,9
20210923,内科,2
20210923,外科,3
20210923,儿科,10
20210923,妇产科,17
20210923,骨科,20
20210923,口腔科,26
20210923,皮肤科,16
20210926,内科,10
20210926,外科,13
20210926,儿科,15
20210926,妇产科,24
20210926,骨科,31
20210926,口腔科,32
20210926,皮肤科,2
20210928,内科,17
20210928,外科,20
20210928,儿科,22
20210928,妇产科,23
20210928,骨科,26
20210928,口腔科,28
20210928,皮肤科,6
20210930,内科,5
20210930,外科,6
20210930,儿科,21
20210930,妇产科,25
20210930,骨科,28
20210930,口腔科,33
20210930,皮肤科,7
20211005,内科,4
20211005,外科,7
20211005,儿科,10
20211005,妇产科,22
20211005,骨科,27
20211005,口腔科,30
20211005,皮肤科,2
20211007,内科,4
20211007,外科,6
20211007,儿科,8
20211007,妇产科,14
20211007,骨科,24
20211007,口腔科,27
20211007,皮肤科,2
20211010,内科,2
20211010,外科,10
20211010,儿科,12
20211010,妇产科,15
20211010,骨科,24
20211010,口腔科,27
20211010,皮肤科,8
20211012,内科,6
20211012,外科,14
20211012,儿科,17
20211012,妇产科,18
20211012,骨科,31
20211012,口腔科,33
20211012,皮肤科,6
20211014,内科,3
20211014,外科,5
20211014,儿科,17
20211014,妇产科,21
20211014,骨科,27
20211014,口腔科,33
20211014,皮肤科,4
20211017,内科,2
20211017,外科,6
20211017,儿科,14
20211017,妇产科,18
20211017,骨科,20
20211017,口腔科,31
20211017,皮肤科,13
20211019,内科,3
20211019,外科,9
20211019,儿科,10
20211019,妇产科,11
20211019,骨科,28
20211019,口腔科,29
20211019,皮肤科,13
20211021,内科,1
20211021,外科,7
20211021,儿科,8
20211021,妇产科,12
20211021,骨科,13
20211021,口腔科,18
20211021,皮肤科,5
20211024,内科,4
20211024,外科,5
20211024,儿科,12
20211024,妇产科,16
20211024,骨科,22
20211024,口腔科,30
20211024,皮肤科,15
20211026,内科,4
20211026,外科,5
20211026,儿科,12
20211026,妇产科,15
20211026,骨科,18
20211026,口腔科,28
20211026,皮肤科,7
20211028,内科,6
20211028,外科,14
20211028,儿科,15
20211028,妇产科,19
20211028,骨科,29
20211028,口腔科,31
20211028,皮肤科,5
20211031,内科,1
20211031,外科,3
20211031,儿科,18
20211031,妇产科,22
20211031,骨科,29
20211031,口腔科,32
20211031,皮肤科,2
20211102,内科,14
20211102,外科,19
20211102,儿科,20
20211102,妇产科,23
20211102,骨科,24
20211102,口腔科,31
20211102,皮肤科,9
20211104,内科,19
20211104,外科,20
20211104,儿科,23
20211104,妇产科,27
20211104,骨科,28
20211104,口腔科,31
20211104,皮肤科,1
20211107,内科,7
20211107,外科,15
20211107,儿科,16
20211107,妇产科,20
20211107,骨科,27
20211107,口腔科,29
20211107,皮肤科,7
20211109,内科,5
20211109,外科,17
20211109,儿科,20
20211109,妇产科,21
20211109,骨科,23
20211109,口腔科,33
20211109,皮肤科,4
20211111,内科,4
20211111,外科,15
20211111,儿科,21
20211111,妇产科,27
20211111,骨科,28
20211111,口腔科,29
20211111,皮肤科,10
20211114,内科,8
20211114,外科,9
20211114,儿科,15
20211114,妇产科,24
20211114,骨科,26
20211114,口腔科,30
20211114,皮肤科,6
20211116,内科,8
20211116,外科,11
20211116,儿科,18
20211116,妇产科,19
20211116,骨科,20
20211116,口腔科,24
20211116,皮肤科,1
20211118,内科,1
20211118,外科,4
20211118,儿科,6
20211118,妇产科,14
20211118,骨科,20
20211118,口腔科,28
20211118,皮肤科,8
20211121,内科,1
20211121,外科,3
20211121,儿科,12
20211121,妇产科,19
20211121,骨科,27
20211121,口腔科,31
20211121,皮肤科,10
20211123,内科,1
20211123,外科,2
20211123,儿科,16
20211123,妇产科,19
20211123,骨科,25
20211123,口腔科,31
20211123,皮肤科,8
20211125,内科,3
20211125,外科,10
20211125,儿科,17
20211125,妇产科,19
20211125,骨科,21
20211125,口腔科,31
20211125,皮肤科,4
20211128,内科,2
20211128,外科,6
20211128,儿科,9
20211128,妇产科,15
20211128,骨科,19
20211128,口腔科,28
20211128,皮肤科,16
20211130,内科,3
20211130,外科,7
20211130,儿科,10
20211130,妇产科,14
20211130,骨科,21
20211130,口腔科,24
20211130,皮肤科,1
20211202,内科,11
20211202,外科,14
20211202,儿科,15
20211202,妇产科,16
20211202,骨科,27
20211202,口腔科,32
20211202,皮肤科,9
20211205,内科,12
20211205,外科,14
20211205,儿科,19
20211205,妇产科,23
20211205,骨科,24
20211205,口腔科,27
20211205,皮肤科,1
20211207,内科,5
20211207,外科,10
20211207,儿科,16
20211207,妇产科,26
20211207,骨科,27
20211207,口腔科,33
20211207,皮肤科,1
20211209,内科,1
20211209,外科,14
20211209,儿科,19
20211209,妇产科,23
20211209,骨科,26
20211209,口腔科,30
20211209,皮肤科,10
20211212,内科,4
20211212,外科,7
20211212,儿科,17
20211212,妇产科,19
20211212,骨科,20
20211212,口腔科,24
20211212,皮肤科,16
20211214,内科,1
20211214,外科,9
20211214,儿科,11
20211214,妇产科,13
20211214,骨科,20
20211214,口腔科,29
20211214,皮肤科,9
20211216,内科,2
20211216,外科,5
20211216,儿科,13
20211216,妇产科,15
20211216,骨科,23
20211216,口腔科,26
20211216,皮肤科,7
20211219,内科,4
20211219,外科,7
20211219,儿科,10
20211219,妇产科,14
20211219,骨科,16
20211219,口腔科,26
20211219,皮肤科,9
20211221,内科,7
20211221,外科,9
20211221,儿科,21
20211221,妇产科,22
20211221,骨科,26
20211221,口腔科,32
20211221,皮肤科,3
20211223,内科,5
20211223,外科,10
20211223,儿科,11
20211223,妇产科,13
20211223,骨科,27
20211223,口腔科,28
20211223,皮肤科,9
20211226,内科,10
20211226,外科,12
20211226,儿科,15
20211226,妇产科,17
20211226,骨科,19
20211226,口腔科,20
20211226,皮肤科,8
20211228,内科,5
20211228,外科,10
20211228,儿科,15
20211228,妇产科,18
20211228,骨科,19
20211228,口腔科,32
20211228,皮肤科,5
20211230,内科,9
20211230,外科,14
20211230,儿科,20
20211230,妇产科,21
20211230,骨科,24
20211230,口腔科,26
20211230,皮肤科,4
20220102,内科,6
20220102,外科,13
20220102,儿科,15
20220102,妇产科,17
20220102,骨科,20
20220102,口腔科,21
20220102,皮肤科,3
20220104,内科,2
20220104,外科,12
20220104,儿科,21
20220104,妇产科,23
20220104,骨科,25
20220104,口腔科,31
20220104,皮肤科,8
20220106,内科,2
20220106,外科,5
20220106,儿科,16
20220106,妇产科,17
20220106,骨科,18
20220106,口腔科,30
20220106,皮肤科,6
20220109,内科,5
20220109,外科,19
20220109,儿科,24
20220109,妇产科,28
20220109,骨科,30
20220109,口腔科,32
20220109,皮肤科,14
20220111,内科,7
20220111,外科,10
20220111,儿科,12
20220111,妇产科,16
20220111,骨科,19
20220111,口腔科,31
20220111,皮肤科,16
20220113,内科,3
20220113,外科,6
20220113,儿科,9
20220113,妇产科,15
20220113,骨科,22
20220113,口腔科,31
20220113,皮肤科,2
20220116,内科,1
20220116,外科,20
20220116,儿科,22
20220116,妇产科,23
20220116,骨科,25
20220116,口腔科,28
20220116,皮肤科,16
20220118,内科,2
20220118,外科,3
20220118,儿科,7
20220118,妇产科,9
20220118,骨科,20
20220118,口腔科,21
20220118,皮肤科,13
20220120,内科,4
20220120,外科,15
20220120,儿科,17
20220120,妇产科,19
20220120,骨科,25
20220120,口腔科,28
20220120,皮肤科,16
20220123,内科,12
20220123,外科,18
20220123,儿科,19
20220123,妇产科,20
20220123,骨科,21
20220123,口腔科,32
20220123,皮肤科,15
20220125,内科,6
20220125,外科,15
20220125,儿科,23
20220125,妇产科,24
20220125,骨科,25
20220125,口腔科,33
20220125,皮肤科,15
20220127,内科,4
20220127,外科,7
20220127,儿科,8
20220127,妇产科,29
20220127,骨科,30
20220127,口腔科,31
20220127,皮肤科,1
20220208,内科,2
20220208,外科,3
20220208,儿科,4
20220208,妇产科,7
20220208,骨科,10
20220208,口腔科,18
20220208,皮肤科,15
20220210,内科,6
20220210,外科,7
20220210,儿科,13
20220210,妇产科,14
20220210,骨科,15
20220210,口腔科,27
20220210,皮肤科,4
20220213,内科,6
20220213,外科,14
20220213,儿科,16
20220213,妇产科,27
20220213,骨科,28
20220213,口腔科,31
20220213,皮肤科,7
20220215,内科,5
20220215,外科,10
20220215,儿科,19
20220215,妇产科,20
20220215,骨科,29
20220215,口腔科,31
20220215,皮肤科,14
20220217,内科,6
20220217,外科,9
20220217,儿科,24
20220217,妇产科,29
20220217,骨科,30
20220217,口腔科,32
20220217,皮肤科,7
20220220,内科,7
20220220,外科,11
20220220,儿科,16
20220220,妇产科,17
20220220,骨科,30
20220220,口腔科,32
20220220,皮肤科,16
20220222,内科,5
20220222,外科,6
20220222,儿科,14
20220222,妇产科,20
20220222,骨科,21
20220222,口腔科,25
20220222,皮肤科,8
20220224,内科,9
20220224,外科,11
20220224,儿科,14
20220224,妇产科,22
20220224,骨科,30
20220224,口腔科,32
20220224,皮肤科,1
20220227,内科,3
20220227,外科,7
20220227,儿科,22
20220227,妇产科,24
20220227,骨科,26
20220227,口腔科,31
20220227,皮肤科,14
20220301,内科,1
20220301,外科,7
20220301,儿科,11
20220301,妇产科,15
20220301,骨科,17
20220301,口腔科,19
20220301,皮肤科,6
20220303,内科,7
20220303,外科,12
20220303,儿科,17
20220303,妇产科,19
20220303,骨科,24
20220303,口腔科,25
20220303,皮肤科,2
20220306,内科,7
20220306,外科,9
20220306,儿科,10
20220306,妇产科,14
20220306,骨科,19
20220306,口腔科,24
20220306,皮肤科,15
20220308,内科,6
20220308,外科,19
20220308,儿科,24
20220308,妇产科,25
20220308,骨科,28
20220308,口腔科,32
20220308,皮肤科,4
20220310,内科,3
20220310,外科,4
20220310,儿科,10
20220310,妇产科,15
20220310,骨科,22
20220310,口腔科,24
20220310,皮肤科,2
20220313,内科,14
20220313,外科,15
20220313,儿科,18
20220313,妇产科,19
20220313,骨科,26
20220313,口腔科,32
20220313,皮肤科,9
20220315,内科,5
20220315,外科,11
20220315,儿科,20
20220315,妇产科,22
20220315,骨科,23
20220315,口腔科,29
20220315,皮肤科,9
20220317,内科,3
20220317,外科,8
20220317,儿科,10
20220317,妇产科,13
20220317,骨科,26
20220317,口腔科,32
20220317,皮肤科,8
20220320,内科,12
20220320,外科,23
20220320,儿科,24
20220320,妇产科,26
20220320,骨科,27
20220320,口腔科,30
20220320,皮肤科,5
20220322,内科,1
20220322,外科,10
20220322,儿科,11
20220322,妇产科,22
20220322,骨科,26
20220322,口腔科,32
20220322,皮肤科,7
20220324,内科,4
20220324,外科,10
20220324,儿科,11
20220324,妇产科,14
20220324,骨科,23
20220324,口腔科,32
20220324,皮肤科,7
20220327,内科,5
20220327,外科,12
20220327,儿科,19
20220327,妇产科,22
20220327,骨科,25
20220327,口腔科,26
20220327,皮肤科,5
20220329,内科,14
20220329,外科,17
20220329,儿科,26
20220329,妇产科,31
20220329,骨科,32
20220329,口腔科,33
20220329,皮肤科,10
20220331,内科,8
20220331,外科,12
20220331,儿科,13
20220331,妇产科,19
20220331,骨科,23
20220331,口腔科,25
20220331,皮肤科,15
20220403,内科,2
20220403,外科,3
20220403,儿科,14
20220403,妇产科,16
20220403,骨科,26
20220403,口腔科,31
20220403,皮肤科,2
20220405,内科,1
20220405,外科,10
20220405,儿科,13
20220405,妇产科,20
20220405,骨科,22
20220405,口腔科,32
20220405,皮肤科,14
20220407,内科,9
20220407,外科,12
20220407,儿科,13
20220407,妇产科,16
20220407,骨科,24
20220407,口腔科,32
20220407,皮肤科,4
20220410,内科,2
20220410,外科,6
20220410,儿科,7
20220410,妇产科,10
20220410,骨科,15
20220410,口腔科,20
20220410,皮肤科,5
20220412,内科,3
20220412,外科,12
20220412,儿科,14
20220412,妇产科,16
20220412,骨科,31
20220412,口腔科,33
20220412,皮肤科,12
20220414,内科,5
20220414,外科,7
20220414,儿科,21
20220414,妇产科,22
20220414,骨科,24
20220414,口腔科,29
20220414,皮肤科,14
20220417,内科,5
20220417,外科,10
20220417,儿科,11
20220417,妇产科,21
20220417,骨科,22
20220417,口腔科,30
20220417,皮肤科,13
20220419,内科,2
20220419,外科,17
20220419,儿科,20
20220419,妇产科,23
20220419,骨科,25
20220419,口腔科,27
20220419,皮肤科,8
20220421,内科,1
20220421,外科,7
20220421,儿科,8
20220421,妇产科,21
20220421,骨科,23
20220421,口腔科,29
20220421,皮肤科,6
20220424,内科,3
20220424,外科,12
20220424,儿科,17
20220424,妇产科,18
20220424,骨科,19
20220424,口腔科,28
20220424,皮肤科,4
20220426,内科,2
20220426,外科,11
20220426,儿科,24
20220426,妇产科,25
20220426,骨科,27
20220426,口腔科,30
20220426,皮肤科,14
20220428,内科,3
20220428,外科,7
20220428,儿科,8
20220428,妇产科,14
20220428,骨科,27
20220428,口腔科,30
20220428,皮肤科,9
20220501,内科,5
20220501,外科,7
20220501,儿科,17
20220501,妇产科,20
20220501,骨科,26
20220501,口腔科,31
20220501,皮肤科,14
20220503,内科,2
20220503,外科,4
20220503,儿科,7
20220503,妇产科,18
20220503,骨科,25
20220503,口腔科,26
20220503,皮肤科,10
20220505,内科,3
20220505,外科,5
20220505,儿科,8
20220505,妇产科,14
20220505,骨科,27
20220505,口腔科,33
20220505,皮肤科,8
20220508,内科,2
20220508,外科,5
20220508,儿科,11
20220508,妇产科,17
20220508,骨科,21
20220508,口腔科,33
20220508,皮肤科,1
20220510,内科,7
20220510,外科,24
20220510,儿科,27
20220510,妇产科,29
20220510,骨科,31
20220510,口腔科,32
20220510,皮肤科,15
20220512,内科,10
20220512,外科,14
20220512,儿科,18
20220512,妇产科,23
20220512,骨科,27
20220512,口腔科,33
20220512,皮肤科,15
20220515,内科,8
20220515,外科,12
20220515,儿科,21
20220515,妇产科,27
20220515,骨科,28
20220515,口腔科,33
20220515,皮肤科,11
20220517,内科,2
20220517,外科,4
20220517,儿科,9
20220517,妇产科,26
20220517,骨科,28
20220517,口腔科,33
20220517,皮肤科,3
20220519,内科,1
20220519,外科,6
20220519,儿科,11
20220519,妇产科,14
20220519,骨科,17
20220519,口腔科,26
20220519,皮肤科,15
20220522,内科,12
20220522,外科,15
20220522,儿科,20
20220522,妇产科,26
20220522,骨科,30
20220522,口腔科,33
20220522,皮肤科,16
20220524,内科,6
20220524,外科,13
20220524,儿科,14
20220524,妇产科,23
20220524,骨科,31
20220524,口腔科,33
20220524,皮肤科,1
20220526,内科,6
20220526,外科,9
20220526,儿科,18
20220526,妇产科,19
20220526,骨科,29
20220526,口腔科,33
20220526,皮肤科,6
20220529,内科,16
20220529,外科,18
20220529,儿科,19
20220529,妇产科,24
20220529,骨科,28
20220529,口腔科,32
20220529,皮肤科,1
20220531,内科,1
20220531,外科,3
20220531,儿科,16
20220531,妇产科,18
20220531,骨科,29
20220531,口腔科,33
20220531,皮肤科,6
20220602,内科,16
20220602,外科,18
20220602,儿科,20
20220602,妇产科,21
20220602,骨科,23
20220602,口腔科,33
20220602,皮肤科,5
20220605,内科,6
20220605,外科,8
20220605,儿科,9
20220605,妇产科,17
20220605,骨科,22
20220605,口腔科,31
20220605,皮肤科,11
20220607,内科,4
20220607,外科,6
20220607,儿科,12
20220607,妇产科,13
20220607,骨科,17
20220607,口腔科,31
20220607,皮肤科,16
20220609,内科,9
20220609,外科,14
20220609,儿科,18
20220609,妇产科,23
20220609,骨科,28
20220609,口腔科,31
20220609,皮肤科,2
20220612,内科,6
20220612,外科,11
20220612,儿科,14
20220612,妇产科,20
20220612,骨科,27
20220612,口腔科,30
20220612,皮肤科,9
20220614,内科,1
20220614,外科,5
20220614,儿科,13
20220614,妇产科,21
20220614,骨科,26
20220614,口腔科,29
20220614,皮肤科,15
20220616,内科,7
20220616,外科,12
20220616,儿科,15
20220616,妇产科,24
20220616,骨科,26
20220616,口腔科,29
20220616,皮肤科,6
20220619,内科,6
20220619,外科,7
20220619,儿科,13
20220619,妇产科,19
20220619,骨科,26
20220619,口腔科,29
20220619,皮肤科,8
20220621,内科,4
20220621,外科,6
20220621,儿科,9
20220621,妇产科,27
20220621,骨科,28
20220621,口腔科,33
20220621,皮肤科,2
20220623,内科,4
20220623,外科,7
20220623,儿科,15
20220623,妇产科,18
20220623,骨科,29
20220623,口腔科,33
20220623,皮肤科,1
20220626,内科,5
20220626,外科,14
20220626,儿科,15
20220626,妇产科,16
20220626,骨科,18
20220626,口腔科,32
20220626,皮肤科,12
20220628,内科,6
20220628,外科,10
20220628,儿科,14
20220628,妇产科,15
20220628,骨科,26
20220628,口腔科,29
20220628,皮肤科,12
20220630,内科,5
20220630,外科,7
20220630,儿科,15
20220630,妇产科,19
20220630,骨科,29
20220630,口腔科,33
20220630,皮肤科,15
20220703,内科,1
20220703,外科,2
20220703,儿科,4
20220703,妇产科,25
20220703,骨科,26
20220703,口腔科,30
20220703,皮肤科,10
20220705,内科,8
20220705,外科,9
20220705,儿科,10
20220705,妇产科,13
20220705,骨科,24
20220705,口腔科,29
20220705,皮肤科,2
20220707,内科,3
20220707,外科,17
20220707,儿科,18
20220707,妇产科,19
20220707,骨科,20
20220707,口腔科,27
20220707,皮肤科,16
20220710,内科,1
20220710,外科,4
20220710,儿科,5
20220710,妇产科,15
20220710,骨科,17
20220710,口腔科,31
20220710,皮肤科,9
20220712,内科,1
20220712,外科,9
20220712,儿科,15
20220712,妇产科,17
20220712,骨科,22
20220712,口腔科,23
20220712,皮肤科,16
20220714,内科,5
20220714,外科,12
20220714,儿科,15
20220714,妇产科,17
20220714,骨科,18
20220714,口腔科,27
20220714,皮肤科,4
20220717,内科,4
20220717,外科,8
20220717,儿科,11
20220717,妇产科,21
20220717,骨科,27
20220717,口腔科,30
20220717,皮肤科,1
20220719,内科,4
20220719,外科,10
20220719,儿科,11
20220719,妇产科,23
20220719,骨科,30
20220719,口腔科,32
20220719,皮肤科,14
20220721,内科,8
20220721,外科,12
20220721,儿科,13
20220721,妇产科,14
20220721,骨科,19
20220721,口腔科,20
20220721,皮肤科,5
20220724,内科,3
20220724,外科,18
20220724,儿科,23
20220724,妇产科,24
20220724,骨科,25
20220724,口腔科,32
20220724,皮肤科,9
20220726,内科,7
20220726,外科,9
20220726,儿科,14
20220726,妇产科,31
20220726,骨科,32
20220726,口腔科,33
20220726,皮肤科,13
20220728,内科,1
20220728,外科,4
20220728,儿科,8
20220728,妇产科,21
20220728,骨科,23
20220728,口腔科,24
20220728,皮肤科,11
20220731,内科,5
20220731,外科,6
20220731,儿科,9
20220731,妇产科,13
20220731,骨科,23
20220731,口腔科,25
20220731,皮肤科,8
20220802,内科,3
20220802,外科,9
20220802,儿科,15
20220802,妇产科,17
20220802,骨科,20
20220802,口腔科,22
20220802,皮肤科,6
20220804,内科,2
20220804,外科,7
20220804,儿科,15
20220804,妇产科,29
20220804,骨科,31
20220804,口腔科,33
20220804,皮肤科,15
20220807,内科,1
20220807,外科,4
20220807,儿科,25
20220807,妇产科,27
20220807,骨科,29
20220807,口腔科,30
20220807,皮肤科,7
20220809,内科,8
20220809,外科,18
20220809,儿科,20
20220809,妇产科,22
20220809,骨科,24
20220809,口腔科,28
20220809,皮肤科,10
20220811,内科,7
20220811,外科,10
20220811,儿科,16
20220811,妇产科,20
20220811,骨科,21
20220811,口腔科,27
20220811,皮肤科,11
20220814,内科,21
20220814,外科,22
20220814,儿科,24
20220814,妇产科,28
20220814,骨科,29
20220814,口腔科,32
20220814,皮肤科,14
20220816,内科,6
20220816,外科,11
20220816,儿科,13
20220816,妇产科,16
20220816,骨科,19
20220816,口腔科,31
20220816,皮肤科,2
20220818,内科,4
20220818,外科,13
20220818,儿科,14
20220818,妇产科,18
20220818,骨科,20
20220818,口腔科,28
20220818,皮肤科,8
20220821,内科,3
20220821,外科,16
20220821,儿科,17
20220821,妇产科,19
20220821,骨科,25
20220821,口腔科,33
20220821,皮肤科,7
20220823,内科,4
20220823,外科,5
20220823,儿科,10
20220823,妇产科,13
20220823,骨科,30
20220823,口腔科,31
20220823,皮肤科,14
20220825,内科,2
20220825,外科,3
20220825,儿科,4
20220825,妇产科,6
20220825,骨科,21
20220825,口腔科,33
20220825,皮肤科,5
20220828,内科,1
20220828,外科,11
20220828,儿科,23
20220828,妇产科,24
20220828,骨科,26
20220828,口腔科,32
20220828,皮肤科,15
20220830,内科,2
20220830,外科,6
20220830,儿科,7
20220830,妇产科,15
20220830,骨科,20
20220830,口腔科,21
20220830,皮肤科,15
20220901,内科,4
20220901,外科,16
20220901,儿科,18
20220901,妇产科,19
20220901,骨科,27
20220901,口腔科,28
20220901,皮肤科,4
20220904,内科,9
20220904,外科,10
20220904,儿科,12
20220904,妇产科,18
20220904,骨科,29
20220904,口腔科,32
20220904,皮肤科,14
20220906,内科,6
20220906,外科,9
20220906,儿科,12
20220906,妇产科,14
20220906,骨科,20
20220906,口腔科,28
20220906,皮肤科,10
20220908,内科,1
20220908,外科,8
20220908,儿科,19
20220908,妇产科,25
20220908,骨科,26
20220908,口腔科,31
20220908,皮肤科,1
20220911,内科,6
20220911,外科,12
20220911,儿科,13
20220911,妇产科,15
20220911,骨科,21
20220911,口腔科,23
20220911,皮肤科,15
20220913,内科,17
20220913,外科,20
20220913,儿科,22
20220913,妇产科,23
20220913,骨科,24
20220913,口腔科,31
20220913,皮肤科,1
20220915,内科,3
20220915,外科,9
20220915,儿科,11
20220915,妇产科,15
20220915,骨科,19
20220915,口腔科,28
20220915,皮肤科,16
20220918,内科,1
20220918,外科,7
20220918,儿科,13
20220918,妇产科,17
20220918,骨科,18
20220918,口腔科,31
20220918,皮肤科,15
20220920,内科,4
20220920,外科,11
20220920,儿科,13
20220920,妇产科,19
20220920,骨科,22
20220920,口腔科,33
20220920,皮肤科,11
20220922,内科,9
20220922,外科,13
20220922,儿科,15
20220922,妇产科,18
20220922,骨科,20
20220922,口腔科,28
20220922,皮肤科,15
20220925,内科,2
20220925,外科,10
20220925,儿科,11
20220925,妇产科,13
20220925,骨科,28
20220925,口腔科,31
20220925,皮肤科,1
20220927,内科,3
20220927,外科,5
20220927,儿科,8
20220927,妇产科,17
20220927,骨科,25
20220927,口腔科,31
20220927,皮肤科,1
20220929,内科,13
20220929,外科,14
20220929,儿科,20
20220929,妇产科,24
20220929,骨科,27
20220929,口腔科,29
20220929,皮肤科,2
20221006,内科,1
20221006,外科,5
20221006,儿科,15
20221006,妇产科,19
20221006,骨科,26
20221006,口腔科,29
20221006,皮肤科,13
20221009,内科,6
20221009,外科,7
20221009,儿科,18
20221009,妇产科,20
20221009,骨科,27
20221009,口腔科,29
20221009,皮肤科,9
20221011,内科,8
20221011,外科,14
20221011,儿科,26
20221011,妇产科,27
20221011,骨科,30
20221011,口腔科,33
20221011,皮肤科,1
20221013,内科,4
20221013,外科,13
20221013,儿科,17
20221013,妇产科,18
20221013,骨科,28
20221013,口腔科,29
20221013,皮肤科,6
20221016,内科,2
20221016,外科,6
20221016,儿科,7
20221016,妇产科,11
20221016,骨科,14
20221016,口腔科,33
20221016,皮肤科,8
20221018,内科,2
20221018,外科,5
20221018,儿科,15
20221018,妇产科,18
20221018,骨科,26
20221018,口腔科,27
20221018,皮肤科,4
20221020,内科,2
20221020,外科,15
20221020,儿科,19
20221020,妇产科,26
20221020,骨科,27
20221020,口腔科,29
20221020,皮肤科,2
20221023,内科,12
20221023,外科,17
20221023,儿科,22
20221023,妇产科,27
20221023,骨科,30
20221023,口腔科,31
20221023,皮肤科,2
20221025,内科,6
20221025,外科,8
20221025,儿科,17
20221025,妇产科,19
20221025,骨科,24
20221025,口腔科,28
20221025,皮肤科,5
20221027,内科,10
20221027,外科,13
20221027,儿科,16
20221027,妇产科,20
20221027,骨科,21
20221027,口腔科,25
20221027,皮肤科,5
20221030,内科,5
20221030,外科,10
20221030,儿科,13
20221030,妇产科,18
20221030,骨科,24
20221030,口腔科,26
20221030,皮肤科,1
20221101,内科,2
20221101,外科,3
20221101,儿科,7
20221101,妇产科,12
20221101,骨科,20
20221101,口腔科,31
20221101,皮肤科,16
20221103,内科,1
20221103,外科,13
20221103,儿科,15
20221103,妇产科,17
20221103,骨科,26
20221103,口腔科,33
20221103,皮肤科,13
20221106,内科,3
20221106,外科,4
20221106,儿科,9
20221106,妇产科,10
20221106,骨科,29
20221106,口腔科,33
20221106,皮肤科,13
20221108,内科,3
20221108,外科,12
20221108,儿科,18
20221108,妇产科,24
20221108,骨科,27
20221108,口腔科,29
20221108,皮肤科,1
20221110,内科,10
20221110,外科,12
20221110,儿科,14
20221110,妇产科,22
20221110,骨科,24
20221110,口腔科,27
20221110,皮肤科,7
20221113,内科,2
20221113,外科,8
20221113,儿科,15
20221113,妇产科,17
20221113,骨科,26
20221113,口腔科,28
20221113,皮肤科,12
20221115,内科,3
20221115,外科,5
20221115,儿科,10
20221115,妇产科,13
20221115,骨科,19
20221115,口腔科,29
20221115,皮肤科,6
20221117,内科,1
20221117,外科,3
20221117,儿科,18
20221117,妇产科,26
20221117,骨科,32
20221117,口腔科,33
20221117,皮肤科,4
20221120,内科,5
20221120,外科,8
20221120,儿科,16
20221120,妇产科,17
20221120,骨科,21
20221120,口腔科,25
20221120,皮肤科,12
20221122,内科,1
20221122,外科,5
20221122,儿科,14
20221122,妇产科,17
20221122,骨科,24
20221122,口腔科,31
20221122,皮肤科,14
20221124,内科,9
20221124,外科,11
20221124,儿科,13
20221124,妇产科,24
20221124,骨科,28
20221124,口腔科,32
20221124,皮肤科,6
20221127,内科,8
20221127,外科,10
20221127,儿科,14
20221127,妇产科,15
20221127,骨科,18
20221127,口腔科,22
20221127,皮肤科,8
20221129,内科,8
20221129,外科,21
20221129,儿科,23
20221129,妇产科,27
20221129,骨科,28
20221129,口腔科,33
20221129,皮肤科,1
20221201,内科,2
20221201,外科,14
20221201,儿科,19
20221201,妇产科,21
20221201,骨科,25
20221201,口腔科,28
20221201,皮肤科,11
20221204,内科,6
20221204,外科,7
20221204,儿科,9
20221204,妇产科,16
20221204,骨科,17
20221204,口腔科,19
20221204,皮肤科,14
20221206,内科,8
20221206,外科,9
20221206,儿科,18
20221206,妇产科,19
20221206,骨科,20
20221206,口腔科,27
20221206,皮肤科,15
20221208,内科,5
20221208,外科,12
20221208,儿科,13
20221208,妇产科,17
20221208,骨科,20
20221208,口腔科,27
20221208,皮肤科,14
20221211,内科,1
20221211,外科,3
20221211,儿科,13
20221211,妇产科,16
20221211,骨科,21
20221211,口腔科,27
20221211,皮肤科,3
20221213,内科,7
20221213,外科,8
20221213,儿科,13
20221213,妇产科,29
20221213,骨科,30
20221213,口腔科,33
20221213,皮肤科,3
20221215,内科,7
20221215,外科,20
20221215,儿科,22
20221215,妇产科,23
20221215,骨科,31
20221215,口腔科,32
20221215,皮肤科,5
20221218,内科,3
20221218,外科,21
20221218,儿科,25
20221218,妇产科,30
20221218,骨科,31
20221218,口腔科,33
20221218,皮肤科,11
20221220,内科,6
20221220,外科,7
20221220,儿科,13
20221220,妇产科,18
20221220,骨科,26
20221220,口腔科,31
20221220,皮肤科,6
20221222,内科,2
20221222,外科,3
20221222,儿科,7
20221222,妇产科,13
20221222,骨科,20
20221222,口腔科,30
20221222,皮肤科,10
20221225,内科,2
20221225,外科,15
20221225,儿科,16
20221225,妇产科,17
20221225,骨科,21
20221225,口腔科,31
20221225,皮肤科,14
20221227,内科,2
20221227,外科,22
20221227,儿科,26
20221227,妇产科,29
20221227,骨科,32
20221227,口腔科,33
20221227,皮肤科,14
20221229,内科,1
20221229,外科,7
20221229,儿科,11
20221229,妇产科,12
20221229,骨科,22
20221229,口腔科,28
20221229,皮肤科,5
20230101,内科,9
20230101,外科,16
20230101,儿科,18
20230101,妇产科,22
20230101,骨科,28
20230101,口腔科,32
20230101,皮肤科,2
20230103,内科,2
20230103,外科,6
20230103,儿科,10
20230103,妇产科,16
20230103,骨科,18
20230103,口腔科,22
20230103,皮肤科,13
20230105,内科,5
20230105,外科,8
20230105,儿科,18
20230105,妇产科,25
20230105,骨科,30
20230105,口腔科,32
20230105,皮肤科,6
20230108,内科,1
20230108,外科,7
20230108,儿科,15
20230108,妇产科,16
20230108,骨科,20
20230108,口腔科,25
20230108,皮肤科,16
20230110,内科,2
20230110,外科,6
20230110,儿科,8
20230110,妇产科,13
20230110,骨科,14
20230110,口腔科,19
20230110,皮肤科,16
20230112,内科,2
20230112,外科,10
20230112,儿科,12
20230112,妇产科,14
20230112,骨科,24
20230112,口腔科,26
20230112,皮肤科,5
20230115,内科,5
20230115,外科,6
20230115,儿科,9
20230115,妇产科,22
20230115,骨科,25
20230115,口腔科,31
20230115,皮肤科,3
20230117,内科,5
20230117,外科,13
20230117,儿科,18
20230117,妇产科,20
20230117,骨科,26
20230117,口腔科,28
20230117,皮肤科,6
20230129,内科,3
20230129,外科,4
20230129,儿科,19
20230129,妇产科,23
20230129,骨科,30
20230129,口腔科,32
20230129,皮肤科,6
20230131,内科,4
20230131,外科,5
20230131,儿科,13
20230131,妇产科,18
20230131,骨科,27
20230131,口腔科,29
20230131,皮肤科,12
20230202,内科,6
20230202,外科,7
20230202,儿科,16
20230202,妇产科,17
20230202,骨科,21
20230202,口腔科,22
20230202,皮肤科,4
20230205,内科,3
20230205,外科,4
20230205,儿科,7
20230205,妇产科,22
20230205,骨科,26
20230205,口腔科,30
20230205,皮肤科,6
20230207,内科,6
20230207,外科,10
20230207,儿科,14
20230207,妇产科,22
20230207,骨科,23
20230207,口腔科,33
20230207,皮肤科,13
20230209,内科,6
20230209,外科,7
20230209,儿科,18
20230209,妇产科,23
20230209,骨科,27
20230209,口腔科,30
20230209,皮肤科,5
20230212,内科,2
20230212,外科,3
20230212,儿科,14
20230212,妇产科,21
20230212,骨科,29
20230212,口腔科,32
20230212,皮肤科,8
20230214,内科,14
20230214,外科,16
20230214,儿科,19
20230214,妇产科,23
20230214,骨科,28
20230214,口腔科,30
20230214,皮肤科,3
20230216,内科,5
20230216,外科,11
20230216,儿科,18
20230216,妇产科,20
20230216,骨科,26
20230216,口腔科,28
20230216,皮肤科,12
20230219,内科,10
20230219,外科,12
20230219,儿科,17
20230219,妇产科,19
20230219,骨科,25
20230219,口腔科,31
20230219,皮肤科,13
20230221,内科,6
20230221,外科,12
20230221,儿科,26
20230221,妇产科,28
20230221,骨科,29
20230221,口腔科,32
20230221,皮肤科,15
20230223,内科,1
20230223,外科,12
20230223,儿科,17
20230223,妇产科,18
20230223,骨科,26
20230223,口腔科,27
20230223,皮肤科,5
20230226,内科,2
20230226,外科,5
20230226,儿科,6
20230226,妇产科,19
20230226,骨科,21
20230226,口腔科,27
20230226,皮肤科,4
20230228,内科,10
20230228,外科,11
20230228,儿科,18
20230228,妇产科,19
20230228,骨科,23
20230228,口腔科,31
20230228,皮肤科,3
20230302,内科,5
20230302,外科,8
20230302,儿科,10
20230302,妇产科,15
20230302,骨科,24
20230302,口腔科,25
20230302,皮肤科,9
20230305,内科,3
20230305,外科,6
20230305,儿科,9
20230305,妇产科,17
20230305,骨科,27
20230305,口腔科,28
20230305,皮肤科,3
20230307,内科,4
20230307,外科,16
20230307,儿科,20
20230307,妇产科,21
20230307,骨科,31
20230307,口腔科,32
20230307,皮肤科,14
20230309,内科,1
20230309,外科,18
20230309,儿科,26
20230309,妇产科,30
20230309,骨科,31
20230309,口腔科,33
20230309,皮肤科,3
20230312,内科,8
20230312,外科,10
20230312,儿科,22
20230312,妇产科,27
20230312,骨科,32
20230312,口腔科,33
20230312,皮肤科,8
20230314,内科,5
20230314,外科,7
20230314,儿科,10
20230314,妇产科,17
20230314,骨科,20
20230314,口腔科,22
20230314,皮肤科,14
20230316,内科,3
20230316,外科,7
20230316,儿科,12
20230316,妇产科,24
20230316,骨科,28
20230316,口腔科,33
20230316,皮肤科,8
20230319,内科,2
20230319,外科,3
20230319,儿科,7
20230319,妇产科,16
20230319,骨科,30
20230319,口腔科,31
20230319,皮肤科,6
20230321,内科,7
20230321,外科,14
20230321,儿科,27
20230321,妇产科,29
20230321,骨科,31
20230321,口腔科,33
20230321,皮肤科,5
20230323,内科,6
20230323,外科,19
20230323,儿科,20
20230323,妇产科,26
20230323,骨科,28
20230323,口腔科,33
20230323,皮肤科,1
20230326,内科,8
20230326,外科,9
20230326,儿科,13
20230326,妇产科,23
20230326,骨科,24
20230326,口腔科,26
20230326,皮肤科,5
20230328,内科,2
20230328,外科,3
20230328,儿科,9
20230328,妇产科,11
20230328,骨科,12
20230328,口腔科,17
20230328,皮肤科,15
20230330,内科,1
20230330,外科,4
20230330,儿科,9
20230330,妇产科,10
20230330,骨科,20
20230330,口腔科,33
20230330,皮肤科,6
20230402,内科,13
20230402,外科,14
20230402,儿科,18
20230402,妇产科,19
20230402,骨科,24
20230402,口腔科,30
20230402,皮肤科,9
20230404,内科,8
20230404,外科,23
20230404,儿科,25
20230404,妇产科,26
20230404,骨科,29
20230404,口腔科,31
20230404,皮肤科,12
20230406,内科,2
20230406,外科,9
20230406,儿科,14
20230406,妇产科,17
20230406,骨科,31
20230406,口腔科,33
20230406,皮肤科,8
20230409,内科,2
20230409,外科,3
20230409,儿科,9
20230409,妇产科,13
20230409,骨科,19
20230409,口腔科,28
20230409,皮肤科,9
20230411,内科,9
20230411,外科,16
20230411,儿科,17
20230411,妇产科,24
20230411,骨科,29
20230411,口腔科,31
20230411,皮肤科,8
20230413,内科,1
20230413,外科,6
20230413,儿科,12
20230413,妇产科,13
20230413,骨科,15
20230413,口腔科,24
20230413,皮肤科,6
20230416,内科,10
20230416,外科,17
20230416,儿科,20
20230416,妇产科,23
20230416,骨科,27
20230416,口腔科,30
20230416,皮肤科,10
20230418,内科,5
20230418,外科,8
20230418,儿科,12
20230418,妇产科,20
20230418,骨科,24
20230418,口腔科,28
20230418,皮肤科,10
20230420,内科,2
20230420,外科,8
20230420,儿科,15
20230420,妇产科,22
20230420,骨科,24
20230420,口腔科,26
20230420,皮肤科,16
20230423,内科,3
20230423,外科,6
20230423,儿科,12
20230423,妇产科,21
20230423,骨科,27
20230423,口腔科,28
20230423,皮肤科,4
20230425,内科,6
20230425,外科,8
20230425,儿科,17
20230425,妇产科,25
20230425,骨科,26
20230425,口腔科,28
20230425,皮肤科,3
20230427,内科,5
20230427,外科,7
20230427,儿科,14
20230427,妇产科,23
20230427,骨科,31
20230427,口腔科,33
20230427,皮肤科,7
20230430,内科,2
20230430,外科,3
20230430,儿科,10
20230430,妇产科,24
20230430,骨科,28
20230430,口腔科,30
20230430,皮肤科,8
20230502,内科,5
20230502,外科,7
20230502,儿科,14
20230502,妇产科,23
20230502,骨科,25
20230502,口腔科,27
20230502,皮肤科,2
20230504,内科,2
20230504,外科,7
20230504,儿科,9
20230504,妇产科,14
20230504,骨科,22
20230504,口腔科,23
20230504,皮肤科,5
20230507,内科,22
20230507,外科,26
20230507,儿科,29
20230507,妇产科,30
20230507,骨科,32
20230507,口腔科,33
20230507,皮肤科,14
20230509,内科,3
20230509,外科,4
20230509,儿科,5
20230509,妇产科,8
20230509,骨科,12
20230509,口腔科,17
20230509,皮肤科,6
20230511,内科,1
20230511,外科,7
20230511,儿科,14
20230511,妇产科,20
20230511,骨科,27
20230511,口腔科,30
20230511,皮肤科,15
20230514,内科,5
20230514,外科,6
20230514,儿科,9
20230514,妇产科,10
20230514,骨科,15
20230514,口腔科,26
20230514,皮肤科,12
20230516,内科,3
20230516,外科,4
20230516,儿科,20
20230516,妇产科,23
20230516,骨科,27
20230516,口腔科,32
20230516,皮肤科,13
20230518,内科,8
20230518,外科,14
20230518,儿科,15
20230518,妇产科,18
20230518,骨科,23
20230518,口腔科,33
20230518,皮肤科,8
20230521,内科,2
20230521,外科,5
20230521,儿科,10
20230521,妇产科,17
20230521,骨科,24
20230521,口腔科,32
20230521,皮肤科,3
20230523,内科,10
20230523,外科,17
20230523,儿科,22
20230523,妇产科,26
20230523,骨科,30
20230523,口腔科,33
20230523,皮肤科,11
20230525,内科,2
20230525,外科,6
20230525,儿科,13
20230525,妇产科,22
20230525,骨科,27
20230525,口腔科,32
20230525,皮肤科,6
20230528,内科,9
20230528,外科,11
20230528,儿科,17
20230528,妇产科,19
20230528,骨科,30
20230528,口腔科,31
20230528,皮肤科,11
20230530,内科,1
20230530,外科,4
20230530,儿科,6
20230530,妇产科,11
20230530,骨科,12
20230530,口腔科,22
20230530,皮肤科,15
20230601,内科,11
20230601,外科,19
20230601,儿科,23
20230601,妇产科,24
20230601,骨科,26
20230601,口腔科,33
20230601,皮肤科,15
20230604,内科,4
20230604,外科,8
20230604,儿科,17
20230604,妇产科,20
20230604,骨科,22
20230604,口腔科,27
20230604,皮肤科,13
20230606,内科,1
20230606,外科,7
20230606,儿科,11
20230606,妇产科,12
20230606,骨科,16
20230606,口腔科,18
20230606,皮肤科,4
20230608,内科,2
20230608,外科,14
20230608,儿科,17
20230608,妇产科,20
20230608,骨科,26
20230608,口腔科,33
20230608,皮肤科,14
20230611,内科,2
20230611,外科,7
20230611,儿科,8
20230611,妇产科,10
20230611,骨科,26
20230611,口腔科,31
20230611,皮肤科,6
20230613,内科,1
20230613,外科,3
20230613,儿科,12
20230613,妇产科,19
20230613,骨科,28
20230613,口腔科,32
20230613,皮肤科,14
20230615,内科,11
20230615,外科,12
20230615,儿科,15
20230615,妇产科,18
20230615,骨科,29
20230615,口腔科,33
20230615,皮肤科,2
20230618,内科,12
20230618,外科,14
20230618,儿科,17
20230618,妇产科,20
20230618,骨科,21
20230618,口腔科,26
20230618,皮肤科,2
20230620,内科,3
20230620,外科,5
20230620,儿科,25
20230620,妇产科,31
20230620,骨科,32
20230620,口腔科,33
20230620,皮肤科,4
20230622,内科,5
20230622,外科,12
20230622,儿科,15
20230622,妇产科,19
20230622,骨科,24
20230622,口腔科,26
20230622,皮肤科,6
20230625,内科,2
20230625,外科,6
20230625,儿科,10
20230625,妇产科,24
20230625,骨科,25
20230625,口腔科,33
20230625,皮肤科,9
20230627,内科,1
20230627,外科,3
20230627,儿科,15
20230627,妇产科,16
20230627,骨科,25
20230627,口腔科,32
20230627,皮肤科,10
20230629,内科,2
20230629,外科,8
20230629,儿科,9
20230629,妇产科,18
20230629,骨科,19
20230629,口腔科,21
20230629,皮肤科,3
20230702,内科,13
20230702,外科,15
20230702,儿科,24
20230702,妇产科,28
20230702,骨科,30
20230702,口腔科,31
20230702,皮肤科,1
20230704,内科,3
20230704,外科,4
20230704,儿科,15
20230704,妇产科,18
20230704,骨科,19
20230704,口腔科,22
20230704,皮肤科,9
20230706,内科,7
20230706,外科,9
20230706,儿科,14
20230706,妇产科,22
20230706,骨科,26
20230706,口腔科,27
20230706,皮肤科,1
20230709,内科,6
20230709,外科,8
20230709,儿科,14
20230709,妇产科,19
20230709,骨科,30
20230709,口腔科,31
20230709,皮肤科,8
20230711,内科,5
20230711,外科,6
20230711,儿科,9
20230711,妇产科,12
20230711,骨科,21
20230711,口腔科,22
20230711,皮肤科,7
20230713,内科,1
20230713,外科,2
20230713,儿科,4
20230713,妇产科,9
20230713,骨科,25
20230713,口腔科,31
20230713,皮肤科,8
20230716,内科,1
20230716,外科,11
20230716,儿科,15
20230716,妇产科,16
20230716,骨科,22
20230716,口腔科,31
20230716,皮肤科,15
20230718,内科,4
20230718,外科,18
20230718,儿科,19
20230718,妇产科,24
20230718,骨科,27
20230718,口腔科,30
20230718,皮肤科,16
20230720,内科,7
20230720,外科,10
20230720,儿科,12
20230720,妇产科,16
20230720,骨科,17
20230720,口腔科,30
20230720,皮肤科,12
20230723,内科,9
20230723,外科,13
20230723,儿科,14
20230723,妇产科,17
20230723,骨科,19
20230723,口腔科,27
20230723,皮肤科,3
20230725,内科,11
20230725,外科,18
20230725,儿科,23
20230725,妇产科,24
20230725,骨科,31
20230725,口腔科,33
20230725,皮肤科,13
20230727,内科,8
20230727,外科,9
20230727,儿科,10
20230727,妇产科,22
20230727,骨科,26
20230727,口腔科,32
20230727,皮肤科,12
20230730,内科,2
20230730,外科,9
20230730,儿科,15
20230730,妇产科,17
20230730,骨科,28
20230730,口腔科,33
20230730,皮肤科,1
20230801,内科,1
20230801,外科,14
20230801,儿科,18
20230801,妇产科,26
20230801,骨科,31
20230801,口腔科,33
20230801,皮肤科,5
20230803,内科,8
20230803,外科,13
20230803,儿科,15
20230803,妇产科,27
20230803,骨科,28
20230803,口腔科,31
20230803,皮肤科,11
20230806,内科,1
20230806,外科,2
20230806,儿科,9
20230806,妇产科,26
20230806,骨科,30
20230806,口腔科,31
20230806,皮肤科,7
20230808,内科,16
20230808,外科,20
20230808,儿科,22
20230808,妇产科,26
20230808,骨科,30
20230808,口腔科,32
20230808,皮肤科,16
20230810,内科,3
20230810,外科,12
20230810,儿科,24
20230810,妇产科,25
20230810,骨科,32
20230810,口腔科,33
20230810,皮肤科,13
20230813,内科,10
20230813,外科,21
20230813,儿科,24
20230813,妇产科,25
20230813,骨科,27
20230813,口腔科,32
20230813,皮肤科,7
20230815,内科,6
20230815,外科,10
20230815,儿科,12
20230815,妇产科,14
20230815,骨科,30
20230815,口腔科,31
20230815,皮肤科,12
20230817,内科,3
20230817,外科,8
20230817,儿科,16
20230817,妇产科,17
20230817,骨科,22
20230817,口腔科,26
20230817,皮肤科,11
20230820,内科,8
20230820,外科,11
20230820,儿科,18
20230820,妇产科,26
20230820,骨科,31
20230820,口腔科,32
20230820,皮肤科,15
20230822,内科,1
20230822,外科,9
20230822,儿科,14
20230822,妇产科,19
20230822,骨科,29
20230822,口腔科,30
20230822,皮肤科,15
20230824,内科,2
20230824,外科,10
20230824,儿科,11
20230824,妇产科,14
20230824,骨科,21
20230824,口腔科,27
20230824,皮肤科,11
20230827,内科,9
20230827,外科,11
20230827,儿科,14
20230827,妇产科,19
20230827,骨科,27
20230827,口腔科,33
20230827,皮肤科,5
20230829,内科,5
20230829,外科,6
20230829,儿科,12
20230829,妇产科,15
20230829,骨科,23
20230829,口腔科,25
20230829,皮肤科,4
20230831,内科,1
20230831,外科,5
20230831,儿科,9
20230831,妇产科,15
20230831,骨科,18
20230831,口腔科,26
20230831,皮肤科,4
20230903,内科,1
20230903,外科,9
20230903,儿科,10
20230903,妇产科,13
20230903,骨科,21
20230903,口腔科,28
20230903,皮肤科,10
20230905,内科,5
20230905,外科,6
20230905,儿科,13
20230905,妇产科,24
20230905,骨科,25
20230905,口腔科,29
20230905,皮肤科,15
20230907,内科,10
20230907,外科,19
20230907,儿科,23
20230907,妇产科,25
20230907,骨科,30
20230907,口腔科,31
20230907,皮肤科,12
20230910,内科,1
20230910,外科,3
20230910,儿科,5
20230910,妇产科,26
20230910,骨科,30
20230910,口腔科,32
20230910,皮肤科,16
20230912,内科,7
20230912,外科,9
20230912,儿科,10
20230912,妇产科,20
20230912,骨科,22
20230912,口腔科,24
20230912,皮肤科,7
20230914,内科,3
20230914,外科,7
20230914,儿科,18
20230914,妇产科,25
20230914,骨科,29
20230914,口腔科,33
20230914,皮肤科,14
20230917,内科,1
20230917,外科,3
20230917,儿科,6
20230917,妇产科,8
20230917,骨科,18
20230917,口腔科,24
20230917,皮肤科,9
20230919,内科,6
20230919,外科,8
20230919,儿科,10
20230919,妇产科,13
20230919,骨科,16
20230919,口腔科,28
20230919,皮肤科,13
20230921,内科,2
20230921,外科,6
20230921,儿科,20
20230921,妇产科,25
20230921,骨科,29
20230921,口腔科,33
20230921,皮肤科,16
20230924,内科,5
20230924,外科,6
20230924,儿科,12
20230924,妇产科,17
20230924,骨科,20
20230924,口腔科,33
20230924,皮肤科,9
20230926,内科,9
20230926,外科,12
20230926,儿科,13
20230926,妇产科,22
20230926,骨科,24
20230926,口腔科,31
20230926,皮肤科,4
20230928,内科,1
20230928,外科,2
20230928,儿科,13
20230928,妇产科,18
20230928,骨科,25
20230928,口腔科,27
20230928,皮肤科,3
20231005,内科,7
20231005,外科,9
20231005,儿科,15
20231005,妇产科,16
20231005,骨科,17
20231005,口腔科,26
20231005,皮肤科,9
20231008,内科,2
20231008,外科,7
20231008,儿科,16
20231008,妇产科,21
20231008,骨科,26
20231008,口腔科,27
20231008,皮肤科,16
20231010,内科,2
20231010,外科,8
20231010,儿科,9
20231010,妇产科,13
20231010,骨科,24
20231010,口腔科,27
20231010,皮肤科,12
20231012,内科,2
20231012,外科,11
20231012,儿科,14
20231012,妇产科,17
20231012,骨科,18
20231012,口腔科,28
20231012,皮肤科,8
20231015,内科,1
20231015,外科,2
20231015,儿科,11
20231015,妇产科,19
20231015,骨科,25
20231015,口腔科,29
20231015,皮肤科,4
20231017,内科,1
20231017,外科,2
20231017,儿科,3
20231017,妇产科,19
20231017,骨科,21
20231017,口腔科,28
20231017,皮肤科,15
20231019,内科,3
20231019,外科,8
20231019,儿科,13
20231019,妇产科,24
20231019,骨科,27
20231019,口腔科,29
20231019,皮肤科,8
20231022,内科,2
20231022,外科,12
20231022,儿科,16
20231022,妇产科,25
20231022,骨科,30
20231022,口腔科,31
20231022,皮肤科,12
20231024,内科,7
20231024,外科,8
20231024,儿科,14
20231024,妇产科,18
20231024,骨科,20
20231024,口腔科,30
20231024,皮肤科,5
20231026,内科,10
20231026,外科,13
20231026,儿科,15
20231026,妇产科,22
20231026,骨科,29
20231026,口腔科,32
20231026,皮肤科,15
20231029,内科,2
20231029,外科,3
20231029,儿科,17
20231029,妇产科,18
20231029,骨科,25
20231029,口腔科,30
20231029,皮肤科,11
20231031,内科,11
20231031,外科,14
20231031,儿科,15
20231031,妇产科,27
20231031,骨科,30
20231031,口腔科,33
20231031,皮肤科,4
20231102,内科,10
20231102,外科,24
20231102,儿科,26
20231102,妇产科,28
20231102,骨科,29
20231102,口腔科,31
20231102,皮肤科,16
20231105,内科,3
20231105,外科,8
20231105,儿科,19
20231105,妇产科,22
20231105,骨科,26
20231105,口腔科,32
20231105,皮肤科,14
20231107,内科,7
20231107,外科,16
20231107,儿科,20
20231107,妇产科,21
20231107,骨科,27
20231107,口腔科,33
20231107,皮肤科,1
20231109,内科,8
20231109,外科,9
20231109,儿科,12
20231109,妇产科,17
20231109,骨科,32
20231109,口腔科,33
20231109,皮肤科,4
20231112,内科,4
20231112,外科,10
20231112,儿科,17
20231112,妇产科,22
20231112,骨科,23
20231112,口腔科,32
20231112,皮肤科,16
20231114,内科,6
20231114,外科,7
20231114,儿科,14
20231114,妇产科,20
20231114,骨科,26
20231114,口腔科,32
20231114,皮肤科,1
20231116,内科,3
20231116,外科,9
20231116,儿科,11
20231116,妇产科,15
20231116,骨科,25
20231116,口腔科,27
20231116,皮肤科,1
20231119,内科,4
20231119,外科,5
20231119,儿科,10
20231119,妇产科,14
20231119,骨科,22
20231119,口腔科,25
20231119,皮肤科,3
20231121,内科,5
20231121,外科,8
20231121,儿科,9
20231121,妇产科,17
20231121,骨科,22
20231121,口腔科,33
20231121,皮肤科,4
20231123,内科,5
20231123,外科,6
20231123,儿科,11
20231123,妇产科,13
20231123,骨科,28
20231123,口腔科,30
20231123,皮肤科,7
20231126,内科,3
20231126,外科,5
20231126,儿科,10
20231126,妇产科,21
20231126,骨科,22
20231126,口腔科,26
20231126,皮肤科,10
20231128,内科,3
20231128,外科,12
20231128,儿科,17
20231128,妇产科,19
20231128,骨科,23
20231128,口腔科,27
20231128,皮肤科,11
20231130,内科,3
20231130,外科,22
20231130,儿科,28
20231130,妇产科,30
20231130,骨科,31
20231130,口腔科,33
20231130,皮肤科,4
20231203,内科,12
20231203,外科,14
20231203,儿科,19
20231203,妇产科,21
20231203,骨科,27
20231203,口腔科,31
20231203,皮肤科,11
20231205,内科,3
20231205,外科,4
20231205,儿科,11
20231205,妇产科,14
20231205,骨科,30
20231205,口腔科,31
20231205,皮肤科,5
20231207,内科,1
20231207,外科,8
20231207,儿科,11
20231207,妇产科,12
20231207,骨科,21
20231207,口腔科,23
20231207,皮肤科,3
20231210,内科,2
20231210,外科,8
20231210,儿科,20
20231210,妇产科,21
20231210,骨科,27
20231210,口腔科,33
20231210,皮肤科,14
20231212,内科,5
20231212,外科,7
20231212,儿科,9
20231212,妇产科,16
20231212,骨科,23
20231212,口腔科,30
20231212,皮肤科,15
20231214,内科,12
20231214,外科,16
20231214,儿科,17
20231214,妇产科,22
20231214,骨科,25
20231214,口腔科,27
20231214,皮肤科,8
20231217,内科,7
20231217,外科,10
20231217,儿科,21
20231217,妇产科,22
20231217,骨科,23
20231217,口腔科,24
20231217,皮肤科,11
20231219,内科,2
20231219,外科,3
20231219,儿科,6
20231219,妇产科,11
20231219,骨科,20
20231219,口腔科,32
20231219,皮肤科,9
20231221,内科,5
20231221,外科,6
20231221,儿科,14
20231221,妇产科,16
20231221,骨科,19
20231221,口腔科,32
20231221,皮肤科,12
20231224,内科,3
20231224,外科,5
20231224,儿科,7
20231224,妇产科,9
20231224,骨科,19
20231224,口腔科,20
20231224,皮肤科,8
20231226,内科,2
20231226,外科,10
20231226,儿科,19
20231226,妇产科,24
20231226,骨科,26
20231226,口腔科,33
20231226,皮肤科,15
20231228,内科,10
20231228,外科,17
20231228,儿科,25
20231228,妇产科,26
20231228,骨科,30
20231228,口腔科,33
20231228,皮肤科,5
20231231,内科,1
20231231,外科,15
20231231,儿科,16
20231231,妇产科,20
20231231,骨科,25
20231231,口腔科,27
20231231,皮肤科,5
20240102,内科,3
20240102,外科,7
20240102,儿科,16
20240102,妇产科,26
20240102,骨科,27
20240102,口腔科,32
20240102,皮肤科,16
20240104,内科,4
20240104,外科,9
20240104,儿科,10
20240104,妇产科,17
20240104,骨科,19
20240104,口腔科,20
20240104,皮肤科,9
20240107,内科,1
20240107,外科,5
20240107,儿科,8
20240107,妇产科,13
20240107,骨科,32
20240107,口腔科,33
20240107,皮肤科,3
20240109,内科,9
20240109,外科,13
20240109,儿科,17
20240109,妇产科,18
20240109,骨科,21
20240109,口腔科,27
20240109,皮肤科,4
20240111,内科,5
20240111,外科,6
20240111,儿科,20
20240111,妇产科,23
20240111,骨科,25
20240111,口腔科,32
20240111,皮肤科,3
20240114,内科,7
20240114,外科,18
20240114,儿科,20
20240114,妇产科,21
20240114,骨科,26
20240114,口腔科,32
20240114,皮肤科,5
20240116,内科,4
20240116,外科,5
20240116,儿科,6
20240116,妇产科,7
20240116,骨科,20
20240116,口腔科,22
20240116,皮肤科,15
20240118,内科,8
20240118,外科,20
20240118,儿科,21
20240118,妇产科,23
20240118,骨科,27
20240118,口腔科,30
20240118,皮肤科,13
20240121,内科,1
20240121,外科,4
20240121,儿科,7
20240121,妇产科,10
20240121,骨科,17
20240121,口腔科,23
20240121,皮肤科,14
20240123,内科,11
20240123,外科,16
20240123,儿科,20
20240123,妇产科,21
20240123,骨科,23
20240123,口腔科,24
20240123,皮肤科,4
20240125,内科,8
20240125,外科,12
20240125,儿科,16
20240125,妇产科,20
20240125,骨科,27
20240125,口腔科,31
20240125,皮肤科,6
20240128,内科,1
20240128,外科,3
20240128,儿科,7
20240128,妇产科,18
20240128,骨科,22
20240128,口腔科,28
20240128,皮肤科,15
20240130,内科,1
20240130,外科,7
20240130,儿科,10
20240130,妇产科,14
20240130,骨科,21
20240130,口腔科,25
20240130,皮肤科,7
20240201,内科,1
20240201,外科,2
20240201,儿科,10
20240201,妇产科,22
20240201,骨科,24
20240201,口腔科,25
20240201,皮肤科,13
20240204,内科,3
20240204,外科,8
20240204,儿科,17
20240204,妇产科,18
20240204,骨科,20
20240204,口腔科,30
20240204,皮肤科,15
20240206,内科,7
20240206,外科,12
20240206,儿科,20
20240206,妇产科,24
20240206,骨科,32
20240206,口腔科,33
20240206,皮肤科,4
20240218,内科,4
20240218,外科,17
20240218,儿科,19
20240218,妇产科,20
20240218,骨科,25
20240218,口腔科,32
20240218,皮肤科,4
20240220,内科,6
20240220,外科,15
20240220,儿科,17
20240220,妇产科,24
20240220,骨科,28
20240220,口腔科,29
20240220,皮肤科,16
20240222,内科,5
20240222,外科,11
20240222,儿科,12
20240222,妇产科,16
20240222,骨科,17
20240222,口腔科,20
20240222,皮肤科,8
20240225,内科,3
20240225,外科,8
20240225,儿科,12
20240225,妇产科,14
20240225,骨科,17
20240225,口腔科,33
20240225,皮肤科,8
20240227,内科,4
20240227,外科,6
20240227,儿科,16
20240227,妇产科,17
20240227,骨科,23
20240227,口腔科,24
20240227,皮肤科,11
20240229,内科,2
20240229,外科,9
20240229,儿科,11
20240229,妇产科,14
20240229,骨科,18
20240229,口腔科,26
20240229,皮肤科,6
20240303,内科,1
20240303,外科,10
20240303,儿科,22
20240303,妇产科,25
20240303,骨科,28
20240303,口腔科,32
20240303,皮肤科,10
20240305,内科,3
20240305,外科,7
20240305,儿科,21
20240305,妇产科,24
20240305,骨科,26
20240305,口腔科,30
20240305,皮肤科,10
20240307,内科,8
20240307,外科,15
20240307,儿科,21
20240307,妇产科,22
20240307,骨科,25
20240307,口腔科,33
20240307,皮肤科,13
20240310,内科,4
20240310,外科,7
20240310,儿科,18
20240310,妇产科,19
20240310,骨科,20
20240310,口腔科,25
20240310,皮肤科,6
20240312,内科,2
20240312,外科,6
20240312,儿科,13
20240312,妇产科,27
20240312,骨科,28
20240312,口腔科,32
20240312,皮肤科,13
20240314,内科,3
20240314,外科,7
20240314,儿科,8
20240314,妇产科,11
20240314,骨科,18
20240314,口腔科,19
20240314,皮肤科,5
20240317,内科,12
20240317,外科,18
20240317,儿科,23
20240317,妇产科,25
20240317,骨科,28
20240317,口腔科,33
20240317,皮肤科,4
20240319,内科,1
20240319,外科,8
20240319,儿科,22
20240319,妇产科,25
20240319,骨科,29
20240319,口腔科,33
20240319,皮肤科,10
20240321,内科,9
20240321,外科,10
20240321,儿科,13
20240321,妇产科,25
20240321,骨科,30
20240321,口腔科,32
20240321,皮肤科,2
20240324,内科,1
20240324,外科,3
20240324,儿科,4
20240324,妇产科,11
20240324,骨科,12
20240324,口腔科,21
20240324,皮肤科,16
20240326,内科,6
20240326,外科,10
20240326,儿科,11
20240326,妇产科,18
20240326,骨科,20
20240326,口腔科,32
20240326,皮肤科,5
20240328,内科,2
20240328,外科,9
20240328,儿科,12
20240328,妇产科,19
20240328,骨科,21
20240328,口腔科,31
20240328,皮肤科,4
20240331,内科,5
20240331,外科,7
20240331,儿科,14
20240331,妇产科,17
20240331,骨科,22
20240331,口腔科,32
20240331,皮肤科,6
20240402,内科,2
20240402,外科,8
20240402,儿科,9
20240402,妇产科,12
20240402,骨科,21
20240402,口腔科,31
20240402,皮肤科,2
20240404,内科,1
20240404,外科,4
20240404,儿科,5
20240404,妇产科,6
20240404,骨科,12
20240404,口腔科,14
20240404,皮肤科,13
20240407,内科,8
20240407,外科,10
20240407,儿科,18
20240407,妇产科,23
20240407,骨科,27
20240407,口腔科,31
20240407,皮肤科,2
20240409,内科,2
20240409,外科,6
20240409,儿科,12
20240409,妇产科,29
20240409,骨科,30
20240409,口腔科,31
20240409,皮肤科,10
20240411,内科,11
20240411,外科,14
20240411,儿科,18
20240411,妇产科,19
20240411,骨科,23
20240411,口腔科,26
20240411,皮肤科,2
