no,date,red1,red2,red3,red4,red5,red6,blue1,count,count_length
3001,20030223,10,11,12,13,26,28,11,15647551,8
3002,20030227,4,9,19,20,21,26,12,23729513,8
3003,20030302,1,7,10,23,28,32,16,3193373,7
3004,20030306,4,6,7,10,13,25,3,3143178,7
3005,20030309,4,6,15,17,30,31,16,7521787,7
3006,20030313,1,3,10,21,26,27,6,21054669,8
3007,20030316,1,9,19,21,23,26,7,9775515,7
3008,20030320,5,8,9,14,17,23,8,9206992,7
3009,20030323,5,9,18,20,22,30,9,75322490,8
3010,20030327,1,2,8,13,17,24,13,42778823,8
3011,20030330,4,5,11,12,30,32,15,7745379,7
3012,20030403,2,12,16,17,27,30,12,6644525,7
3013,20030406,8,13,17,21,23,32,12,3022128,7
3014,20030410,3,5,7,8,21,31,2,48017635,8
3015,20030413,4,11,19,25,26,32,13,8316704,7
3016,20030417,11,17,28,30,31,33,6,27588812,8
3017,20030420,5,8,18,23,25,31,6,1076764,7
3018,20030424,5,16,19,20,25,28,13,5470613,7
3019,20030427,4,8,12,13,16,33,9,10637368,8
3020,20030501,7,10,25,26,27,32,4,10896263,8
3021,20030504,14,15,18,25,26,30,1,2593672,7
3022,20030508,2,7,11,12,14,32,8,3532274,7
3023,20030511,1,10,20,22,26,31,2,14277992,8
3024,20030515,2,7,15,17,22,30,14,2465554,7
3025,20030518,1,5,11,13,14,27,12,59757306,8
3026,20030522,8,13,15,26,29,31,16,11360077,8
3027,20030525,1,11,14,17,27,28,15,4598571,7
3028,20030529,6,13,16,20,28,32,7,35816107,8
3029,20030601,2,7,15,26,29,32,10,17924812,8
3030,20030605,2,6,13,14,23,27,7,66493287,8
3031,20030608,11,17,20,22,28,32,1,35736843,8
3032,20030612,4,11,25,27,29,30,13,4212139,7
3033,20030615,1,7,14,20,27,30,10,6499335,7
3034,20030619,8,13,14,16,23,25,14,52555427,8
3035,20030622,3,4,5,8,10,11,8,2641248,7
3036,20030626,7,21,24,25,27,28,15,8800773,7
3037,20030629,9,14,17,18,26,32,7,51340887,8
3038,20030703,5,7,8,24,25,27,16,17862643,8
3039,20030706,3,5,23,24,27,32,3,23510449,8
3040,20030710,4,5,6,12,14,23,16,14064061,8
3041,20030713,2,3,17,18,24,25,11,15368801,8
3042,20030717,3,5,7,10,15,20,7,16667235,8
3043,20030720,2,8,10,19,20,32,13,4945916,7
3044,20030724,2,5,9,16,32,33,15,15953063,8
3045,20030727,3,7,14,15,17,32,3,14303586,8
3046,20030731,7,8,10,11,17,26,11,21829326,8
3047,20030803,3,17,26,28,32,33,16,15983967,8
3048,20030807,10,12,20,28,30,31,9,31835172,8
3049,20030810,3,6,7,13,24,25,15,458421,6
3050,20030814,2,8,17,23,24,26,13,18894608,8
3051,20030817,4,13,15,17,24,27,1,3383948,7
3052,20030821,1,12,13,23,30,31,11,34786367,8
3053,20030824,15,19,20,21,28,29,13,22953807,8
3054,20030828,2,5,9,21,31,33,12,4145647,7
3055,20030831,6,13,16,21,28,31,16,5844144,7
3056,20030904,8,17,21,26,28,29,7,20144128,8
3057,20030907,18,19,24,25,30,31,16,7301860,7
3058,20030911,9,11,16,28,32,33,2,2170668,7
3059,20030914,2,3,5,6,18,30,4,6557458,7
3060,20030918,2,4,6,17,21,28,11,3740975,7
3061,20030921,3,5,20,21,28,32,2,58599510,8
3062,20030925,1,6,12,19,20,32,14,4959847,7
3063,20030928,5,8,9,14,21,33,11,12414426,8
3064,20031002,4,6,8,12,15,30,1,6861236,7
3065,20031005,6,15,16,17,30,33,11,27418834,8
3066,20031009,3,7,8,20,24,32,14,24372843,8
3067,20031012,5,11,12,13,27,31,10,1459184,7
3068,20031016,9,19,25,27,32,33,11,1588742,7
3069,20031019,7,11,16,19,26,28,11,11958734,8
3070,20031023,1,2,4,17,18,19,8,9713272,7
3071,20031026,9,11,12,14,15,33,11,7642789,7
3072,20031030,3,6,8,11,19,27,11,21138795,8
3073,20031102,2,12,14,21,23,30,13,332412,6
3074,20031106,2,12,19,22,27,32,1,40316211,8
3075,20031109,16,17,19,22,31,33,11,68830336,8
3076,20031113,1,13,16,18,20,29,2,7346105,7
3077,20031116,4,12,16,22,24,25,6,619205,6
3078,20031120,7,12,23,26,29,30,11,44879757,8
3079,20031123,12,15,22,23,26,31,4,12708192,8
3080,20031127,9,20,24,25,28,30,10,18054190,8
3081,20031130,1,2,14,26,29,30,7,25053918,8
3082,20031204,7,17,18,19,30,31,14,7275369,7
3083,20031207,1,3,14,18,26,28,1,21177219,8
3084,20031211,2,6,7,10,17,33,3,19426014,8
3085,20031214,1,4,11,12,19,27,14,3725428,7
3086,20031218,5,12,16,18,26,30,13,25211807,8
3087,20031221,2,3,4,5,24,28,13,8319926,7
3088,20031225,3,10,21,22,24,33,12,17505109,8
3089,20031228,18,19,21,26,27,33,16,43887568,8
4001,20040101,1,2,3,7,10,25,7,31031086,8
4002,20040104,10,12,18,22,30,31,11,6234523,7
4003,20040108,3,5,6,17,26,33,8,25847113,8
4004,20040111,10,19,22,23,25,29,9,122049,6
4005,20040115,9,11,13,16,17,18,7,45528886,8
4006,20040118,4,12,18,20,23,32,6,5609477,7
4007,20040129,4,12,17,20,25,28,9,18424720,8
4008,20040201,1,7,10,22,32,33,13,14167965,8
4009,20040205,1,9,10,16,22,24,11,81267248,8
4010,20040208,6,7,8,13,14,19,15,23572819,8
4011,20040212,1,4,13,23,28,30,3,16987000,8
4012,20040215,1,7,27,30,31,33,8,23880746,8
4013,20040219,12,14,21,29,30,32,13,26133830,8
4014,20040222,3,7,11,17,20,26,12,7918438,7
4015,20040226,1,3,5,18,22,23,13,2063889,7
4016,20040229,4,7,8,28,30,32,5,23726062,8
4017,20040304,5,12,14,15,25,31,9,6096152,7
4018,20040307,2,5,6,8,28,30,6,9094769,7
4019,20040311,5,10,11,23,24,32,4,31192836,8
4020,20040314,1,2,9,22,28,31,4,31218899,8
4021,20040318,5,9,11,17,26,27,10,2930440,7
4022,20040321,3,10,14,19,20,30,6,55665597,8
4023,20040325,1,8,14,17,19,30,3,27135793,8
4024,20040328,1,13,21,23,25,32,6,11131934,8
4025,20040401,7,8,10,24,29,33,4,43679344,8
4026,20040404,4,10,14,18,28,32,15,6421109,7
4027,20040408,1,5,9,10,18,32,11,16180838,8
4028,20040411,1,2,3,5,10,22,12,1866424,7
4029,20040415,9,13,20,22,24,32,5,4903011,7
4030,20040418,1,7,9,17,26,31,5,3089448,7
4031,20040422,3,6,19,20,21,24,11,13331776,8
4032,20040425,2,5,8,11,15,31,13,61125166,8
4033,20040429,1,4,8,9,19,20,1,4652033,7
4034,20040502,2,7,13,20,27,30,14,30376543,8
4035,20040506,2,8,26,27,30,32,16,52345183,8
4036,20040509,2,13,17,18,26,30,1,7089081,7
4037,20040513,3,4,11,17,20,26,5,3612727,7
4038,20040516,11,16,17,25,28,29,7,1069946,7
4039,20040520,10,16,18,25,26,29,3,79119263,8
4040,20040523,7,17,19,20,21,29,11,385895,6
4041,20040527,8,10,17,22,25,29,14,34869086,8
4042,20040530,6,10,13,17,18,21,2,5476702,7
4043,20040603,4,9,10,21,22,24,10,2524778,7
4044,20040606,2,6,7,12,31,32,5,29036164,8
4045,20040610,1,12,18,26,27,28,13,13277539,8
4046,20040613,7,15,16,22,23,32,14,33426922,8
4047,20040617,1,7,8,11,27,31,6,8962570,7
4048,20040620,8,9,11,16,17,29,9,2018795,7
4049,20040624,11,12,14,16,25,29,9,28007553,8
4050,20040627,6,7,19,21,25,29,2,9173505,7
4051,20040701,2,3,9,10,15,29,11,2615629,7
4052,20040704,1,12,14,15,17,29,9,26626482,8
4053,20040708,2,3,4,9,24,25,2,14618914,8
4054,20040711,9,11,14,16,27,28,11,15189902,8
4055,20040715,6,8,19,25,29,32,7,28015713,8
4056,20040718,1,20,21,25,29,30,2,21414932,8
4057,20040722,5,21,23,25,28,32,4,12381335,8
4058,20040725,1,8,11,12,27,31,12,13291631,8
4059,20040729,4,7,11,19,23,26,10,6280589,7
4060,20040801,3,5,11,24,27,28,15,24988638,8
4061,20040805,13,16,19,20,23,33,9,16846031,8
4062,20040808,1,12,25,27,28,29,13,3722699,7
4063,20040812,7,10,13,16,27,28,7,289319,6
4064,20040815,14,15,18,20,27,31,4,15513916,8
4065,20040819,13,14,27,29,32,33,8,3265280,7
4066,20040822,5,13,20,23,24,25,3,16701989,8
4067,20040824,1,6,7,13,16,32,4,9010449,7
4068,20040826,2,8,11,13,24,31,15,3371395,7
4069,20040829,2,11,15,20,22,29,5,3460720,7
4070,20040831,10,12,21,22,30,33,6,63026887,8
4071,20040902,3,8,16,17,21,29,6,36420559,8
4072,20040905,8,15,18,28,30,33,14,40735562,8
4073,20040907,2,7,13,16,23,28,16,47876463,8
4074,20040909,5,6,15,19,26,29,13,7024232,7
4075,20040912,7,18,21,26,27,28,7,13971042,8
4076,20040914,3,5,13,17,25,31,7,20482295,8
4077,20040916,8,9,10,14,16,26,7,11611840,8
4078,20040919,4,5,10,21,24,26,5,2541302,7
4079,20040921,7,13,14,17,19,30,3,9185902,7
4080,20040923,3,8,20,23,24,26,16,613396,6
4081,20040926,3,5,21,24,27,32,6,9261347,7
4082,20040928,3,20,24,27,29,30,15,6141335,7
4083,20040930,14,16,27,28,30,33,6,12287750,8
4084,20041003,1,4,8,11,21,25,14,14287519,8
4085,20041005,3,8,11,29,30,32,1,23875199,8
4086,20041007,10,13,18,19,25,27,1,8758440,7
4087,20041010,1,3,7,8,25,26,14,13289604,8
4088,20041012,2,10,19,22,24,32,14,63811232,8
4089,20041014,14,17,20,25,28,30,14,35550397,8
4090,20041017,1,18,20,24,32,33,12,17584476,8
4091,20041019,9,13,14,21,30,33,1,8531625,7
4092,20041021,1,4,8,13,28,31,2,1359603,7
4093,20041024,11,14,20,27,32,33,5,117496866,9
4094,20041026,5,9,10,13,24,25,8,4727466,7
4095,20041028,19,22,27,28,30,32,1,4040417,7
4096,20041031,1,4,12,16,20,30,15,60847557,8
4097,20041102,10,19,20,26,29,31,14,803854,6
4098,20041104,3,12,13,25,26,31,3,53929570,8
4099,20041107,5,10,21,22,26,33,2,11339047,8
4100,20041109,6,8,9,14,24,33,15,37220050,8
4101,20041111,2,9,14,19,25,26,15,10986459,8
4102,20041114,3,9,12,15,28,32,1,1015471,7
4103,20041116,2,3,5,9,16,21,2,53292423,8
4104,20041118,7,11,17,18,24,29,5,9876314,7
4105,20041121,7,9,10,21,23,30,12,19141930,8
4106,20041123,10,15,23,26,28,29,12,26316871,8
4107,20041125,1,8,12,13,18,20,7,13568060,8
4108,20041128,8,13,14,27,28,31,12,31759471,8
4109,20041130,6,8,10,17,30,31,14,7025929,7
4110,20041202,14,19,20,21,22,31,11,30782792,8
4111,20041205,11,16,18,20,26,31,2,15746056,8
4112,20041207,9,13,15,21,26,33,6,24005498,8
4113,20041210,8,10,23,25,31,32,7,5634477,7
4114,20041213,1,6,9,17,21,22,1,68256523,8
4115,20041214,2,16,20,30,31,33,1,31485399,8
4116,20041216,1,3,5,8,14,33,3,7302432,7
4117,20041219,1,3,7,14,24,25,7,7208703,7
4118,20041221,3,4,7,12,30,31,15,2037782,7
4119,20041223,6,9,18,20,25,33,6,13875501,8
4120,20041226,7,8,18,21,27,32,10,17010463,8
4121,20041228,7,13,16,18,30,32,10,6686097,7
4122,20041230,3,11,14,22,24,31,15,16337720,8
5001,20050102,1,7,8,23,27,28,14,12976928,8
5002,20050104,6,9,20,26,28,33,14,30323295,8
5003,20050106,9,12,15,19,22,31,16,6954893,7
5004,20050109,1,4,8,9,22,23,3,9164445,7
5005,20050111,5,9,20,26,28,33,15,54133613,8
5006,20050113,2,4,5,15,21,31,16,35888859,8
5007,20050116,7,15,17,20,23,33,15,23900492,8
5008,20050118,11,19,22,27,32,33,11,8196510,7
5009,20050120,2,17,22,27,29,31,14,10255618,8
5010,20050123,8,10,11,18,25,26,1,32583088,8
5011,20050125,9,11,13,15,22,30,15,27369035,8
5012,20050127,2,3,6,16,22,31,5,11533298,8
5013,20050130,7,8,16,19,20,24,6,3179687,7
5014,20050201,13,19,21,23,30,32,5,77538148,8
5015,20050203,4,8,9,16,17,29,15,3657732,7
5016,20050206,1,5,6,12,16,30,15,25017342,8
5017,20050216,2,6,10,25,27,31,3,6042242,7
5018,20050217,1,3,6,22,23,25,6,1874001,7
5019,20050220,6,11,12,13,19,22,8,67745631,8
5020,20050222,14,16,19,20,25,29,5,4527123,7
5021,20050224,2,6,24,26,30,31,16,3874594,7
5022,20050227,8,10,12,21,32,33,4,4102662,7
5023,20050301,10,15,19,20,21,25,12,6977080,7
5024,20050303,5,9,14,27,31,32,13,30782082,8
5025,20050306,1,7,10,11,13,32,7,7646983,7
5026,20050308,6,12,14,20,25,26,7,9279775,7
5027,20050310,1,3,4,6,21,32,15,10651772,8
5028,20050313,4,9,22,25,26,32,10,30862038,8
5029,20050315,2,14,21,22,27,30,14,7909845,7
5030,20050317,1,5,9,14,22,28,5,48270188,8
5031,20050320,4,10,16,20,23,32,7,10954419,8
5032,20050322,5,15,19,20,25,29,3,8629928,7
5033,20050324,7,8,12,14,19,20,7,19149709,8
5034,20050327,5,17,18,25,28,32,9,51744600,8
5035,20050329,12,16,21,28,29,30,14,13505861,8
5036,20050331,12,19,20,21,26,31,15,6460053,7
5037,20050403,7,12,14,22,24,32,16,20561173,8
5038,20050405,4,7,11,20,27,28,16,26555065,8
5039,20050407,2,16,18,19,21,29,9,47946468,8
5040,20050410,1,12,21,24,30,32,13,20870113,8
5041,20050412,2,11,16,23,24,29,3,5431941,7
5042,20050414,11,16,21,26,27,30,15,4612915,7
5043,20050417,4,5,6,7,8,32,5,40260486,8
5044,20050419,1,6,16,17,18,22,9,35490422,8
5045,20050421,1,7,10,15,18,20,10,14348849,8
5046,20050424,9,16,18,20,22,24,5,399310,6
5047,20050426,2,3,5,7,8,27,15,15271393,8
5048,20050428,6,7,8,10,16,28,2,21833149,8
5049,20050501,2,3,8,10,25,27,12,8043652,7
5050,20050503,2,9,12,20,26,32,13,1801240,7
5051,20050505,3,6,14,19,20,21,2,7887160,7
5052,20050508,1,2,14,17,30,32,1,22424068,8
5053,20050510,4,7,10,14,27,29,9,22046653,8
5054,20050512,5,13,17,18,21,29,14,29425893,8
5055,20050515,5,20,22,30,32,33,9,5118783,7
5056,20050517,12,17,19,27,29,31,9,10178730,8
5057,20050519,5,6,10,15,30,31,13,16675054,8
5058,20050522,4,6,10,21,25,26,10,1973974,7
5059,20050524,7,11,14,18,24,29,7,60238157,8
5060,20050526,9,12,21,25,31,33,13,18655153,8
5061,20050529,5,9,14,21,23,24,1,79045647,8
5062,20050531,2,7,11,12,20,23,7,15206039,8
5063,20050602,2,11,13,18,22,30,4,487171,6
5064,20050605,10,18,23,27,30,32,8,10165581,8
5065,20050607,12,16,17,21,22,23,16,1829736,7
5066,20050609,2,4,10,11,25,28,5,11534860,8
5067,20050612,3,12,16,20,21,26,16,12885246,8
5068,20050614,1,8,10,13,25,33,13,31419230,8
5069,20050616,7,9,21,24,31,33,12,22710041,8
5070,20050619,3,4,8,14,16,26,4,41479548,8
5071,20050621,4,8,12,14,16,22,10,5210890,7
5072,20050623,6,10,19,20,24,33,11,26680253,8
5073,20050626,1,6,8,9,18,20,1,22574411,8
5074,20050628,6,9,18,20,26,29,9,13825231,8
5075,20050630,11,13,14,16,18,31,14,809343,6
5076,20050703,4,9,11,22,25,28,13,4788058,7
5077,20050705,8,17,22,24,32,33,16,941306,6
5078,20050707,3,11,15,20,26,32,11,19572289,8
5079,20050710,3,9,20,24,25,28,5,5609199,7
5080,20050712,1,12,14,26,27,32,16,4882385,7
5081,20050714,2,4,10,12,26,30,3,21432232,8
5082,20050717,1,7,11,14,19,20,12,37915604,8
5083,20050719,3,5,9,14,16,30,13,16411522,8
5084,20050721,1,2,7,15,19,20,3,924198,6
5085,20050724,8,9,13,14,20,22,12,24450675,8
5086,20050726,7,11,12,24,27,29,12,6547215,7
5087,20050728,8,9,15,16,23,26,8,2967131,7
5088,20050731,1,3,7,18,20,24,7,948658,6
5089,20050802,5,19,20,23,26,31,12,6534097,7
5090,20050804,1,9,21,25,29,32,3,21569092,8
5091,20050807,1,11,12,15,26,27,13,9870429,7
5092,20050809,8,13,19,26,28,31,10,69304133,8
5093,20050811,4,6,17,23,25,29,14,55584051,8
5094,20050814,3,5,9,23,27,33,3,11130289,8
5095,20050816,9,12,18,21,28,29,5,4054131,7
5096,20050818,4,5,17,18,26,33,4,3099,4
5097,20050821,5,10,23,27,28,30,15,7567133,7
5098,20050823,12,15,19,22,31,33,1,228279,6
5099,20050825,10,13,16,22,24,31,9,12183552,8
5100,20050828,2,4,9,14,16,31,3,6626035,7
5101,20050830,9,16,19,21,22,24,12,32304313,8
5102,20050901,2,5,6,14,24,31,12,15952308,8
5103,20050904,4,7,16,18,23,30,7,6317054,7
5104,20050906,2,4,21,23,30,33,9,30135321,8
5105,20050908,4,15,23,30,32,33,3,5298907,7
5106,20050911,1,11,13,24,26,31,13,1648405,7
5107,20050913,9,10,20,24,25,26,11,4674409,7
5108,20050915,3,10,12,24,29,30,6,14763008,8
5109,20050918,3,5,13,15,17,31,4,18464636,8
5110,20050920,7,10,16,19,24,25,9,33228167,8
5111,20050922,3,7,15,16,19,29,9,36931563,8
5112,20050925,4,12,22,28,29,30,16,62681071,8
5113,20050927,15,18,20,22,26,27,3,731201,6
5114,20050929,6,7,10,15,21,27,6,32673991,8
5115,20051002,3,12,18,23,30,33,2,18652273,8
5116,20051004,4,6,8,14,15,30,10,6716620,7
5117,20051006,6,17,22,27,28,32,3,14465330,8
5118,20051009,4,9,12,15,26,31,16,5731948,7
5119,20051011,1,7,11,18,20,22,2,24830871,8
5120,20051013,1,6,13,18,30,32,14,162459,6
5121,20051016,1,7,20,25,31,32,12,45905647,8
5122,20051018,1,4,7,14,30,32,9,10511898,8
5123,20051020,11,12,13,17,18,25,7,5403009,7
5124,20051023,5,6,10,19,31,33,11,7295998,7
5125,20051025,6,14,18,28,31,32,3,28498407,8
5126,20051027,2,8,13,19,25,26,9,2550498,7
5127,20051030,4,6,11,14,23,25,12,357625,6
5128,20051101,2,4,14,23,29,33,15,26805558,8
5129,20051103,5,10,14,20,27,33,3,11102494,8
5130,20051106,3,5,9,15,20,25,16,13139232,8
5131,20051108,2,7,10,11,12,24,3,6980650,7
5132,20051110,2,4,10,18,27,29,15,9941150,7
5133,20051113,1,7,14,16,18,25,11,10539828,8
5134,20051115,4,13,14,18,26,30,1,3704609,7
5135,20051117,1,5,13,15,21,25,11,26093134,8
5136,20051120,5,14,16,18,25,27,13,8933651,7
5137,20051122,3,9,15,23,25,33,12,26214982,8
5138,20051124,3,5,6,11,20,22,13,15969524,8
5139,20051127,2,7,20,23,32,33,10,14560478,8
5140,20051129,4,6,7,8,12,17,7,9902419,7
5141,20051201,3,5,8,12,16,19,15,23222657,8
5142,20051204,7,10,12,17,22,29,5,7599671,7
5143,20051206,3,10,15,17,20,32,8,9629789,7
5144,20051208,1,8,14,15,19,27,9,16876740,8
5145,20051211,3,7,8,17,20,28,15,7566363,7
5146,20051213,7,11,19,20,24,28,2,2011896,7
5147,20051215,6,7,15,27,28,30,10,5431864,7
5148,20051218,3,15,17,23,24,29,13,7259750,7
5149,20051220,11,16,21,23,25,32,7,26311012,8
5150,20051222,3,7,10,14,18,20,2,683665,6
5151,20051225,4,11,12,13,19,30,5,45676567,8
5152,20051227,1,5,12,14,21,27,3,10060656,8
5153,20051229,4,5,7,21,26,29,1,11672695,8
6001,20060101,1,12,15,19,21,28,3,21474841,8
6002,20060103,7,13,16,21,26,28,9,25098732,8
6003,20060105,2,4,5,6,16,20,12,3259681,7
6004,20060108,4,8,17,27,28,31,7,9154838,7
6005,20060110,3,19,20,24,26,27,11,3568539,7
6006,20060112,8,21,22,23,26,32,14,3495746,7
6007,20060115,4,16,18,27,32,33,7,7236507,7
6008,20060117,3,5,9,18,28,32,16,21957640,8
6009,20060119,5,6,8,20,26,30,6,7913818,7
6010,20060122,4,6,12,19,27,29,8,14880833,8
6011,20060124,5,7,8,14,27,31,11,47610917,8
6012,20060126,9,11,13,27,31,33,10,21068832,8
6013,20060205,1,5,6,12,16,21,11,13874359,8
6014,20060207,6,14,26,29,32,33,7,8809455,7
6015,20060209,2,3,9,15,29,32,3,4442475,7
6016,20060212,1,7,13,17,23,30,16,5822521,7
6017,20060214,3,4,8,31,32,33,2,5128897,7
6018,20060216,1,13,14,17,24,26,5,7704532,7
6019,20060219,4,6,13,22,26,32,7,19157027,8
6020,20060221,5,9,21,23,26,29,6,2833749,7
6021,20060223,1,2,5,20,21,22,9,6693889,7
6022,20060226,2,3,4,13,16,27,13,17890829,8
6023,20060228,4,13,14,19,23,28,8,16488264,8
6024,20060302,2,7,9,11,21,27,6,50875262,8
6025,20060305,3,4,17,19,24,32,5,11377752,8
6026,20060307,1,2,18,22,29,32,3,4479160,7
6027,20060309,6,8,11,14,16,27,15,362312,6
6028,20060312,5,7,14,16,17,27,4,23249581,8
6029,20060314,3,4,7,9,14,19,8,44054868,8
6030,20060316,8,13,15,17,20,32,14,63689881,8
6031,20060319,3,10,12,16,31,32,14,5287756,7
6032,20060321,5,18,20,24,26,31,9,1725957,7
6033,20060323,15,20,22,23,27,31,6,6035161,7
6034,20060326,2,10,15,16,17,33,13,423481,6
6035,20060328,3,9,13,21,27,29,13,15382344,8
6036,20060330,4,7,10,16,17,21,9,26286246,8
6037,20060402,2,12,23,24,25,32,14,2349072,7
6038,20060404,2,14,17,19,22,30,10,16893126,8
6039,20060406,16,19,22,28,31,32,3,3949412,7
6040,20060409,15,22,25,26,28,33,3,1461535,7
6041,20060411,3,10,16,18,21,28,4,2304606,7
6042,20060413,3,16,23,26,28,31,11,38511229,8
6043,20060416,5,12,13,16,23,32,3,20335924,8
6044,20060418,2,10,18,21,30,31,5,22128977,8
6045,20060420,6,7,10,14,20,21,4,30331625,8
6046,20060423,13,18,23,29,31,32,8,1351673,7
6047,20060425,2,17,20,22,28,32,3,3958362,7
6048,20060427,9,13,19,25,29,32,12,10826460,8
6049,20060430,6,10,12,13,17,20,3,44482373,8
6050,20060502,2,6,12,15,25,31,7,74536789,8
6051,20060504,2,6,7,17,27,30,16,6070284,7
6052,20060507,11,24,26,27,30,32,3,4162702,7
6053,20060509,1,11,17,27,28,31,2,8451062,7
6054,20060511,3,5,7,10,28,30,4,41269399,8
6055,20060514,4,5,28,29,31,33,11,13123492,8
6056,20060516,11,13,15,21,23,25,8,4363918,7
6057,20060518,3,4,17,18,21,31,8,22112742,8
6058,20060521,1,12,22,23,24,25,14,25767901,8
6059,20060523,5,10,15,17,27,29,11,164491,6
6060,20060525,5,15,19,23,30,32,14,32361929,8
6061,20060528,5,13,17,19,25,30,11,26718708,8
6062,20060530,18,22,23,24,26,30,1,7030922,7
6063,20060601,4,5,15,21,23,24,8,25037947,8
6064,20060604,3,12,14,21,24,28,11,6337352,7
6065,20060606,4,8,17,28,29,30,13,84756539,8
6066,20060608,6,8,11,18,30,33,5,76891335,8
6067,20060611,7,8,11,16,17,24,13,42358573,8
6068,20060613,3,7,10,14,30,33,10,16874432,8
6069,20060615,5,16,20,22,29,30,8,91740586,8
6070,20060618,2,3,11,13,20,27,2,19242503,8
6071,20060620,5,11,12,19,29,31,1,17949002,8
6072,20060622,2,3,5,20,21,24,8,2876270,7
6073,20060625,5,13,16,18,27,29,12,477158,6
6074,20060627,1,3,15,19,25,33,4,15097642,8
6075,20060629,10,21,22,23,25,33,11,7162793,7
6076,20060702,4,10,17,21,29,32,14,10207710,8
6077,20060704,8,9,12,13,19,33,9,10014435,8
6078,20060706,3,5,17,22,31,33,12,4240645,7
6079,20060709,6,11,13,17,20,32,8,9303586,7
6080,20060711,15,17,20,22,26,29,9,17669211,8
6081,20060713,14,16,18,21,22,32,4,5599311,7
6082,20060716,3,13,15,23,28,29,9,271468,6
6083,20060718,7,9,18,19,26,29,10,17493607,8
6084,20060721,1,12,17,21,25,28,12,3882007,7
6085,20060723,2,6,18,21,24,25,8,4454815,7
6086,20060725,4,6,10,24,26,31,6,21584018,8
6087,20060727,4,5,8,9,12,30,5,9457575,7
6088,20060730,3,11,20,24,25,26,1,5486265,7
6089,20060801,1,13,16,18,19,22,1,16826488,8
6090,20060803,2,11,15,20,23,29,11,32402108,8
6091,20060806,7,8,12,21,22,24,7,12914850,8
6092,20060808,2,8,11,16,20,21,14,5021236,7
6093,20060810,2,12,16,18,19,23,5,14548165,8
6094,20060813,15,16,17,18,24,33,13,7780493,7
6095,20060815,1,3,17,20,21,29,16,16088201,8
6096,20060817,1,5,9,13,18,33,14,70015957,8
6097,20060820,11,14,15,20,26,27,12,75460798,8
6098,20060822,6,7,10,11,18,23,16,13987084,8
6099,20060824,9,12,18,23,24,27,5,14441112,8
6100,20060827,1,11,18,26,30,32,3,8842976,7
6101,20060829,9,12,20,26,27,28,16,2343766,7
6102,20060831,1,4,13,19,20,24,11,23693641,8
6103,20060903,12,14,15,25,28,31,6,10572675,8
6104,20060905,3,7,22,27,28,31,11,3598767,7
6105,20060907,5,12,14,15,20,31,1,18835539,8
6106,20060910,2,12,14,19,28,33,10,1722029,7
6107,20060912,1,6,8,13,17,30,7,11887614,8
6108,20060914,2,6,8,20,24,30,9,11672548,8
6109,20060917,1,5,17,18,23,26,13,296301,6
6110,20060919,9,12,14,18,27,33,13,6979815,7
6111,20060921,1,8,11,16,17,22,15,42221045,8
6112,20060924,4,9,13,15,31,33,11,61510152,8
6113,20060926,5,14,17,18,28,33,2,11391498,8
6114,20060928,8,10,14,20,27,29,16,3025288,7
6115,20061001,1,10,20,26,28,29,15,17683048,8
6116,20061003,5,16,21,22,32,33,9,9870178,7
6117,20061005,6,14,20,22,23,26,9,33173852,8
6118,20061008,1,3,7,8,10,30,5,4520472,7
6119,20061010,1,2,14,20,27,30,2,7436502,7
6120,20061012,6,8,14,15,24,33,9,7729681,7
6121,20061015,3,4,6,27,31,33,6,23292065,8
6122,20061017,4,5,6,8,22,24,3,9147377,7
6123,20061019,2,3,20,25,28,32,6,2255605,7
6124,20061022,12,13,14,18,31,32,13,7282820,7
6125,20061024,15,19,23,30,32,33,6,480855,6
6126,20061026,2,8,13,16,24,33,9,25487573,8
6127,20061029,3,4,11,17,19,30,1,22027654,8
6128,20061031,4,15,21,30,31,33,5,79587835,8
6129,20061102,9,14,18,22,27,29,12,12502083,8
6130,20061105,1,12,21,22,30,32,2,6333803,7
6131,20061107,3,4,9,22,26,33,1,24580492,8
6132,20061109,6,14,22,26,30,33,1,742381,6
6133,20061112,4,6,20,25,29,31,3,15422765,8
6134,20061114,10,13,18,26,28,30,12,9238826,7
6135,20061116,4,19,21,22,23,31,4,408128,6
6136,20061119,11,15,17,21,22,24,5,70699116,8
6137,20061121,10,14,17,21,27,31,9,7460500,7
6138,20061123,4,9,11,17,18,26,8,27423217,8
6139,20061126,7,8,14,21,23,25,5,44471409,8
6140,20061128,1,8,11,18,19,23,5,14504220,8
6141,20061130,16,18,22,23,25,31,11,2572108,7
6142,20061203,10,16,19,22,26,27,16,42358786,8
6143,20061205,1,15,20,29,31,32,8,6921421,7
6144,20061207,4,10,13,16,22,29,6,16717433,8
6145,20061210,2,7,23,26,28,31,7,32349487,8
6146,20061212,3,9,13,23,28,30,5,42832768,8
6147,20061214,1,4,15,17,27,31,1,64901314,8
6148,20061217,4,8,12,13,23,29,1,2301880,7
6149,20061219,2,3,5,11,15,32,15,4098321,7
6150,20061221,8,9,12,18,25,27,12,21177462,8
6151,20061224,1,3,4,6,16,22,8,24088822,8
6152,20061226,1,14,20,25,27,31,15,50976180,8
6153,20061228,1,7,11,20,30,33,10,24586654,8
6154,20061231,7,14,18,20,30,33,13,25922162,8
7001,20070102,2,4,9,10,20,26,14,21613138,8
7002,20070104,5,6,14,20,21,22,1,18572107,8
7003,20070107,5,9,11,12,22,27,15,2506765,7
7004,20070109,3,7,10,13,25,33,10,5563414,7
7005,20070111,1,5,6,16,24,30,12,9052930,7
7006,20070114,6,10,14,22,26,27,11,371774,6
7007,20070116,4,12,15,17,22,32,14,28524690,8
7008,20070118,1,4,5,18,19,25,10,28732545,8
7009,20070121,2,4,14,15,25,27,15,31712620,8
7010,20070123,3,8,14,17,30,32,5,7032412,7
7011,20070125,3,10,15,25,28,33,16,13369465,8
7012,20070128,3,5,7,21,26,28,4,2882356,7
7013,20070130,5,15,18,27,29,32,5,14986771,8
7014,20070201,1,13,16,20,24,26,9,9099009,7
7015,20070204,3,4,8,18,22,30,15,80750798,8
7016,20070206,1,18,20,22,26,33,5,14905441,8
7017,20070208,5,9,10,24,25,32,14,14367345,8
7018,20070211,1,12,18,20,21,26,11,22796670,8
7019,20070213,4,11,16,23,29,31,14,7928003,7
7020,20070215,5,10,16,20,28,31,14,17490328,8
7021,20070225,3,6,9,11,25,31,13,61640062,8
7022,20070227,2,4,7,10,18,27,10,26139,5
7023,20070301,3,7,13,17,32,33,2,16763145,8
7024,20070304,8,9,17,25,27,32,6,5368255,7
7025,20070306,3,16,18,22,23,26,3,5395828,7
7026,20070308,1,4,14,16,26,29,10,24547965,8
7027,20070311,2,3,9,22,24,27,11,24267198,8
7028,20070313,3,8,13,20,29,30,11,8921710,7
7029,20070315,6,8,9,11,19,21,10,6810663,7
7030,20070318,3,16,21,22,27,30,4,16529763,8
7031,20070320,4,6,10,12,19,31,1,6945588,7
7032,20070322,4,8,16,24,30,32,16,27777670,8
7033,20070325,3,4,11,17,18,28,9,21990298,8
7034,20070327,2,9,12,14,23,25,16,3586858,7
7035,20070329,1,4,8,12,29,31,6,43126913,8
7036,20070401,3,14,21,23,30,31,10,38561160,8
7037,20070403,10,11,16,23,31,33,16,26701237,8
7038,20070405,3,11,14,19,21,30,5,3311601,7
7039,20070408,6,7,19,24,27,29,1,1817553,7
7040,20070410,13,14,15,19,24,30,10,74181491,8
7041,20070412,1,3,9,11,26,31,12,413082,6
7042,20070415,3,13,16,19,32,33,8,6811349,7
7043,20070417,3,8,10,11,14,30,5,9170468,7
7044,20070419,9,13,20,21,24,32,8,1174062,7
7045,20070422,1,12,18,21,28,30,10,8471423,7
7046,20070424,2,6,7,9,19,26,14,51649801,8
7047,20070426,2,4,16,18,23,30,6,14654103,8
7048,20070429,2,11,12,15,17,28,12,1076105,7
7049,20070501,4,14,18,19,31,33,2,33838917,8
7050,20070503,1,5,8,13,18,25,2,4728274,7
7051,20070506,3,14,16,26,27,33,13,8922278,7
7052,20070508,2,3,7,8,26,29,7,5762952,7
7053,20070510,10,13,16,17,18,27,11,17526161,8
7054,20070513,1,3,16,18,23,28,5,2822008,7
7055,20070515,2,6,11,22,28,29,2,1747713,7
7056,20070517,14,17,21,29,31,32,12,21897500,8
7057,20070520,5,11,18,19,20,21,9,6577927,7
7058,20070522,7,8,10,13,25,27,7,17930127,8
7059,20070524,1,3,4,6,7,29,14,821510,6
7060,20070527,1,2,8,16,19,29,5,1565332,7
7061,20070529,1,6,7,11,20,23,5,34426184,8
7062,20070531,8,17,20,29,30,33,9,5900187,7
7063,20070603,10,15,17,24,26,28,12,3348353,7
7064,20070605,2,6,9,16,21,23,16,785443,6
7065,20070607,4,7,19,21,25,31,7,6573820,7
7066,20070610,5,11,16,24,32,33,8,12168273,8
7067,20070612,6,11,13,17,21,23,11,4055199,7
7068,20070614,11,18,19,22,23,28,1,38063124,8
7069,20070617,3,4,11,12,14,32,12,18785002,8
7070,20070619,6,8,15,17,18,30,12,44026823,8
7071,20070621,1,6,14,21,30,31,9,11362308,8
7072,20070624,2,4,8,13,14,33,16,11453612,8
7073,20070626,5,9,11,19,28,31,2,236540,6
7074,20070628,8,13,15,25,27,28,3,4840643,7
7075,20070701,13,16,17,22,30,32,3,84688491,8
7076,20070703,6,12,15,16,20,31,2,1000682,7
7077,20070705,6,8,14,21,28,29,2,3696896,7
7078,20070708,4,6,7,23,25,32,1,4423285,7
7079,20070710,3,4,14,20,21,25,14,18138595,8
7080,20070712,1,8,16,18,19,29,4,17626046,8
7081,20070715,9,14,15,19,24,33,13,56897,5
7082,20070717,5,15,17,18,25,32,15,27243448,8
7083,20070719,11,14,18,20,21,26,5,1283371,7
7084,20070722,6,10,12,14,20,27,10,11452785,8
7085,20070724,2,12,17,19,29,30,12,14048972,8
7086,20070726,5,8,14,22,27,29,16,6255852,7
7087,20070729,1,3,4,5,8,21,9,4462183,7
7088,20070731,2,4,10,28,29,33,6,7537442,7
7089,20070802,3,7,8,15,19,28,3,2612623,7
7090,20070805,5,11,13,27,30,31,2,995423,6
7091,20070807,2,11,17,30,31,32,7,6810688,7
7092,20070809,14,18,22,23,24,33,9,40677637,8
7093,20070812,5,10,13,15,19,29,2,466203,6
7094,20070814,3,5,18,19,24,32,2,15723035,8
7095,20070816,1,6,8,18,29,32,7,3259499,7
7096,20070819,9,10,20,22,30,32,8,14879389,8
7097,20070821,4,8,13,18,26,30,11,18239528,8
7098,20070823,2,3,5,11,19,20,12,17978679,8
7099,20070826,3,4,14,27,31,33,5,148323,6
7100,20070828,8,18,27,29,30,32,6,9029769,7
7101,20070830,15,16,18,21,22,30,14,8259996,7
7102,20070902,4,6,8,18,20,33,11,45244357,8
7103,20070904,7,9,25,27,30,32,1,10166878,8
7104,20070906,2,8,12,14,20,32,4,45768895,8
7105,20070909,2,7,10,17,23,29,14,17756098,8
7106,20070911,12,18,21,24,25,29,8,3620619,7
7107,20070913,2,8,9,18,24,28,10,5774023,7
7108,20070916,3,7,12,13,20,33,2,51254431,8
7109,20070918,1,4,7,8,13,14,4,37528895,8
7110,20070920,2,4,7,15,24,28,3,1254859,7
7111,20070923,2,9,10,12,13,17,11,45462614,8
7112,20070925,7,11,14,16,25,32,11,16179870,8
7113,20070927,4,18,23,25,26,31,10,41174627,8
7114,20070930,5,12,15,24,27,33,5,39770967,8
7115,20071002,1,5,10,16,20,26,2,4870116,7
7116,20071004,3,5,7,11,17,27,13,5567630,7
7117,20071007,3,7,9,10,26,32,1,22202166,8
7118,20071009,4,10,16,18,25,32,15,18776034,8
7119,20071011,3,8,11,13,25,31,12,15312053,8
7120,20071014,6,7,11,12,18,25,1,5178814,7
7121,20071016,3,10,21,22,27,28,6,23413658,8
7122,20071018,4,7,19,24,26,32,9,10127556,8
7123,20071021,1,13,15,23,28,32,2,24922831,8
7124,20071023,3,7,13,16,19,32,16,9302246,7
7125,20071025,3,5,18,20,27,33,1,15411525,8
7126,20071028,9,10,19,23,26,31,9,6840192,7
7127,20071030,6,9,13,16,24,28,11,8317204,7
7128,20071101,9,10,19,21,27,31,5,3025248,7
7129,20071104,5,7,20,21,22,30,8,2514674,7
7130,20071106,3,5,9,11,27,31,4,15290290,8
7131,20071108,3,5,7,16,22,27,5,58556549,8
7132,20071111,1,9,16,21,22,23,5,1205908,7
7133,20071113,3,6,7,11,13,33,10,1887041,7
7134,20071115,1,4,10,13,18,25,15,17477386,8
7135,20071118,1,11,16,26,31,33,16,15837769,8
7136,20071120,1,2,18,21,25,29,14,47279912,8
7137,20071122,3,7,8,18,20,22,3,14192802,8
7138,20071125,2,3,15,17,19,25,16,33909997,8
7139,20071127,6,10,12,14,16,22,6,4807706,7
7140,20071129,1,5,16,21,22,26,11,4156644,7
7141,20071202,2,3,4,6,17,31,8,4931751,7
7142,20071204,11,20,25,26,27,30,8,12333600,8
7143,20071206,1,6,22,23,24,26,4,17107145,8
7144,20071209,8,14,23,25,28,32,16,32696653,8
7145,20071211,8,9,11,12,25,31,11,41814684,8
7146,20071213,4,18,22,24,26,30,9,8989446,7
7147,20071216,3,7,18,24,26,27,4,9365105,7
7148,20071218,3,9,16,17,23,28,7,11798458,8
7149,20071220,1,17,19,22,28,30,3,3300254,7
7150,20071223,3,5,11,13,19,24,5,57184733,8
7151,20071225,1,6,10,11,23,25,2,20660953,8
7152,20071227,11,17,21,29,30,33,8,1362444,7
7153,20071230,1,4,19,20,25,31,15,58512309,8
8001,20080101,2,4,7,9,14,29,3,3099030,7
8002,20080103,3,4,18,22,25,29,9,18859995,8
8003,20080106,6,8,11,13,17,19,12,7549821,7
8004,20080108,4,8,22,23,27,29,8,29276360,8
8005,20080110,3,5,15,22,24,25,15,17161087,8
8006,20080113,1,14,16,18,22,27,14,6825580,7
8007,20080115,1,13,17,22,23,30,11,4094454,7
8008,20080117,2,15,16,23,26,27,7,35128984,8
8009,20080120,9,21,29,30,31,32,16,27135064,8
8010,20080122,3,8,11,17,21,27,9,44534422,8
8011,20080124,2,14,17,21,30,32,3,4571623,7
8012,20080127,3,4,5,16,20,30,13,7644551,7
8013,20080129,2,8,15,16,22,28,10,26932521,8
8014,20080131,3,9,11,17,21,31,14,8989250,7
8015,20080203,6,8,11,16,29,33,3,20892316,8
8016,20080205,3,12,14,21,29,33,13,8435321,7
8017,20080214,2,5,7,17,20,22,2,19198975,8
8018,20080217,2,5,6,23,26,33,13,2570397,7
8019,20080219,2,9,11,17,27,31,5,10022112,8
8020,20080221,3,10,13,15,28,30,3,14625391,8
8021,20080224,9,12,19,20,26,28,15,3407604,7
8022,20080226,12,18,20,24,28,32,5,5032243,7
8023,20080228,8,16,18,25,26,32,2,10737691,8
8024,20080302,11,20,21,26,28,30,13,24484497,8
8025,20080304,8,16,17,18,19,21,14,56025069,8
8026,20080306,5,17,19,27,29,32,3,1032170,7
8027,20080309,15,18,19,23,24,26,13,7895126,7
8028,20080311,1,13,21,26,29,32,10,1743784,7
8029,20080313,1,9,14,22,29,32,12,8281403,7
8030,20080316,6,15,18,19,20,28,11,13934507,8
8031,20080318,3,6,11,15,21,31,13,5601984,7
8032,20080320,5,14,16,21,23,28,13,49411978,8
8033,20080323,12,17,18,30,31,33,4,5304653,7
8034,20080325,3,5,9,11,21,29,9,2316164,7
8035,20080327,7,11,14,17,18,29,16,14575818,8
8036,20080330,2,6,13,18,23,28,16,24281747,8
8037,20080401,1,12,22,24,28,31,6,11976919,8
8038,20080403,3,9,10,11,15,19,13,4369681,7
8039,20080406,1,7,10,13,22,29,1,30497932,8
8040,20080408,6,13,22,25,27,28,9,5480078,7
8041,20080410,8,11,20,22,23,27,4,4169742,7
8042,20080413,3,4,9,11,12,24,1,1084653,7
8043,20080415,3,10,16,22,27,33,14,1929996,7
8044,20080417,5,7,9,20,26,29,9,4804434,7
8045,20080420,1,10,13,21,29,32,4,16388016,8
8046,20080422,15,16,18,24,28,33,15,19553237,8
8047,20080424,9,12,13,14,20,22,10,655520,6
8048,20080427,11,18,21,27,30,32,1,4915078,7
8049,20080429,3,10,12,13,19,25,4,44490656,8
8050,20080501,1,11,19,24,26,27,3,28201657,8
8051,20080504,1,4,8,10,13,33,11,5522448,7
8052,20080506,2,10,17,23,29,31,10,8065005,7
8053,20080508,6,12,19,20,21,27,4,4574101,7
8054,20080511,2,6,16,17,20,25,7,14304250,8
8055,20080513,11,16,19,23,26,31,4,9541103,7
8056,20080515,8,13,22,23,25,30,7,12293980,8
8057,20080518,19,20,21,26,28,30,8,32636284,8
8058,20080520,1,12,21,27,29,31,11,13425483,8
8059,20080522,2,6,15,29,31,32,16,5704612,7
8060,20080525,6,7,8,17,30,32,3,36035134,8
8061,20080527,1,2,5,12,26,31,6,15884270,8
8062,20080529,6,8,13,17,24,27,15,6668591,7
8063,20080601,5,9,11,14,16,17,15,3212183,7
8064,20080603,1,2,7,9,12,18,12,15901541,8
8065,20080605,5,13,15,19,30,31,5,17606252,8
8066,20080608,7,12,21,22,29,30,8,8722326,7
8067,20080610,10,11,15,19,26,33,13,1158918,7
8068,20080612,5,7,17,23,27,29,7,13830650,8
8069,20080615,5,8,17,20,26,30,10,13396327,8
8070,20080617,5,6,12,15,18,33,13,3685319,7
8071,20080619,1,6,21,26,27,28,9,8669518,7
8072,20080622,1,5,10,18,22,30,9,14452454,8
8073,20080624,1,9,13,22,28,33,8,9664865,7
8074,20080626,1,11,15,19,20,24,9,15208972,8
8075,20080629,1,8,14,18,22,30,3,31918937,8
8076,20080701,2,5,7,11,13,18,11,8366052,7
8077,20080703,4,12,22,26,30,33,9,22877324,8
8078,20080706,6,13,16,26,30,33,1,24418514,8
8079,20080708,3,4,5,10,20,32,9,26383468,8
8080,20080710,4,14,22,25,29,32,14,12638509,8
8081,20080713,2,12,13,18,25,31,4,12020054,8
8082,20080715,4,8,10,12,21,26,9,15382332,8
8083,20080717,7,8,9,18,29,32,9,4508003,7
8084,20080720,4,7,13,20,29,30,16,19238245,8
8085,20080722,1,4,12,20,24,29,15,4216334,7
8086,20080724,4,5,10,26,27,30,12,26351914,8
8087,20080727,1,7,26,29,30,31,6,17358219,8
8088,20080729,1,6,8,16,17,23,5,17579609,8
8089,20080731,3,6,11,16,22,27,11,6614645,7
8090,20080803,2,7,14,18,19,24,1,13925970,8
8091,20080805,3,12,14,23,31,32,10,9994362,7
8092,20080807,1,3,18,27,28,30,5,80019554,8
8093,20080810,4,10,12,16,26,28,7,11618174,8
8094,20080812,1,4,15,16,23,28,14,6107172,7
8095,20080814,3,8,14,21,28,29,3,47603215,8
8096,20080817,6,8,12,24,27,31,14,21407571,8
8097,20080819,3,6,8,9,16,17,13,64158133,8
8098,20080821,6,7,10,11,15,30,1,7355891,7
8099,20080824,10,15,16,22,23,24,7,15889183,8
8100,20080826,8,14,17,21,27,28,14,21262355,8
8101,20080828,9,17,21,26,28,30,4,18944352,8
8102,20080831,3,7,12,21,25,32,5,3595285,7
8103,20080902,1,12,16,18,22,33,4,65077958,8
8104,20080904,3,6,8,17,24,31,1,7261600,7
8105,20080907,5,17,19,27,28,32,2,26667313,8
8106,20080909,14,19,25,27,29,30,15,19846029,8
8107,20080911,6,13,18,22,27,32,4,37996632,8
8108,20080914,9,10,15,17,23,30,12,36149957,8
8109,20080916,4,7,9,16,21,28,10,14952621,8
8110,20080918,10,16,22,23,29,31,2,9374183,7
8111,20080921,17,18,21,25,31,32,6,6064010,7
8112,20080923,5,13,14,19,22,23,6,16432960,8
8113,20080925,6,9,10,12,17,22,9,39501668,8
8114,20080928,4,9,20,24,25,31,14,9297716,7
8115,20080930,2,12,13,14,17,18,6,6215409,7
8116,20081002,3,7,21,22,24,29,14,30345320,8
8117,20081005,3,5,7,10,14,33,7,1803940,7
8118,20081007,4,9,16,27,31,33,1,15391770,8
8119,20081009,5,7,9,15,24,29,7,74313111,8
8120,20081012,10,11,22,24,26,33,2,15127654,8
8121,20081014,2,22,23,27,31,32,6,15988097,8
8122,20081016,2,8,11,14,19,26,15,8357514,7
8123,20081019,10,11,15,16,25,29,2,6358347,7
8124,20081021,1,7,10,13,21,22,3,46741111,8
8125,20081023,10,11,12,15,26,29,9,8737399,7
8126,20081026,4,11,12,14,20,30,13,17046167,8
8127,20081028,5,8,19,22,27,30,13,30067531,8
8128,20081030,1,5,19,20,27,33,5,21600786,8
8129,20081102,1,3,18,24,25,32,15,4222060,7
8130,20081104,1,12,18,28,30,32,6,9144653,7
8131,20081106,2,12,15,18,22,32,8,6148634,7
8132,20081109,9,13,16,25,27,33,8,22939541,8
8133,20081111,8,11,16,19,24,26,11,17668784,8
8134,20081113,10,15,19,20,28,32,2,6903816,7
8135,20081116,5,14,15,16,19,21,15,43824977,8
8136,20081118,5,9,10,12,18,28,2,4587520,7
8137,20081120,1,4,24,28,29,33,9,14125153,8
8138,20081123,7,14,19,23,25,32,4,17830699,8
8139,20081125,8,9,19,23,25,26,7,27909730,8
8140,20081127,7,14,16,29,30,31,14,978087,6
8141,20081130,3,13,20,25,29,33,15,14736186,8
8142,20081202,5,6,10,13,17,28,15,25683365,8
8143,20081204,12,17,18,19,26,27,6,28011470,8
8144,20081207,2,5,10,27,29,33,15,16617150,8
8145,20081209,7,13,18,22,26,29,2,921845,6
8146,20081211,7,8,17,19,31,32,10,444863,6
8147,20081214,7,8,14,22,26,33,2,30308818,8
8148,20081216,3,5,9,22,26,28,9,23952143,8
8149,20081218,10,14,22,28,29,33,2,12473296,8
8150,20081221,4,19,22,24,29,32,2,3155486,7
8151,20081223,6,8,10,14,17,19,6,70845726,8
8152,20081225,1,4,6,22,26,30,8,5706249,7
8153,20081228,1,4,18,21,24,30,16,35839405,8
8154,20081230,2,5,7,21,22,26,8,4591664,7
9001,20090101,4,21,23,24,30,31,4,28607506,8
9002,20090104,10,14,17,25,29,33,14,3423456,7
9003,20090106,2,3,6,15,25,30,2,4402569,7
9004,20090108,3,11,13,17,28,31,3,78849883,8
9005,20090111,1,3,8,15,17,21,13,14795857,8
9006,20090113,6,12,18,20,26,33,2,12489953,8
9007,20090115,1,5,12,23,25,26,15,1928961,7
9008,20090118,4,15,16,22,32,33,2,19613067,8
9009,20090120,8,15,21,30,31,33,2,6175707,7
9010,20090122,3,10,17,19,20,24,2,11308701,8
9011,20090201,2,4,13,14,18,23,15,2429532,7
9012,20090203,5,11,14,17,18,28,1,24601166,8
9013,20090205,4,8,9,21,26,27,9,8583732,7
9014,20090208,3,6,9,14,15,18,2,4078918,7
9015,20090210,2,4,6,15,17,32,5,28489145,8
9016,20090212,2,7,13,16,20,33,3,6304302,7
9017,20090215,6,14,15,19,25,26,8,15403639,8
9018,20090217,2,5,6,19,27,30,15,49161521,8
9019,20090219,6,17,19,20,26,27,4,1182425,7
9020,20090222,3,5,7,10,19,23,13,90223907,8
9021,20090224,1,4,5,17,24,27,9,8571503,7
9022,20090226,5,8,9,10,11,18,8,18254323,8
9023,20090301,1,6,7,15,24,30,8,33715423,8
9024,20090303,1,3,17,23,30,33,12,46970417,8
9025,20090305,10,20,22,23,26,33,11,4371489,7
9026,20090308,11,15,17,18,20,30,16,44572326,8
9027,20090310,2,7,11,16,27,32,6,2293408,7
9028,20090312,3,6,12,15,23,26,10,9706610,7
9029,20090315,12,13,15,22,23,29,13,37656852,8
9030,20090317,8,14,24,26,28,32,7,20101182,8
9031,20090319,1,2,3,15,30,33,1,16043798,8
9032,20090322,9,11,12,19,27,32,6,6843502,7
9033,20090324,7,8,13,14,29,30,6,31037400,8
9034,20090326,9,12,18,21,22,26,7,8433523,7
9035,20090329,6,15,21,26,29,31,5,26785957,8
9036,20090331,6,9,18,23,32,33,7,7308189,7
9037,20090402,2,6,15,18,20,31,3,23668816,8
9038,20090405,12,13,15,23,28,32,5,1762002,7
9039,20090407,5,12,14,15,21,27,3,36807993,8
9040,20090409,4,7,10,20,26,30,12,43545820,8
9041,20090412,1,8,23,26,28,33,8,1936980,7
9042,20090414,8,16,22,23,27,30,11,5448085,7
9043,20090416,4,9,10,15,18,26,7,15711698,8
9044,20090419,11,14,16,18,26,30,1,9043745,7
9045,20090421,3,4,6,23,30,32,1,38350426,8
9046,20090423,16,20,21,26,29,30,9,32128322,8
9047,20090426,6,8,11,15,21,22,16,53326825,8
9048,20090428,3,7,11,15,17,31,1,18906764,8
9049,20090430,9,12,14,20,30,31,6,3341080,7
9050,20090503,13,21,24,29,30,32,4,34316359,8
9051,20090505,6,10,13,16,21,23,7,25284802,8
9052,20090507,9,11,15,19,21,30,8,1736380,7
9053,20090510,7,12,18,19,22,28,4,1978115,7
9054,20090512,16,17,23,26,31,32,11,75488848,8
9055,20090514,3,4,18,22,24,29,11,16638243,8
9056,20090517,4,9,10,18,29,32,8,39259696,8
9057,20090519,5,7,10,14,17,25,11,6970396,7
9058,20090521,5,8,10,15,23,26,9,192745,6
9059,20090524,3,7,13,23,27,30,11,52648306,8
9060,20090526,7,13,17,26,32,33,4,28762566,8
9061,20090528,10,11,13,16,19,30,3,1012164,7
9062,20090531,10,19,20,21,23,32,10,594784,6
9063,20090602,2,5,11,26,30,32,16,13949302,8
9064,20090604,1,2,14,23,28,29,15,39335,5
9065,20090607,8,12,20,22,30,33,2,34825719,8
9066,20090609,2,15,19,24,31,32,4,25907052,8
9067,20090611,4,10,16,23,28,30,5,24323102,8
9068,20090614,6,11,18,20,25,30,5,4227379,7
9069,20090616,3,5,12,18,21,23,2,48360985,8
9070,20090618,1,2,9,10,21,31,10,9882482,7
9071,20090621,4,5,23,26,31,32,6,6671319,7
9072,20090623,1,3,12,20,21,29,4,10528406,8
9073,20090625,9,16,17,18,22,27,14,20159673,8
9074,20090628,5,10,16,19,23,28,13,25404108,8
9075,20090630,1,13,15,17,20,30,5,21656381,8
9076,20090702,9,18,19,25,28,31,6,23542664,8
9077,20090705,1,9,14,16,28,32,16,2840954,7
9078,20090707,5,7,12,14,15,20,13,13058336,8
9079,20090709,2,9,16,21,30,31,13,8835800,7
9080,20090712,1,11,13,25,32,33,6,1399438,7
9081,20090714,4,5,6,25,29,30,3,9268684,7
9082,20090716,11,15,18,21,27,29,2,14388795,8
9083,20090719,2,8,12,18,24,28,4,116862004,9
9084,20090721,4,9,11,20,32,33,13,6429346,7
9085,20090723,4,8,12,17,20,30,3,5860196,7
9086,20090726,11,12,13,18,23,32,11,13596805,8
9087,20090728,6,11,13,20,28,32,6,877776,6
9088,20090730,4,7,11,15,16,17,2,2731448,7
9089,20090802,2,3,7,11,19,32,4,1480384,7
9090,20090804,7,9,14,20,23,30,14,4750303,7
9091,20090806,3,8,11,14,25,29,4,18515967,8
9092,20090809,2,6,7,14,18,31,8,5079345,7
9093,20090811,1,11,20,31,32,33,1,2966051,7
9094,20090813,3,16,22,25,26,33,14,40656912,8
9095,20090816,8,9,14,28,31,33,15,9477824,7
9096,20090818,1,26,27,31,32,33,3,19591561,8
9097,20090820,7,13,24,26,28,32,14,51008013,8
9098,20090823,3,14,15,20,23,30,2,876958,6
9099,20090825,8,9,18,20,25,29,9,3072717,7
9100,20090827,2,11,17,27,30,33,11,8553953,7
9101,20090830,1,2,5,10,19,24,14,5381762,7
9102,20090901,3,5,7,8,14,31,10,30822970,8
9103,20090903,6,11,17,20,23,24,9,26595531,8
9104,20090906,20,22,26,29,30,32,16,12999360,8
9105,20090908,2,8,10,16,27,30,15,49332637,8
9106,20090910,1,2,15,18,20,29,4,5034372,7
9107,20090913,7,8,20,23,28,29,5,13141187,8
9108,20090915,4,10,17,28,32,33,2,10228618,8
9109,20090917,5,6,7,14,25,28,1,2388757,7
9110,20090920,4,10,13,15,19,30,14,24103191,8
9111,20090922,2,4,7,14,15,25,15,27087419,8
9112,20090924,6,7,18,24,30,32,9,46931439,8
9113,20090927,4,12,20,25,28,29,16,6383551,7
9114,20090929,3,5,11,12,31,32,11,8815323,7
9115,20091001,2,9,13,15,19,24,3,6944414,7
9116,20091004,5,17,21,25,27,32,14,817689,6
9117,20091006,5,9,15,21,26,31,13,7077081,7
9118,20091008,12,16,25,26,27,31,5,17927706,8
9119,20091011,6,7,10,12,15,21,5,12074482,8
9120,20091013,1,2,8,12,16,30,16,20335056,8
9121,20091015,2,4,6,10,25,30,9,41617723,8
9122,20091018,7,14,16,27,29,32,1,6923213,7
9123,20091020,9,13,20,22,25,28,14,4381061,7
9124,20091022,3,4,22,23,28,30,10,31188270,8
9125,20091025,6,7,8,22,26,27,12,30682784,8
9126,20091027,3,5,6,10,19,23,15,5881616,7
9127,20091029,2,11,12,14,15,16,4,1452652,7
9128,20091101,5,8,15,16,26,32,1,6816498,7
9129,20091103,6,7,16,17,24,25,7,19766398,8
9130,20091105,2,3,7,12,13,30,11,14276087,8
9131,20091108,16,23,25,26,32,33,5,19721352,8
9132,20091110,4,14,15,21,23,30,7,5780276,7
9133,20091112,5,9,13,18,20,32,1,15721760,8
9134,20091115,3,5,12,15,28,33,6,18621541,8
9135,20091117,1,3,14,19,30,33,16,60762484,8
9136,20091119,1,4,14,22,30,33,1,43891580,8
9137,20091122,8,12,14,15,17,21,1,1342589,7
9138,20091124,4,7,14,26,32,33,14,8547569,7
9139,20091126,1,5,15,17,27,29,2,21883113,8
9140,20091129,4,5,11,18,22,33,12,5071549,7
9141,20091201,2,13,21,28,29,31,9,33338922,8
9142,20091203,7,11,15,19,20,24,13,48002994,8
9143,20091206,5,9,11,17,23,28,10,26041884,8
9144,20091208,1,5,10,17,18,29,12,1829118,7
9145,20091210,3,5,11,15,26,33,11,12598573,8
9146,20091213,3,9,16,20,22,33,15,1848982,7
9147,20091215,6,8,10,18,22,32,16,4388450,7
9148,20091217,6,12,15,22,29,32,10,933731,6
9149,20091220,1,3,16,18,22,29,4,1698276,7
9150,20091222,4,6,7,16,19,20,4,3779248,7
9151,20091224,6,8,10,16,25,30,14,17963,5
9152,20091227,3,4,19,21,27,28,5,11414019,8
9153,20091229,6,7,8,20,21,25,10,24751765,8
9154,20091231,1,7,12,14,18,25,16,73589067,8
10001,20100103,7,17,18,27,29,32,13,17099975,8
10002,20100105,3,6,7,23,30,33,13,2910627,7
10003,20100107,14,22,26,27,28,31,4,2646979,7
10004,20100110,1,12,13,16,23,28,7,6034189,7
10005,20100112,3,5,6,8,17,18,14,2665961,7
10006,20100114,3,5,7,13,14,18,5,20878733,8
10007,20100117,14,22,27,28,30,33,14,10341125,8
10008,20100119,5,7,13,15,18,30,14,14375512,8
10009,20100121,1,9,13,21,24,32,6,265941,6
10010,20100124,7,8,12,15,22,26,8,6684828,7
10011,20100126,7,8,14,22,24,30,7,14934987,8
10012,20100128,2,8,13,14,25,33,10,20010737,8
10013,20100131,1,2,3,16,18,23,12,52749165,8
10014,20100202,1,3,7,14,26,28,2,33537021,8
10015,20100204,1,4,16,21,23,28,6,33697012,8
10016,20100207,2,8,10,12,30,33,16,1995612,7
10017,20100209,1,3,6,11,12,23,11,13320909,8
10018,20100211,11,28,29,30,32,33,2,30477727,8
10019,20100221,2,10,22,24,26,27,6,31832142,8
10020,20100223,5,6,14,22,24,26,9,22644620,8
10021,20100225,2,9,16,17,19,25,4,34619120,8
10022,20100228,1,2,18,29,31,32,2,45709518,8
10023,20100302,2,9,11,22,24,27,11,10528056,8
10024,20100304,7,16,26,27,29,31,14,2795184,7
10025,20100307,4,5,7,10,13,25,11,2496247,7
10026,20100309,2,4,5,8,19,22,12,23647519,8
10027,20100311,3,4,15,25,26,30,13,10930161,8
10028,20100314,1,3,6,12,16,32,12,2002005,7
10029,20100316,1,5,14,16,17,22,3,502129,6
10030,20100318,3,6,10,16,25,31,5,3095100,7
10031,20100321,5,7,13,24,25,28,4,2326107,7
10032,20100323,8,18,21,28,29,33,8,50210075,8
10033,20100325,8,10,11,12,25,29,9,11375876,8
10034,20100328,6,11,13,22,25,32,12,2610385,7
10035,20100330,9,10,11,18,19,21,10,13878236,8
10036,20100401,6,13,14,28,29,30,8,11471376,8
10037,20100404,3,16,19,21,24,26,6,32240039,8
10038,20100406,1,6,7,11,13,16,1,11840599,8
10039,20100408,8,17,21,23,25,32,12,6781567,7
10040,20100411,12,19,24,25,30,32,11,13768675,8
10041,20100413,3,5,13,19,25,29,12,1150904,7
10042,20100415,3,6,11,20,31,32,10,143243,6
10043,20100418,4,10,19,22,28,33,4,2959738,7
10044,20100420,3,9,21,23,27,31,5,21074374,8
10045,20100422,2,3,4,13,20,29,1,49540854,8
10046,20100425,11,12,21,23,27,32,5,2893782,7
10047,20100427,3,10,13,20,21,32,15,19073611,8
10048,20100429,1,6,8,10,23,33,2,2841748,7
10049,20100502,1,6,10,26,27,28,2,23510499,8
10050,20100504,7,21,22,26,28,30,11,12148947,8
10051,20100506,4,17,23,27,28,32,3,2067467,7
10052,20100509,1,2,19,23,27,29,10,47363527,8
10053,20100511,3,22,24,27,28,30,14,74857068,8
10054,20100513,1,6,8,12,14,25,6,17504013,8
10055,20100516,2,3,13,19,20,23,8,1719155,7
10056,20100518,1,2,3,8,13,32,7,11983707,8
10057,20100520,5,11,12,19,25,32,5,16085081,8
10058,20100523,1,4,11,17,19,29,12,5640786,7
10059,20100525,1,9,11,12,18,30,10,39466022,8
10060,20100527,1,8,15,18,22,27,9,23151341,8
10061,20100530,2,4,16,19,22,26,12,11040151,8
10062,20100601,11,13,15,20,31,33,3,26679113,8
10063,20100603,2,6,10,17,23,24,3,713335,6
10064,20100606,8,14,25,26,30,31,11,1907757,7
10065,20100608,2,7,8,17,30,32,12,24213538,8
10066,20100610,1,3,21,22,31,32,7,55291586,8
10067,20100613,1,7,10,14,21,25,1,4314106,7
10068,20100615,3,13,18,20,23,28,13,33077043,8
10069,20100617,12,14,20,22,24,32,11,2805291,7
10070,20100620,8,13,23,27,31,33,7,5282280,7
10071,20100622,5,13,14,17,20,26,1,31897661,8
10072,20100624,6,8,22,23,30,31,1,5640341,7
10073,20100627,1,16,20,23,27,31,2,18613767,8
10074,20100629,2,10,17,18,19,29,15,4320266,7
10075,20100701,5,9,12,13,15,22,14,2662348,7
10076,20100704,1,12,14,29,31,32,15,1812985,7
10077,20100706,2,8,14,20,21,24,9,3814811,7
10078,20100708,1,3,9,11,17,23,12,30035064,8
10079,20100711,8,11,12,14,18,22,2,15317639,8
10080,20100713,8,10,13,14,16,23,16,23710053,8
10081,20100715,2,3,9,24,26,27,5,5340466,7
10082,20100718,1,8,13,14,27,31,2,6984770,7
10083,20100720,2,20,21,22,23,31,12,8387818,7
10084,20100722,2,10,14,18,20,30,3,11679889,8
10085,20100725,1,8,12,13,24,27,8,1479105,7
10086,20100727,5,21,28,29,30,31,8,111958,6
10087,20100729,1,8,16,17,25,30,10,40971268,8
10088,20100801,5,6,15,23,27,30,12,4471450,7
10089,20100803,7,8,9,16,23,26,1,7599243,7
10090,20100805,1,6,10,15,25,31,14,9231809,7
10091,20100808,6,13,16,20,22,24,16,32399564,8
10092,20100810,3,13,19,27,28,30,2,16982128,8
10093,20100812,9,10,19,28,32,33,6,421526,6
10094,20100815,3,5,7,27,31,32,10,45148838,8
10095,20100817,9,11,16,17,25,27,14,44599178,8
10096,20100819,7,12,21,23,24,28,3,21087781,8
10097,20100822,10,16,18,21,24,26,1,14002071,8
10098,20100824,1,3,8,16,29,33,7,1619932,7
10099,20100826,3,4,17,24,27,30,6,33454667,8
10100,20100829,1,6,12,22,23,26,8,7013832,7
10101,20100831,4,9,18,21,25,26,6,2014324,7
10102,20100902,4,11,16,20,22,29,10,31998028,8
10103,20100905,6,9,14,17,20,33,9,10920665,8
10104,20100907,7,17,23,24,27,32,2,5595326,7
10105,20100909,1,8,9,19,21,31,11,13959820,8
10106,20100912,2,6,8,15,26,29,16,13841903,8
10107,20100914,8,12,15,17,22,33,16,722863,6
10108,20100916,2,4,8,20,23,24,7,7872905,7
10109,20100919,4,15,18,25,29,32,15,1638124,7
10110,20100921,1,3,12,24,26,27,1,23391519,8
10111,20100923,4,7,8,13,17,18,10,5968389,7
10112,20100926,1,8,18,24,29,30,16,17063851,8
10113,20100928,5,10,15,18,20,28,10,26127417,8
10114,20100930,1,8,11,15,17,25,1,13171164,8
10115,20101003,1,22,24,25,29,33,15,7347830,7
10116,20101005,5,9,10,20,22,26,7,18763814,8
10117,20101007,1,8,20,22,24,28,1,14758579,8
10118,20101010,5,8,11,13,15,25,5,10134801,8
10119,20101012,7,17,25,27,30,31,9,72906504,8
10120,20101014,1,2,5,6,10,29,16,1063345,7
10121,20101017,8,11,13,18,25,30,15,15539990,8
10122,20101019,2,9,12,16,25,27,6,4337201,7
10123,20101021,6,12,15,18,29,32,10,44403588,8
10124,20101024,2,6,8,11,12,25,2,22326333,8
10125,20101026,6,7,13,23,28,29,9,17148443,8
10126,20101028,3,13,18,20,27,28,5,3015784,7
10127,20101031,1,4,8,17,25,33,1,86770461,8
10128,20101102,4,11,19,20,24,28,12,1676760,7
10129,20101104,4,8,14,25,28,32,16,2500276,7
10130,20101107,1,2,7,15,21,31,16,25576876,8
10131,20101109,5,6,15,16,19,26,6,29390295,8
10132,20101111,2,10,12,18,24,33,15,6103249,7
10133,20101114,3,9,17,21,26,32,1,30794190,8
10134,20101116,9,15,16,22,27,28,6,16181683,8
10135,20101118,4,10,13,25,26,30,10,23206940,8
10136,20101121,4,10,23,24,26,33,10,1403967,7
10137,20101123,7,9,10,13,19,33,6,30557633,8
10138,20101125,1,21,23,24,26,30,5,3706794,7
10139,20101128,11,13,18,20,26,31,9,26498028,8
10140,20101130,1,12,13,18,26,29,15,56725886,8
10141,20101202,2,3,7,18,23,27,6,23584948,8
10142,20101205,2,16,18,23,26,27,10,57598921,8
10143,20101207,9,16,18,26,30,31,14,27518862,8
10144,20101209,2,3,8,15,19,21,11,48502153,8
10145,20101212,3,21,24,27,28,31,8,50385532,8
10146,20101214,1,17,18,22,25,32,1,6057531,7
10147,20101216,2,8,15,18,24,30,3,9702615,7
10148,20101219,1,3,7,18,23,27,12,3222615,7
10149,20101221,2,7,8,16,25,30,9,8015778,7
10150,20101223,2,17,18,23,29,30,6,1751891,7
10151,20101226,2,13,14,17,19,26,14,24190646,8
10152,20101228,4,9,17,21,25,31,1,17367700,8
10153,20101230,3,6,12,19,30,31,13,54311260,8
11001,20110102,3,9,20,24,26,32,10,72789168,8
11002,20110104,6,8,12,17,28,33,5,12196647,8
11003,20110106,13,14,21,22,23,27,4,12635694,8
11004,20110109,4,6,8,10,13,26,5,30707840,8
11005,20110111,6,9,12,14,20,22,13,52812798,8
11006,20110113,1,3,5,13,16,18,5,33132273,8
11007,20110116,1,9,17,24,26,31,5,3685777,7
11008,20110118,10,12,13,17,24,31,15,31089046,8
11009,20110120,17,18,23,24,25,26,4,3552113,7
11010,20110123,1,4,5,9,15,19,13,10938908,8
11011,20110125,1,12,18,19,21,24,10,6294359,7
11012,20110127,7,8,11,13,15,26,13,4786889,7
11013,20110130,1,3,13,16,21,22,8,69631462,8
11014,20110201,5,7,10,11,23,26,16,13508187,8
11015,20110210,3,6,13,26,27,29,7,51100606,8
11016,20110213,3,4,16,17,22,29,13,1480793,7
11017,20110215,2,6,15,23,26,33,8,22610805,8
11018,20110217,13,15,18,28,30,33,1,7483142,7
11019,20110220,2,4,12,19,32,33,16,42175650,8
11020,20110222,12,16,17,19,24,30,5,9542616,7
11021,20110224,1,2,14,18,25,31,8,8448294,7
11022,20110227,2,7,14,16,17,21,5,30745033,8
11023,20110301,2,3,6,21,22,25,5,9090727,7
11024,20110303,5,7,10,19,26,31,14,1706549,7
11025,20110306,8,25,26,31,32,33,9,21080196,8
11026,20110308,7,8,17,19,21,26,12,16803954,8
11027,20110310,13,18,21,22,25,26,1,3296754,7
11028,20110313,1,4,5,14,16,17,1,9040802,7
11029,20110315,1,4,9,10,20,31,7,26643497,8
11030,20110317,2,9,19,24,25,33,10,15196226,8
11031,20110320,16,17,24,28,29,32,12,36516562,8
11032,20110322,3,5,7,13,14,15,15,15157738,8
11033,20110324,2,8,12,13,19,29,4,3508956,7
11034,20110327,13,14,17,19,24,31,8,17603397,8
11035,20110329,13,14,18,20,27,31,2,12149585,8
11036,20110331,2,11,20,22,24,31,5,3770109,7
11037,20110403,1,3,4,6,17,25,11,20154521,8
11038,20110405,2,14,15,19,23,24,12,12338089,8
11039,20110407,3,7,10,16,24,29,13,7552289,7
11040,20110410,5,11,14,24,26,28,13,14570208,8
11041,20110412,4,10,12,13,30,32,13,21462931,8
11042,20110414,5,13,15,17,19,21,15,42899910,8
11043,20110417,4,13,14,17,25,31,4,18157459,8
11044,20110419,3,14,16,26,27,31,9,6324726,7
11045,20110421,2,16,17,20,26,32,8,5078998,7
11046,20110424,9,17,18,26,29,30,8,8644723,7
11047,20110426,4,13,23,25,27,33,14,11619963,8
11048,20110428,10,14,18,25,26,27,15,790204,6
11049,20110501,1,11,17,18,27,31,14,30886973,8
11050,20110503,4,5,19,22,28,29,15,18550675,8
11051,20110505,1,7,11,14,15,16,14,9555079,7
11052,20110508,4,5,8,19,27,28,8,64417609,8
11053,20110510,3,6,10,12,22,30,15,13600847,8
11054,20110512,8,11,16,17,22,33,8,49654184,8
11055,20110515,8,13,16,17,29,32,16,15187616,8
11056,20110517,13,16,19,20,23,25,10,4617781,7
11057,20110519,4,6,20,21,26,33,2,54926909,8
11058,20110522,7,18,22,30,32,33,6,7864509,7
11059,20110524,24,26,27,29,31,33,16,16787743,8
11060,20110526,10,11,13,21,27,31,1,12138226,8
11061,20110529,2,3,8,13,19,21,3,16761921,8
11062,20110531,4,8,9,10,29,30,3,857329,6
11063,20110602,4,6,13,15,18,19,5,51737108,8
11064,20110605,3,6,7,29,30,33,2,42018679,8
11065,20110607,4,16,23,25,27,29,3,16905172,8
11066,20110609,4,6,14,17,30,32,12,9517478,7
11067,20110612,17,19,20,24,25,27,12,56754343,8
11068,20110614,3,7,10,15,19,24,10,16272740,8
11069,20110616,2,13,16,18,24,30,12,17613932,8
11070,20110619,1,3,5,12,21,28,12,10347226,8
11071,20110621,1,2,15,22,28,30,2,24305544,8
11072,20110623,1,6,10,11,18,27,12,10727626,8
11073,20110626,3,4,5,12,17,21,14,2630303,7
11074,20110628,2,21,26,28,29,32,1,21641390,8
11075,20110630,7,9,10,12,31,32,13,18147138,8
11076,20110703,6,19,21,26,32,33,13,10999,5
11077,20110705,1,7,8,15,26,29,10,17450431,8
11078,20110707,3,5,13,20,22,29,9,4043917,7
11079,20110710,3,14,15,16,24,29,5,6984746,7
11080,20110712,2,7,9,25,31,32,9,11312426,8
11081,20110714,6,14,19,23,25,32,12,21951888,8
11082,20110717,7,16,17,20,25,26,4,31491629,8
11083,20110719,7,16,18,24,28,29,6,28520,5
11084,20110721,9,10,12,16,18,32,15,2915704,7
11085,20110724,3,6,11,21,24,31,10,20571646,8
11086,20110726,6,7,9,12,17,24,9,34134274,8
11087,20110728,2,3,4,5,18,28,1,40727564,8
11088,20110731,3,9,17,20,21,29,4,3712367,7
11089,20110802,1,2,11,24,29,30,12,4381664,7
11090,20110804,2,5,14,18,21,25,16,9230279,7
11091,20110807,9,15,21,23,28,30,3,39130874,8
11092,20110809,5,10,17,26,31,32,4,39879924,8
11093,20110811,4,7,11,13,23,30,9,7576009,7
11094,20110814,9,11,12,17,18,19,5,6436599,7
11095,20110816,3,7,8,10,23,24,5,12473598,8
11096,20110818,1,4,7,13,14,19,15,6639865,7
11097,20110821,9,17,19,20,21,26,16,71953364,8
11098,20110823,3,7,20,21,22,32,5,26420487,8
11099,20110825,10,12,13,21,26,27,14,28514927,8
11100,20110828,7,11,21,23,31,32,5,14978665,8
11101,20110830,6,10,19,23,29,31,6,15463848,8
11102,20110901,1,5,13,21,27,31,11,3302919,7
11103,20110904,4,5,10,13,15,16,12,48670164,8
11104,20110906,9,10,16,20,25,29,9,796908,6
11105,20110908,4,6,23,25,27,28,1,1487658,7
11106,20110911,2,11,12,14,24,32,14,6995531,7
11107,20110913,4,9,16,17,22,29,15,5153539,7
11108,20110915,2,17,22,26,29,33,10,86949668,8
11109,20110918,1,3,9,15,16,33,15,28732261,8
11110,20110920,12,14,21,26,28,33,12,17268832,8
11111,20110922,1,3,5,20,25,27,4,40569201,8
11112,20110925,3,5,16,18,23,24,15,12185550,8
11113,20110927,6,10,11,25,32,33,5,25794240,8
11114,20110929,1,14,15,16,30,32,9,3702631,7
11115,20111002,7,8,9,12,17,33,16,1708321,7
11116,20111004,1,7,11,12,17,27,5,11760309,8
11117,20111006,8,10,19,26,28,30,4,28845786,8
11118,20111009,5,6,11,14,20,21,10,27338290,8
11119,20111011,9,12,14,19,28,32,1,3837590,7
11120,20111013,4,14,17,28,30,33,7,12617064,8
11121,20111016,4,14,22,25,32,33,2,4706207,7
11122,20111018,10,12,18,26,27,31,3,23153959,8
11123,20111020,1,4,5,14,19,28,16,47735041,8
11124,20111023,9,18,19,26,31,32,16,4735535,7
11125,20111025,3,10,15,24,27,32,8,2813237,7
11126,20111027,3,7,13,18,23,26,16,53948185,8
11127,20111030,16,19,22,23,27,29,11,15776107,8
11128,20111101,9,11,14,17,19,23,12,26770462,8
11129,20111103,7,10,11,21,23,26,6,9461267,7
11130,20111106,7,14,18,23,25,32,15,2132891,7
11131,20111108,2,7,9,17,21,25,1,31637307,8
11132,20111110,2,5,12,13,25,33,7,6459020,7
11133,20111113,12,14,20,21,25,31,16,31594535,8
11134,20111115,1,2,6,7,30,31,10,33260466,8
11135,20111117,12,13,17,20,25,26,12,26101221,8
11136,20111120,2,4,6,20,22,31,7,7504241,7
11137,20111122,2,11,18,23,30,33,13,10233153,8
11138,20111124,1,5,15,24,28,32,7,2070735,7
11139,20111127,8,20,24,27,30,31,3,22097482,8
11140,20111129,4,18,20,22,27,29,6,9983086,7
11141,20111201,2,4,6,19,24,29,11,74719817,8
11142,20111204,12,15,16,26,29,31,2,12727766,8
11143,20111206,7,8,12,14,15,30,16,12522394,8
11144,20111208,1,2,9,10,16,24,3,6654750,7
11145,20111211,2,4,14,15,26,30,4,7234583,7
11146,20111213,11,23,26,28,32,33,10,25391464,8
11147,20111215,4,8,12,17,18,30,10,35607808,8
11148,20111218,5,14,22,23,25,26,14,28625791,8
11149,20111220,4,5,6,7,23,31,16,34711988,8
11150,20111222,8,10,12,15,22,27,13,404829,6
11151,20111225,7,11,16,19,31,33,10,3697555,7
11152,20111227,4,10,11,12,21,26,13,16180905,8
11153,20111229,5,8,9,10,20,25,13,37421136,8
12001,20120101,1,4,5,9,15,17,6,45333465,8
12002,20120103,2,3,7,9,10,32,13,42104504,8
12003,20120105,3,6,8,24,29,31,9,29769815,8
12004,20120108,1,5,10,11,21,23,16,6895672,7
12005,20120110,7,9,18,27,31,33,6,19580595,8
12006,20120112,2,22,25,29,32,33,8,13629554,8
12007,20120115,10,17,19,27,28,32,4,17713403,8
12008,20120117,1,12,20,23,24,29,8,20394567,8
12009,20120119,4,16,24,26,27,33,11,26939589,8
12010,20120129,1,3,13,19,25,26,10,13373831,8
12011,20120131,4,14,15,16,20,26,5,1379856,7
12012,20120202,15,17,18,20,23,27,1,16174644,8
12013,20120205,6,8,24,29,30,32,13,4621365,7
12014,20120207,1,2,5,16,28,30,12,13038770,8
12015,20120209,1,3,6,10,21,23,15,27198569,8
12016,20120212,2,5,12,17,22,25,8,9776486,7
12017,20120214,6,9,14,19,25,28,10,13498248,8
12018,20120216,3,5,6,22,26,32,15,17254072,8
12019,20120219,7,14,18,20,22,30,16,8824976,7
12020,20120221,3,8,12,18,23,29,11,26221505,8
12021,20120223,1,15,16,18,22,30,3,41433276,8
12022,20120226,4,8,12,24,26,27,4,24174917,8
12023,20120228,5,9,15,23,24,33,2,34101578,8
12024,20120301,4,12,19,21,25,28,13,45233853,8
12025,20120304,3,8,9,17,25,27,6,32351972,8
12026,20120306,3,7,9,15,24,25,16,15072480,8
12027,20120308,4,16,22,25,30,31,12,6278448,7
12028,20120311,10,15,20,21,28,30,11,6946036,7
12029,20120313,4,7,15,25,26,28,3,22506446,8
12030,20120315,9,10,17,18,21,31,8,7002711,7
12031,20120318,4,16,22,24,27,31,3,5051017,7
12032,20120320,1,2,10,17,22,24,4,13216543,8
12033,20120322,2,3,15,16,17,27,4,23418473,8
12034,20120325,2,3,8,23,32,33,16,9616648,7
12035,20120327,9,11,12,21,24,26,5,6729880,7
12036,20120329,2,11,13,18,19,26,9,3231606,7
12037,20120401,5,14,19,24,28,33,9,42201604,8
12038,20120403,9,10,11,15,19,33,16,23168855,8
12039,20120405,1,2,5,13,22,29,8,1440992,7
12040,20120408,3,8,9,22,25,31,10,6456255,7
12041,20120410,8,11,15,20,24,32,2,6367120,7
12042,20120412,5,6,11,19,24,28,16,5843454,7
12043,20120415,2,9,11,21,26,33,3,8761577,7
12044,20120417,6,9,10,14,22,25,3,62152377,8
12045,20120419,8,11,20,21,27,30,9,60698795,8
12046,20120422,4,12,19,20,23,33,6,35739914,8
12047,20120424,6,7,11,16,32,33,11,13281338,8
12048,20120426,1,5,14,22,24,30,10,32731144,8
12049,20120429,4,12,13,19,20,32,2,4130953,7
12050,20120501,7,13,15,17,19,24,11,4195747,7
12051,20120503,2,12,14,17,30,31,9,24731355,8
12052,20120506,2,3,5,6,20,24,4,30051304,8
12053,20120508,4,15,22,25,27,33,4,67513540,8
12054,20120510,6,14,18,20,30,33,14,8196151,7
12055,20120513,4,6,13,20,24,28,1,10688376,8
12056,20120515,4,7,14,17,26,31,10,9663008,7
12057,20120517,3,5,19,21,27,31,4,53467799,8
12058,20120520,3,6,15,20,25,26,4,7643350,7
12059,20120522,4,13,21,22,26,31,1,3293592,7
12060,20120524,7,10,13,16,17,29,1,42325265,8
12061,20120527,3,8,11,12,14,18,14,2934809,7
12062,20120529,2,13,16,17,20,31,7,20553695,8
12063,20120531,2,10,17,19,24,27,12,2227573,7
12064,20120603,5,10,11,16,23,24,11,9802115,7
12065,20120605,8,10,18,19,27,31,14,70299552,8
12066,20120607,1,2,9,26,29,33,12,44515510,8
12067,20120610,4,5,10,21,26,30,16,28265584,8
12068,20120612,5,17,22,26,32,33,10,2249311,7
12069,20120614,8,10,11,18,20,29,6,24784005,8
12070,20120617,2,3,4,24,31,32,11,5246781,7
12071,20120619,3,4,19,21,22,23,8,21053107,8
12072,20120621,2,3,7,9,13,30,6,33670531,8
12073,20120624,4,7,9,10,17,27,5,7106122,7
12074,20120626,15,16,18,19,28,32,8,3078133,7
12075,20120628,4,6,22,23,29,32,11,12719727,8
12076,20120701,11,18,22,27,29,30,15,12581839,8
12077,20120703,2,4,13,18,26,28,12,34400124,8
12078,20120705,8,15,22,24,28,33,12,29895995,8
12079,20120708,6,7,12,24,30,33,12,2235024,7
12080,20120710,4,9,14,15,16,27,3,14053436,8
12081,20120712,2,5,10,24,25,29,6,15434947,8
12082,20120715,2,4,11,18,22,29,6,12606735,8
12083,20120717,4,9,14,15,26,33,4,11727169,8
12084,20120719,2,10,20,26,28,29,14,64293909,8
12085,20120722,5,17,24,30,31,33,5,2467362,7
12086,20120724,8,9,13,15,22,23,8,86506312,8
12087,20120726,3,10,11,13,14,22,9,1056603,7
12088,20120729,3,5,23,24,27,31,15,20063809,8
12089,20120731,3,7,10,13,14,25,11,9581913,7
12090,20120802,2,13,20,25,29,30,11,9797826,7
12091,20120805,1,5,7,8,19,21,16,273966,6
12092,20120807,6,13,17,18,28,32,3,5005893,7
12093,20120809,3,5,19,21,24,33,13,43294114,8
12094,20120812,6,9,14,16,23,33,15,1314577,7
12095,20120814,17,24,27,28,29,30,2,111449310,9
12096,20120816,4,7,11,16,29,33,7,1350510,7
12097,20120819,5,8,13,14,19,22,6,35675128,8
12098,20120821,2,12,19,26,29,31,9,527576,6
12099,20120823,8,12,15,16,21,27,16,33599131,8
12100,20120826,5,7,15,18,25,33,10,3238427,7
12101,20120828,9,12,17,18,20,33,2,49928937,8
12102,20120830,13,25,27,28,29,30,15,3074107,7
12103,20120902,4,9,11,14,32,33,2,14432957,8
12104,20120904,4,5,9,10,19,28,3,7815022,7
12105,20120906,6,13,14,15,17,30,4,20647534,8
12106,20120909,13,14,20,22,23,32,16,23215371,8
12107,20120911,11,12,15,24,25,31,9,14629582,8
12108,20120913,1,9,12,13,19,28,13,35443107,8
12109,20120916,2,12,24,26,29,31,3,6561111,7
12110,20120918,3,7,10,13,22,32,9,11203227,8
12111,20120920,2,9,10,20,22,31,13,27005749,8
12112,20120923,8,15,20,21,27,31,6,4946606,7
12113,20120925,3,6,9,13,18,32,6,162081,6
12114,20120927,1,6,11,26,27,29,15,2252073,7
12115,20120930,3,8,20,24,26,32,14,11988389,8
12116,20121002,3,21,26,29,31,32,3,11560126,8
12117,20121004,13,15,18,20,24,28,9,4134414,7
12118,20121007,5,6,7,12,15,28,11,13915871,8
12119,20121009,12,20,25,26,27,28,13,36830835,8
12120,20121011,1,4,20,24,28,29,16,2391977,7
12121,20121014,1,7,8,20,23,24,11,37268340,8
12122,20121016,12,13,19,22,28,29,11,26610205,8
12123,20121018,8,10,16,25,28,33,9,34956459,8
12124,20121021,6,7,21,25,27,33,11,1398179,7
12125,20121023,8,12,13,26,29,33,1,46881302,8
12126,20121025,3,5,12,15,23,24,7,4088186,7
12127,20121028,1,9,11,21,26,32,8,21409504,8
12128,20121030,5,9,12,29,30,31,5,2425384,7
12129,20121101,1,7,9,17,21,29,1,67284842,8
12130,20121104,1,3,15,20,22,31,3,11184854,8
12131,20121106,6,18,19,26,28,32,12,10294338,8
12132,20121108,7,12,16,17,21,25,10,19059185,8
12133,20121111,1,8,11,20,21,29,2,6213463,7
12134,20121113,2,5,6,7,13,23,15,4782281,7
12135,20121115,2,5,7,8,11,17,16,6226955,7
12136,20121118,2,7,8,17,21,28,11,40404205,8
12137,20121120,1,2,4,6,13,17,7,3576716,7
12138,20121122,1,7,16,17,19,21,14,3599250,7
12139,20121125,8,19,21,24,28,31,15,10692364,8
12140,20121127,14,18,27,30,31,33,15,4528497,7
12141,20121129,3,5,8,19,20,27,9,5602334,7
12142,20121202,5,18,22,28,29,31,6,27160607,8
12143,20121204,7,8,18,25,30,32,6,1828271,7
12144,20121206,3,10,12,13,27,30,4,5973306,7
12145,20121209,5,20,26,27,28,33,3,13693041,8
12146,20121211,1,5,7,13,29,32,13,7495653,7
12147,20121213,2,12,15,23,24,32,9,126982,6
12148,20121216,3,6,11,17,21,31,7,33175681,8
12149,20121218,1,5,13,25,26,32,13,33736363,8
12150,20121220,9,11,17,23,24,26,7,27138419,8
12151,20121223,5,14,24,25,26,32,1,55009688,8
12152,20121225,10,12,18,22,28,29,7,10099688,8
12153,20121227,4,5,11,21,27,28,10,23637659,8
12154,20121230,5,7,12,16,28,32,4,2783018,7
13001,20130101,6,8,14,15,24,25,6,43783245,8
13002,20130103,1,16,18,22,28,30,12,33193481,8
13003,20130106,22,23,26,27,28,33,9,13939794,8
13004,20130108,6,10,16,20,27,32,8,13994546,8
13005,20130110,1,13,14,25,31,32,12,69086634,8
13006,20130113,9,10,13,17,22,30,13,62120206,8
13007,20130115,2,9,15,22,26,32,1,1022192,7
13008,20130117,3,8,17,21,25,32,15,27981191,8
13009,20130120,1,4,9,13,16,23,2,3193585,7
13010,20130122,1,9,11,17,32,33,12,7888694,7
13011,20130124,3,12,17,24,27,29,9,54979230,8
13012,20130127,6,14,17,22,28,29,2,21173600,8
13013,20130129,5,6,13,19,22,28,9,4172669,7
13014,20130131,2,4,5,17,19,20,8,3905072,7
13015,20130203,5,6,7,11,13,18,15,27441372,8
13016,20130205,2,5,6,12,14,28,5,57579367,8
13017,20130207,4,6,12,30,31,32,9,2313135,7
13018,20130217,2,8,13,28,29,30,5,3963467,7
13019,20130219,1,2,5,16,20,26,6,3909235,7
13020,20130221,1,7,8,12,16,21,1,42116129,8
13021,20130224,1,6,17,19,26,31,11,4795145,7
13022,20130226,2,4,7,9,15,20,7,60875407,8
13023,20130228,3,6,15,18,30,32,5,2365042,7
13024,20130303,4,5,13,23,27,30,9,52995220,8
13025,20130305,16,17,18,24,25,30,8,42455980,8
13026,20130307,4,11,14,15,22,31,11,1497639,7
13027,20130310,1,2,4,12,21,24,12,1956254,7
13028,20130312,7,8,14,25,26,28,13,14470705,8
13029,20130314,6,7,10,19,23,29,12,6628729,7
13030,20130317,7,14,18,25,26,29,6,2266498,7
13031,20130319,3,13,14,15,21,33,3,8059295,7
13032,20130321,4,21,25,29,30,33,3,5102237,7
13033,20130324,5,6,13,17,19,28,1,115340201,9
13034,20130326,6,15,20,22,26,33,9,12086182,8
13035,20130328,1,14,15,17,26,30,2,3247542,7
13036,20130331,4,5,9,27,29,31,13,3010195,7
13037,20130402,2,15,18,27,28,32,14,2687816,7
13038,20130404,9,10,12,14,15,19,11,5933945,7
13039,20130407,1,2,14,15,24,29,6,55488713,8
13040,20130409,2,4,10,12,17,30,10,48427733,8
13041,20130411,2,10,12,17,23,24,5,327784,6
13042,20130414,1,8,12,13,15,33,3,27186927,8
13043,20130416,3,6,14,15,17,25,16,38251532,8
13044,20130418,3,5,11,18,26,28,6,10665215,8
13045,20130421,6,7,8,14,23,31,12,1799453,7
13046,20130423,3,16,19,20,24,26,6,4088060,7
13047,20130425,1,8,11,17,27,30,12,24932537,8
13048,20130428,10,13,17,28,30,32,4,28830322,8
13049,20130430,10,13,14,16,21,32,14,39165611,8
13050,20130502,3,7,13,18,22,25,3,15930112,8
13051,20130505,8,12,15,19,28,29,2,2941617,7
13052,20130507,6,7,14,21,22,24,13,6227336,7
13053,20130509,3,12,13,22,30,33,14,25515690,8
13054,20130512,3,4,8,14,21,28,14,28495376,8
13055,20130514,8,18,19,22,27,32,6,1493671,7
13056,20130516,3,12,25,26,28,29,16,11934503,8
13057,20130519,13,16,19,23,26,28,5,27196043,8
13058,20130521,8,11,17,21,23,24,5,17009871,8
13059,20130523,3,10,18,24,27,29,9,8027275,7
13060,20130526,5,7,10,13,19,20,15,17476789,8
13061,20130528,5,6,7,12,13,18,12,9173205,7
13062,20130530,1,6,7,19,22,27,2,4903892,7
13063,20130602,10,15,18,20,23,31,12,52086383,8
13064,20130604,1,9,13,22,25,32,12,18214429,8
13065,20130606,7,18,19,23,29,30,2,3909713,7
13066,20130609,1,3,16,17,20,32,7,50635184,8
13067,20130611,1,4,9,15,22,30,6,21502658,8
13068,20130613,2,7,13,20,25,27,6,4685792,7
13069,20130616,7,16,17,18,30,33,6,7384683,7
13070,20130618,2,3,9,10,28,30,6,8508080,7
13071,20130620,5,12,21,23,26,28,9,1125046,7
13072,20130623,2,8,11,14,19,33,9,4699986,7
13073,20130625,2,9,13,17,20,28,11,24790519,8
13074,20130627,3,6,8,14,19,32,3,13397956,8
13075,20130630,4,6,9,25,30,33,14,48771549,8
13076,20130702,14,23,24,26,29,30,3,71439517,8
13077,20130704,9,14,23,24,26,29,3,12734271,8
13078,20130707,3,5,17,18,26,27,15,6417172,7
13079,20130709,7,13,17,19,22,26,13,8718267,7
13080,20130711,10,11,12,23,28,32,16,3069170,7
13081,20130714,1,4,10,13,21,31,13,12727148,8
13082,20130716,4,13,14,20,22,30,6,9058178,7
13083,20130718,5,6,12,14,19,23,9,3100050,7
13084,20130721,5,7,9,11,20,21,3,22657056,8
13085,20130723,2,8,12,14,16,32,16,15101036,8
13086,20130725,2,4,11,13,16,26,11,10135129,8
13087,20130728,2,13,19,23,24,28,5,11098070,8
13088,20130730,9,15,20,21,22,24,14,2858390,7
13089,20130801,4,8,12,19,21,25,13,18540069,8
13090,20130804,2,5,11,23,24,29,8,3366993,7
13091,20130806,4,14,24,25,28,31,10,4425022,7
13092,20130808,7,11,15,21,26,31,6,5243864,7
13093,20130811,1,2,8,26,29,31,14,41108803,8
13094,20130813,2,4,14,18,20,22,7,297382,6
13095,20130815,1,6,15,19,28,29,10,13652029,8
13096,20130818,1,2,22,28,29,30,15,12601477,8
13097,20130820,5,14,17,22,23,25,7,1264454,7
13098,20130822,7,15,18,19,20,26,14,42806201,8
13099,20130825,5,11,20,21,26,31,3,9808504,7
13100,20130827,4,8,11,14,16,20,11,5005574,7
13101,20130829,5,7,9,23,27,32,1,2301262,7
13102,20130901,2,4,5,6,8,16,3,2836288,7
13103,20130903,2,4,9,13,18,20,7,23004007,8
13104,20130905,1,2,4,15,17,28,11,22723650,8
13105,20130908,1,11,23,27,31,32,9,32705406,8
13106,20130910,9,11,23,30,31,32,6,6027937,7
13107,20130912,7,9,11,17,28,31,11,9043723,7
13108,20130915,16,21,22,28,31,32,5,49077504,8
13109,20130917,9,23,24,27,29,32,8,21438734,8
13110,20130919,15,17,18,21,29,32,13,24116289,8
13111,20130922,1,2,3,6,8,33,13,4316382,7
13112,20130924,1,6,12,13,22,31,7,23926102,8
13113,20130926,4,7,11,17,24,33,9,1456614,7
13114,20130929,4,6,17,21,23,33,7,3744831,7
13115,20131001,3,12,16,17,18,27,8,46532698,8
13116,20131003,12,15,21,26,32,33,7,27083872,8
13117,20131006,9,12,13,24,27,33,16,314143,6
13118,20131008,2,3,17,22,32,33,16,8615978,7
13119,20131010,5,15,20,22,26,32,9,25378072,8
13120,20131013,5,6,13,18,23,31,11,1643399,7
13121,20131015,4,5,6,7,25,27,7,462272,6
13122,20131017,7,10,13,15,26,27,11,11465322,8
13123,20131020,1,2,6,11,17,25,2,5803335,7
13124,20131022,3,9,15,23,25,30,7,34585671,8
13125,20131024,4,6,8,18,25,28,16,12519572,8
13126,20131027,4,10,19,27,31,33,16,11789417,8
13127,20131029,2,3,13,20,22,33,14,12309935,8
13128,20131031,7,13,17,19,25,31,8,5360772,7
13129,20131103,5,6,10,14,27,31,14,7853026,7
13130,20131105,1,3,15,16,31,33,8,2909776,7
13131,20131107,4,6,12,17,19,26,9,1984108,7
13132,20131110,20,21,22,23,25,27,12,8182208,7
13133,20131112,4,7,12,19,22,25,1,27332211,8
13134,20131114,1,17,18,19,25,29,10,27450996,8
13135,20131117,9,23,24,25,29,31,12,4148664,7
13136,20131119,4,6,14,16,18,26,6,18086566,8
13137,20131121,4,17,19,23,24,27,10,47941400,8
13138,20131124,4,15,16,24,27,28,3,12445252,8
13139,20131126,7,8,11,13,21,27,8,9326481,7
13140,20131128,1,5,12,13,21,22,10,116143992,9
13141,20131201,3,4,5,25,30,31,4,14057281,8
13142,20131203,11,12,14,20,22,29,14,16119388,8
13143,20131205,12,18,21,22,27,32,11,3611492,7
13144,20131208,5,7,12,19,27,31,2,15955600,8
13145,20131210,6,10,13,16,23,24,15,22237600,8
13146,20131212,8,20,25,30,32,33,1,37874411,8
13147,20131215,2,15,16,17,19,30,8,3248317,7
13148,20131217,6,11,12,14,17,22,1,4083407,7
13149,20131219,9,18,25,26,30,32,11,46319153,8
13150,20131222,1,15,16,25,26,29,10,20326692,8
13151,20131224,3,9,10,19,28,33,9,24153237,8
13152,20131226,4,6,14,16,18,29,5,58666420,8
13153,20131229,8,11,13,18,28,33,10,10539589,8
13154,20131231,7,11,14,19,24,29,5,13501840,8
14001,20140102,3,9,15,20,27,29,1,27826786,8
14002,20140105,4,21,23,31,32,33,4,3740667,7
14003,20140107,6,10,11,28,30,33,12,1126076,7
14004,20140109,1,4,19,22,24,25,15,11856562,8
14005,20140112,15,18,23,27,32,33,4,9720713,7
14006,20140114,3,4,7,17,21,27,14,2148928,7
14007,20140116,8,10,12,14,18,28,14,11541479,8
14008,20140119,5,14,16,21,29,30,12,9363144,7
14009,20140121,8,9,19,20,25,32,16,4159308,7
14010,20140123,5,7,8,20,31,33,11,69102409,8
14011,20140126,9,10,13,14,21,32,2,20371018,8
14012,20140128,1,8,11,19,21,24,8,148936,6
14013,20140209,5,9,13,15,17,21,13,35135636,8
14014,20140211,4,9,19,22,25,29,15,9212541,7
14015,20140213,2,11,19,30,32,33,9,16139640,8
14016,20140216,2,3,7,13,21,24,8,15075899,8
14017,20140218,4,6,7,14,25,26,10,18916751,8
14018,20140220,13,17,18,21,30,33,15,3794312,7
14019,20140223,2,10,15,19,20,21,7,25040897,8
14020,20140225,9,14,17,23,24,25,15,1615277,7
14021,20140227,8,10,15,17,22,29,12,7942718,7
14022,20140302,4,6,7,10,21,26,16,41834326,8
14023,20140304,7,9,13,17,21,22,10,975395,6
14024,20140306,8,10,16,20,23,30,9,3243441,7
14025,20140309,1,5,10,14,16,30,16,21542090,8
14026,20140311,1,2,5,6,11,23,14,24217788,8
14027,20140313,8,10,14,16,30,31,1,3096884,7
14028,20140316,6,16,21,27,30,32,5,73563075,8
14029,20140318,2,7,14,16,21,29,14,34293130,8
14030,20140320,12,18,19,23,24,30,10,457972,6
14031,20140323,4,10,16,17,21,27,14,4062003,7
14032,20140325,1,2,14,22,29,33,7,11653890,8
14033,20140327,5,13,23,28,32,33,12,24515072,8
14034,20140330,1,3,4,8,25,31,6,26976643,8
14035,20140401,7,8,9,17,32,33,6,8821894,7
14036,20140403,1,7,8,9,11,22,3,741996,6
14037,20140406,6,13,14,24,25,30,7,9620107,7
14038,20140408,4,7,22,23,24,33,16,721841,6
14039,20140410,3,11,15,19,20,31,7,1060416,7
14040,20140413,3,4,6,11,12,15,8,7661858,7
14041,20140415,7,11,16,18,21,22,2,19157407,8
14042,20140417,12,15,20,25,28,33,14,15368107,8
14043,20140420,2,5,9,14,24,33,9,7555670,7
14044,20140422,4,9,21,27,28,33,12,14595959,8
14045,20140424,2,4,9,11,19,22,15,41454426,8
14046,20140427,2,10,11,17,18,22,10,1453332,7
14047,20140429,8,10,11,12,19,29,15,8642786,7
14048,20140501,6,9,16,17,24,25,16,293419,6
14049,20140504,6,7,16,17,23,32,6,4202243,7
14050,20140506,3,17,23,25,26,32,13,10381831,8
14051,20140508,10,16,19,21,23,24,13,1344359,7
14052,20140511,9,13,15,28,30,33,8,59928,5
14053,20140513,14,17,19,22,26,31,2,11991445,8
14054,20140515,1,4,5,11,29,30,14,3277357,7
14055,20140518,2,9,14,19,21,30,4,4441999,7
14056,20140520,1,11,18,20,28,29,1,6573866,7
14057,20140522,2,4,12,18,23,31,8,22580422,8
14058,20140525,2,3,12,13,14,25,11,33903126,8
14059,20140527,5,8,12,13,23,25,13,9477752,7
14060,20140529,3,5,14,18,25,33,6,4193421,7
14061,20140601,2,14,17,27,28,31,8,44192661,8
14062,20140603,6,9,15,24,25,26,9,49611374,8
14063,20140605,3,8,17,21,22,31,16,2760224,7
14064,20140608,2,9,15,16,29,32,14,56890967,8
14065,20140610,3,4,5,8,10,22,6,39062007,8
14066,20140612,2,5,15,17,18,21,16,15087321,8
14067,20140615,1,6,7,17,18,23,6,20939893,8
14068,20140617,4,12,13,22,27,29,16,4209820,7
14069,20140619,5,12,17,19,25,30,11,31462397,8
14070,20140622,1,7,9,19,28,29,7,32083249,8
14071,20140624,2,4,12,17,22,25,14,40334672,8
14072,20140626,1,3,7,13,19,32,16,7708280,7
14073,20140629,1,12,16,20,30,33,2,17071973,8
14074,20140701,1,3,6,13,30,31,12,4076376,7
14075,20140703,3,9,11,22,27,29,6,4478076,7
14076,20140706,6,10,12,17,18,33,11,7495465,7
14077,20140708,8,9,12,15,19,22,10,582963,6
14078,20140710,2,3,5,6,9,17,7,2835818,7
14079,20140713,2,7,16,22,27,28,2,4693590,7
14080,20140715,5,14,16,17,25,30,7,16877463,8
14081,20140717,8,14,22,24,27,29,10,12883352,8
14082,20140720,2,4,20,25,26,29,11,23175150,8
14083,20140722,5,6,19,21,23,33,12,5303412,7
14084,20140724,1,6,9,10,13,25,8,39287277,8
14085,20140727,1,2,11,19,23,29,8,26205719,8
14086,20140729,2,4,10,12,14,30,8,61802,5
14087,20140731,6,18,22,23,32,33,6,16098814,8
14088,20140803,3,6,11,14,16,29,15,4188859,7
14089,20140805,4,6,14,17,27,30,9,5242180,7
14090,20140807,5,9,11,19,24,32,13,16538163,8
14091,20140810,1,5,12,19,27,29,14,18638363,8
14092,20140812,3,13,18,19,22,26,7,14995444,8
14093,20140814,2,8,9,10,20,29,5,3361066,7
14094,20140817,1,10,18,20,23,29,1,8057320,7
14095,20140819,5,6,8,14,22,31,8,34030841,8
14096,20140821,12,14,17,19,22,24,8,614012,6
14097,20140824,7,13,24,25,27,32,15,5705768,7
14098,20140826,2,13,17,20,29,31,7,14083311,8
14099,20140828,1,5,10,11,13,32,14,8839320,7
14100,20140831,1,6,9,10,14,16,11,10722015,8
14101,20140902,16,18,20,23,24,32,7,15651945,8
14102,20140904,14,16,21,24,28,31,13,1813149,7
14103,20140907,3,8,9,10,18,33,4,19136911,8
14104,20140909,2,6,12,19,27,28,13,6277284,7
14105,20140911,14,16,17,19,27,32,4,16575405,8
14106,20140914,9,14,17,18,21,25,15,7341902,7
14107,20140916,11,14,17,22,25,27,16,18751598,8
14108,20140918,3,8,9,20,23,28,2,28435966,8
14109,20140921,2,5,11,15,19,28,2,8837616,7
14110,20140923,1,8,11,13,19,30,6,2039909,7
14111,20140925,2,8,17,20,22,28,2,82893037,8
14112,20140928,1,15,16,21,24,30,3,1692133,7
14113,20140930,12,14,28,31,32,33,7,4093467,7
14114,20141002,2,7,23,30,32,33,10,25836662,8
14115,20141005,1,9,10,11,13,32,3,4129025,7
14116,20141007,9,10,14,15,19,29,16,9772770,7
14117,20141009,5,10,17,25,28,29,4,7675226,7
14118,20141012,5,7,15,18,26,30,3,22341106,8
14119,20141014,6,13,17,20,26,29,9,9834922,7
14120,20141016,1,7,12,16,23,28,4,17530933,8
14121,20141019,1,2,13,22,28,30,9,33523705,8
14122,20141021,6,9,11,16,20,29,11,5646270,7
14123,20141023,1,6,11,17,28,33,5,23085952,8
14124,20141026,2,17,20,24,31,33,4,17128545,8
14125,20141028,10,11,15,26,31,32,6,13536836,8
14126,20141030,6,11,16,17,22,27,1,9194301,7
14127,20141102,2,10,12,21,23,27,12,2875753,7
14128,20141104,5,7,8,17,18,24,14,1425949,7
14129,20141106,5,8,9,20,28,32,2,11955378,8
14130,20141109,1,2,10,24,30,33,10,880455,6
14131,20141111,5,17,21,22,28,32,14,21898204,8
14132,20141113,5,6,14,15,18,33,8,3390402,7
14133,20141116,13,14,16,23,30,31,13,819397,6
14134,20141118,5,16,22,23,26,28,2,18032816,8
14135,20141120,2,4,11,13,25,33,1,14849009,8
14136,20141123,3,16,19,27,31,32,10,16359171,8
14137,20141125,3,6,9,11,25,29,9,8907532,7
14138,20141127,4,6,13,29,31,33,13,8070708,7
14139,20141130,1,14,15,20,25,29,11,10974917,8
14140,20141202,6,10,11,14,17,33,6,30466937,8
14141,20141204,8,9,11,16,21,24,10,5258929,7
14142,20141207,6,21,22,23,25,28,13,3452423,7
14143,20141209,3,12,18,20,25,26,16,79647014,8
14144,20141211,3,5,6,9,10,27,14,15380187,8
14145,20141214,10,12,13,23,26,29,11,23902242,8
14146,20141216,1,6,13,20,29,32,1,5918646,7
14147,20141218,6,7,22,26,31,32,10,12857983,8
14148,20141221,1,2,5,12,15,16,13,7384904,7
14149,20141223,7,9,10,15,19,33,1,18591601,8
14150,20141225,3,8,14,22,24,32,9,37118061,8
14151,20141228,4,5,8,11,21,27,8,34260669,8
14152,20141230,8,13,15,20,21,25,12,47562308,8
15001,20150101,1,7,9,16,20,23,6,7968528,7
15002,20150104,7,15,16,25,28,32,5,62134403,8
15003,20150106,10,15,20,23,24,31,15,34977466,8
15004,20150108,2,14,15,16,23,24,10,3726991,7
15005,20150111,7,10,16,17,18,32,15,2049884,7
15006,20150113,1,10,11,29,31,33,13,45827303,8
15007,20150115,1,7,9,17,20,33,8,6264197,7
15008,20150118,4,7,10,16,20,22,3,11959588,8
15009,20150120,4,7,14,17,21,25,14,10650176,8
15010,20150122,1,2,3,8,21,31,9,15061972,8
15011,20150125,4,14,15,17,18,20,15,15674666,8
15012,20150127,3,5,22,23,29,31,6,13406406,8
15013,20150129,8,9,24,25,26,29,1,1124415,7
15014,20150201,2,12,16,19,27,30,11,19010310,8
15015,20150203,1,7,20,24,25,33,4,17345484,8
15016,20150205,2,6,10,15,17,31,13,147782477,9
15017,20150208,13,18,20,25,27,33,12,16499051,8
15018,20150210,6,9,12,14,28,29,9,11782013,8
15019,20150212,2,6,11,19,25,26,4,37492700,8
15020,20150215,1,4,7,19,22,23,4,24073282,8
15021,20150217,14,15,16,17,27,28,8,48745288,8
15022,20150226,4,7,10,16,23,25,10,44274485,8
15023,20150301,8,9,10,13,29,30,1,38363447,8
15024,20150303,9,11,16,18,23,24,10,3229997,7
15025,20150305,10,11,12,15,27,32,14,26863951,8
15026,20150308,2,13,17,21,22,33,13,57750551,8
15027,20150310,5,7,9,16,26,29,7,1425535,7
15028,20150312,4,7,10,26,27,28,14,2309173,7
15029,20150315,7,14,15,19,21,28,7,53919405,8
15030,20150317,8,11,14,15,16,26,7,7236901,7
15031,20150319,1,5,7,22,26,32,11,7513044,7
15032,20150322,11,14,16,18,29,32,16,1471209,7
15033,20150324,3,6,21,29,31,32,5,8096123,7
15034,20150326,12,13,17,18,20,27,13,6494433,7
15035,20150329,1,8,9,22,24,33,3,12068746,8
15036,20150331,4,6,16,17,26,33,3,7835873,7
15037,20150402,5,7,12,18,28,31,3,6989469,7
15038,20150405,5,6,11,12,14,33,14,22993499,8
15039,20150407,1,13,15,26,29,30,12,615448,6
15040,20150409,13,16,18,27,30,32,16,17225027,8
15041,20150412,4,9,11,17,21,25,6,4391798,7
15042,20150414,9,10,19,21,23,32,8,49843201,8
15043,20150416,11,12,15,24,26,27,15,8410040,7
15044,20150419,2,3,4,13,14,16,2,26976730,8
15045,20150421,1,5,13,22,30,31,7,20809235,8
15046,20150423,5,7,10,14,23,31,1,45451678,8
15047,20150426,2,3,20,24,26,27,9,1631828,7
15048,20150428,13,16,17,22,25,27,10,3425720,7
15049,20150430,7,12,14,17,20,23,5,64401402,8
15050,20150503,3,9,12,16,17,31,4,43494619,8
15051,20150505,4,10,24,26,28,32,9,7362611,7
15052,20150507,2,4,11,16,25,26,12,4627854,7
15053,20150510,3,7,17,22,32,33,10,6313435,7
15054,20150512,1,2,7,10,22,26,7,8979378,7
15055,20150514,1,10,15,18,19,28,2,4094842,7
15056,20150517,1,7,8,16,18,20,14,28504021,8
15057,20150519,9,20,24,25,26,32,4,4367972,7
15058,20150521,2,9,10,18,19,20,15,36676686,8
15059,20150524,2,6,9,16,25,32,14,8184565,7
15060,20150526,1,3,18,27,31,32,13,1262357,7
15061,20150528,6,18,22,26,32,33,4,23066689,8
15062,20150531,9,14,15,18,21,26,16,15035400,8
15063,20150602,1,7,9,16,22,32,12,13338211,8
15064,20150604,11,12,14,17,23,27,1,1878895,7
15065,20150607,8,10,14,19,26,29,12,14385485,8
15066,20150609,5,8,11,17,24,28,16,34825520,8
15067,20150611,2,5,8,24,25,31,14,30199980,8
15068,20150614,6,15,18,21,26,27,10,11304564,8
15069,20150616,1,13,17,18,23,30,15,51765628,8
15070,20150618,1,7,13,19,21,29,15,82738769,8
15071,20150621,8,18,20,28,29,31,8,7578374,7
15072,20150623,1,3,5,20,21,31,5,9042286,7
15073,20150625,1,2,17,22,26,27,4,17778300,8
15074,20150628,4,7,21,25,26,29,8,23784371,8
15075,20150630,6,11,13,19,21,32,4,1993946,7
15076,20150702,1,9,10,19,23,27,9,14806461,8
15077,20150705,1,6,8,10,13,27,16,7239777,7
15078,20150707,3,7,20,22,26,29,2,3012898,7
15079,20150709,9,14,15,20,26,32,11,51722302,8
15080,20150712,14,17,25,27,28,30,2,12995,5
15081,20150714,13,20,22,26,28,31,13,1117898,7
15082,20150716,2,8,9,14,28,30,7,9175240,7
15083,20150719,6,7,16,18,29,32,5,8777044,7
15084,20150721,15,18,20,22,28,29,15,19358853,8
15085,20150723,2,8,25,27,28,29,5,40242304,8
15086,20150726,5,6,8,16,18,22,12,26070721,8
15087,20150728,9,15,16,19,20,28,11,33901950,8
15088,20150730,2,12,20,24,29,31,9,32037071,8
15089,20150802,12,14,19,27,28,29,1,21559124,8
15090,20150804,10,12,14,22,25,33,15,12855535,8
15091,20150806,5,7,17,19,22,31,11,19778148,8
15092,20150809,9,15,19,21,26,27,1,27478627,8
15093,20150811,1,3,13,21,25,31,8,7105401,7
15094,20150813,1,4,6,13,16,17,10,9571899,7
15095,20150816,4,15,21,28,30,31,4,13370147,8
15096,20150818,6,16,17,23,24,31,7,9369133,7
15097,20150820,9,12,14,20,26,27,4,3345548,7
15098,20150823,6,9,13,26,27,33,1,75755792,8
15099,20150825,6,7,10,11,14,22,9,2920853,7
15100,20150827,2,3,11,17,19,21,8,3102788,7
15101,20150830,8,16,22,24,28,29,5,12688089,8
15102,20150901,7,9,12,14,21,23,6,10588413,8
15103,20150903,6,8,13,26,30,32,14,38797740,8
15104,20150906,9,18,21,23,25,26,1,25369924,8
15105,20150908,9,10,16,19,20,26,12,20101318,8
15106,20150910,1,3,4,23,31,32,13,24664611,8
15107,20150913,7,14,16,18,21,25,8,2117460,7
15108,20150915,2,12,19,22,24,27,15,23029126,8
15109,20150917,1,8,9,16,32,33,13,9431866,7
15110,20150920,5,7,16,17,22,23,4,11831683,8
15111,20150922,8,14,16,18,20,30,12,63642473,8
15112,20150924,1,3,10,19,20,27,11,30444003,8
15113,20150927,1,5,7,8,19,27,12,5453215,7
15114,20150929,4,7,9,13,21,26,1,29753224,8
15115,20151001,1,7,8,14,24,32,3,24008165,8
15116,20151004,4,6,15,23,26,28,11,17104985,8
15117,20151006,4,11,12,18,26,32,12,26845182,8
15118,20151008,1,4,11,21,23,31,12,6006569,7
15119,20151011,2,8,10,18,23,31,8,35203309,8
15120,20151013,16,21,24,26,27,29,16,4934654,7
15121,20151015,1,3,20,21,28,29,12,24554413,8
15122,20151018,5,7,11,16,22,25,7,9182716,7
15123,20151020,5,8,9,12,22,28,7,2379209,7
15124,20151022,2,3,5,12,18,27,1,2647219,7
15125,20151025,5,13,22,27,30,33,10,11265869,8
15126,20151027,10,11,15,20,23,29,12,22076033,8
15127,20151029,7,10,19,22,27,33,6,32585378,8
15128,20151101,1,3,8,11,22,28,6,69262734,8
15129,20151103,5,8,11,16,18,27,4,71145749,8
15130,20151105,6,14,15,16,17,22,10,11749808,8
15131,20151108,10,12,13,19,22,26,3,62489244,8
15132,20151110,3,5,11,28,30,33,1,3912148,7
15133,20151112,2,3,13,20,22,24,15,5201947,7
15134,20151115,2,5,14,19,27,31,4,6194727,7
15135,20151117,1,12,14,18,26,32,7,39042637,8
15136,20151119,2,5,12,23,28,29,1,20361760,8
15137,20151122,14,22,23,27,28,31,12,36272210,8
15138,20151124,1,2,8,16,19,24,11,6150287,7
15139,20151126,1,10,13,18,25,27,9,49380527,8
15140,20151129,6,20,28,29,30,31,12,4717117,7
15141,20151201,3,8,19,25,27,28,2,11759956,8
15142,20151203,13,17,19,20,22,25,11,22732415,8
15143,20151206,13,15,19,20,21,32,4,3891504,7
15144,20151208,1,4,7,15,28,32,16,13383744,8
15145,20151210,7,8,15,19,20,24,13,4230581,7
15146,20151213,16,17,21,28,30,32,15,41397443,8
15147,20151215,8,9,16,23,24,30,5,45044573,8
15148,20151217,9,13,14,22,26,27,7,6411520,7
15149,20151220,9,10,20,21,22,33,9,17263269,8
15150,20151222,1,3,8,11,29,31,13,91724,5
15151,20151224,5,6,8,23,31,32,11,8749770,7
15152,20151227,11,18,19,21,29,32,12,6508826,7
15153,20151229,8,11,15,22,27,29,3,31215639,8
15154,20151231,7,9,11,15,18,25,7,23359876,8
16001,20160103,6,13,16,18,20,22,13,3591312,7
16002,20160105,9,14,17,20,24,30,16,12221284,8
16003,20160107,1,10,14,23,26,28,1,12988123,8
16004,20160110,8,10,17,22,25,33,12,11749053,8
16005,20160112,11,14,18,20,31,33,14,7853499,7
16006,20160114,13,16,18,20,28,31,12,2655191,7
16007,20160117,5,12,14,20,27,29,6,12578525,8
16008,20160119,2,15,24,29,32,33,2,7782655,7
16009,20160121,10,14,24,25,27,32,4,1272615,7
16010,20160124,2,4,12,14,19,25,6,6366284,7
16011,20160126,3,8,10,15,22,29,12,21907014,8
16012,20160128,7,12,14,16,27,32,15,10298970,8
16013,20160131,7,12,21,22,26,31,1,12537940,8
16014,20160202,2,8,10,18,20,27,7,899859,6
16015,20160204,1,2,14,22,25,26,7,16945797,8
16016,20160214,1,20,22,24,25,26,16,13637379,8
16017,20160216,5,6,8,20,22,30,5,5773386,7
16018,20160218,12,13,14,17,21,25,4,88691900,8
16019,20160221,6,13,16,17,23,30,10,28050180,8
16020,20160223,1,2,10,12,22,24,10,15763574,8
16021,20160225,9,11,13,22,24,26,5,9780661,7
16022,20160228,4,9,19,22,23,30,7,13367742,8
16023,20160301,3,6,10,19,25,29,7,68278821,8
16024,20160303,2,5,7,14,18,31,13,75786792,8
16025,20160306,4,11,12,17,24,30,12,615103,6
16026,20160308,4,9,12,28,30,33,1,29718810,8
16027,20160310,11,13,15,17,19,31,5,23124531,8
16028,20160313,6,8,12,21,25,29,1,11163207,8
16029,20160315,12,15,18,20,21,27,15,19047845,8
16030,20160317,10,14,19,22,25,29,12,7656422,7
16031,20160320,3,8,10,19,26,33,3,52950149,8
16032,20160322,8,12,14,15,21,27,15,5970493,7
16033,20160324,6,17,18,20,27,29,15,7160614,7
16034,20160327,3,15,21,22,23,28,15,21631169,8
16035,20160329,4,13,19,20,26,29,11,44599151,8
16036,20160331,3,4,7,9,20,22,3,9294763,7
16037,20160403,6,15,26,31,32,33,16,1525513,7
16038,20160405,3,12,13,22,28,29,3,32885918,8
16039,20160407,1,3,7,18,19,27,16,11233024,8
16040,20160410,3,13,19,20,23,26,3,2975235,7
16041,20160412,12,17,18,21,22,24,4,10127919,8
16042,20160414,7,14,17,23,26,31,9,3512147,7
16043,20160417,5,14,20,26,30,33,12,1495167,7
16044,20160419,1,3,10,12,18,30,1,2261950,7
16045,20160421,4,9,12,17,30,32,3,1503465,7
16046,20160424,7,20,25,26,27,30,14,3349398,7
16047,20160426,2,5,8,15,17,22,16,4710370,7
16048,20160428,3,8,13,14,15,30,4,18611758,8
16049,20160501,6,8,13,14,22,27,10,41764799,8
16050,20160503,9,12,24,28,29,30,2,32744848,8
16051,20160505,1,2,4,9,15,33,12,14639043,8
16052,20160508,1,6,13,19,24,28,16,3352845,7
16053,20160510,2,8,10,12,29,31,1,45443381,8
16054,20160512,6,11,16,19,28,32,4,6459117,7
16055,20160515,5,6,10,16,22,26,11,2327573,7
16056,20160517,3,4,8,11,16,18,14,22598827,8
16057,20160519,7,12,19,22,23,26,11,1118152,7
16058,20160522,3,5,18,20,24,32,11,56501781,8
16059,20160524,4,11,12,20,25,28,15,138368,6
16060,20160526,4,5,22,26,29,32,8,30842205,8
16061,20160529,5,6,8,18,20,32,8,15261209,8
16062,20160531,12,13,15,18,19,21,9,2373526,7
16063,20160602,16,17,18,23,28,32,7,44349124,8
16064,20160605,3,12,14,17,19,26,3,3023504,7
16065,20160607,13,16,22,25,26,27,14,2431051,7
16066,20160609,3,7,13,18,19,20,5,23052061,8
16067,20160612,9,13,18,20,27,31,4,39192281,8
16068,20160614,8,19,23,28,31,32,1,437636,6
16069,20160616,8,10,11,20,21,27,11,25019853,8
16070,20160619,3,6,11,18,23,29,1,8810435,7
16071,20160621,19,21,26,28,29,32,1,3332472,7
16072,20160623,5,16,19,22,24,25,2,24110688,8
16073,20160626,9,11,12,15,16,20,13,86802419,8
16074,20160628,6,10,11,12,20,25,12,6109695,7
16075,20160630,1,3,6,16,29,32,7,744671,6
16076,20160703,7,8,13,22,30,32,1,28745141,8
16077,20160705,1,9,17,19,20,29,10,5983470,7
16078,20160707,2,4,8,23,26,29,2,14465923,8
16079,20160710,1,3,10,12,24,28,2,16819035,8
16080,20160712,1,16,17,24,25,32,14,58398043,8
16081,20160714,2,6,15,25,30,32,7,961777,6
16082,20160717,6,12,14,15,17,20,9,2251048,7
16083,20160719,9,16,17,24,30,31,4,19177933,8
16084,20160721,2,4,12,18,24,26,5,7134870,7
16085,20160724,1,12,19,20,21,25,16,26240498,8
16086,20160726,9,10,11,12,15,32,5,31353914,8
16087,20160728,2,3,10,11,14,21,12,1129981,7
16088,20160731,3,14,16,18,25,33,15,11923057,8
16089,20160802,1,3,14,30,31,32,8,4302171,7
16090,20160804,2,13,17,20,21,26,7,12242303,8
16091,20160807,4,8,14,22,23,28,7,18458595,8
16092,20160809,2,13,15,23,24,29,6,5305223,7
16093,20160811,6,9,15,17,25,27,9,16776110,8
16094,20160814,6,7,10,12,18,31,10,18493507,8
16095,20160816,1,5,9,12,18,32,12,6828118,7
16096,20160818,6,13,14,21,22,24,16,33950367,8
16097,20160821,6,13,25,26,28,31,1,6309008,7
16098,20160823,2,8,25,29,31,32,6,7115316,7
16099,20160825,1,11,21,23,27,33,6,24638645,8
16100,20160828,3,10,22,23,27,29,4,6301672,7
16101,20160830,1,3,19,24,32,33,1,42495878,8
16102,20160901,5,8,10,14,17,30,13,14444749,8
16103,20160904,1,5,13,19,24,27,11,1368283,7
16104,20160906,5,9,11,18,30,31,4,4984387,7
16105,20160908,8,10,19,27,28,31,16,50119737,8
16106,20160911,4,5,13,22,25,30,4,2706332,7
16107,20160913,6,11,18,26,27,32,1,6887606,7
16108,20160915,2,3,7,8,19,26,16,4427064,7
16109,20160918,9,11,15,16,27,33,5,14725099,8
16110,20160920,5,7,28,31,32,33,8,19972245,8
16111,20160922,2,4,7,14,15,32,4,18572972,8
16112,20160925,6,12,14,15,18,25,12,19940711,8
16113,20160927,1,11,16,17,20,26,14,4832183,7
16114,20160929,5,16,20,22,27,29,9,36486604,8
16115,20161002,6,8,20,22,26,27,9,50413792,8
16116,20161004,7,18,20,23,27,31,13,11359355,8
16117,20161006,3,10,14,17,28,33,2,10023575,8
16118,20161009,9,14,22,23,31,33,14,37491435,8
16119,20161011,9,19,21,30,31,32,4,42550254,8
16120,20161013,2,5,6,21,25,28,9,12324842,8
16121,20161016,2,3,10,23,25,28,9,8900305,7
16122,20161018,15,22,23,24,28,29,8,10844656,8
16123,20161020,7,9,12,14,20,27,16,51663126,8
16124,20161023,9,15,21,24,27,32,10,5353691,7
16125,20161025,1,6,8,20,27,30,3,45752710,8
16126,20161027,2,6,12,17,18,19,10,18636779,8
16127,20161030,7,12,17,26,29,31,16,3211915,7
16128,20161101,4,9,11,17,26,27,13,5624159,7
16129,20161103,5,6,8,21,31,33,14,7443149,7
16130,20161106,3,17,21,23,27,28,1,15564260,8
16131,20161108,4,10,18,19,25,27,2,37871146,8
16132,20161110,5,8,13,19,27,28,7,6786901,7
16133,20161113,15,16,21,22,27,33,15,96099197,8
16134,20161115,11,12,13,14,18,33,13,24247462,8
16135,20161117,2,8,10,18,20,33,12,22349407,8
16136,20161120,2,7,10,20,27,29,3,17813644,8
16137,20161122,1,6,9,10,15,32,14,2879504,7
16138,20161124,7,16,20,24,25,30,7,7139209,7
16139,20161127,1,6,19,26,28,30,3,12499064,8
16140,20161129,1,2,5,17,26,32,10,3210994,7
16141,20161201,4,13,15,17,21,24,15,6135722,7
16142,20161204,1,10,17,21,23,30,12,45040450,8
16143,20161206,6,9,23,24,25,33,13,30131280,8
16144,20161208,4,10,12,27,32,33,5,952770,6
16145,20161211,1,3,7,12,19,20,6,37326341,8
16146,20161213,3,7,15,16,17,23,10,9602841,7
16147,20161215,4,14,18,28,31,32,12,41898003,8
16148,20161218,1,2,11,20,26,30,14,28875156,8
16149,20161220,3,20,23,26,32,33,7,12039028,8
16150,20161222,2,4,5,9,13,21,5,8672283,7
16151,20161225,6,11,16,20,22,33,7,8279842,7
16152,20161227,2,8,9,16,20,22,7,4022460,7
16153,20161229,7,9,16,24,25,29,6,44141495,8
17001,20170101,9,11,14,20,25,26,15,9100929,7
17002,20170103,15,19,23,24,25,32,3,2457318,7
17003,20170105,1,4,8,15,27,32,16,65357777,8
17004,20170108,5,13,17,26,27,30,7,26077507,8
17005,20170110,6,11,12,22,23,30,5,24509590,8
17006,20170112,2,4,8,26,29,33,8,672156,6
17007,20170115,2,4,5,24,26,33,15,62100,5
17008,20170117,7,13,15,27,28,29,13,10738924,8
17009,20170119,2,6,8,9,15,29,14,46473264,8
17010,20170122,5,8,19,25,28,30,7,26762182,8
17011,20170124,10,11,12,23,26,29,16,1889099,7
17012,20170126,10,11,14,15,16,24,7,5911020,7
17013,20170205,8,11,28,29,31,33,6,4085098,7
17014,20170207,6,8,18,20,23,31,13,534583,6
17015,20170209,1,8,9,14,17,32,1,11203432,8
17016,20170212,5,8,16,22,27,29,2,13517881,8
17017,20170214,3,7,8,10,22,23,12,5191426,7
17018,20170216,1,2,3,17,25,31,9,2360018,7
17019,20170219,4,6,8,12,23,25,8,20204320,8
17020,20170221,4,8,10,12,31,33,10,4032367,7
17021,20170223,2,5,10,22,32,33,9,11126271,8
17022,20170226,2,6,15,16,18,32,15,14263033,8
17023,20170228,1,3,4,11,18,22,14,18610887,8
17024,20170302,9,21,25,26,29,31,13,41623416,8
17025,20170305,2,15,16,17,22,32,7,7256677,7
17026,20170307,3,10,12,19,27,30,8,7198358,7
17027,20170309,2,4,11,14,27,30,5,4252889,7
17028,20170312,7,8,12,13,22,30,9,32384686,8
17029,20170314,2,15,21,23,25,30,10,202879,6
17030,20170316,1,7,9,20,23,30,2,42433317,8
17031,20170319,6,10,16,26,27,29,3,44200033,8
17032,20170321,5,8,15,24,27,31,11,9627056,7
17033,20170323,5,7,15,20,23,30,15,21747403,8
17034,20170326,4,7,8,19,32,33,13,3779791,7
17035,20170328,1,6,14,24,28,32,12,1766352,7
17036,20170330,1,2,5,10,24,27,15,3255039,7
17037,20170402,11,15,20,22,25,30,5,12404158,8
17038,20170404,1,4,8,13,24,27,5,29150378,8
17039,20170406,2,4,12,14,17,24,15,8475376,7
17040,20170409,15,19,23,28,29,33,4,5946169,7
17041,20170411,4,10,13,15,22,27,4,29585455,8
17042,20170413,1,2,4,7,10,23,4,40232461,8
17043,20170416,8,13,16,23,27,31,8,16184719,8
17044,20170418,8,16,19,21,31,32,6,56577926,8
17045,20170420,5,7,16,20,21,25,5,20404714,8
17046,20170423,4,13,14,23,26,32,10,9467612,7
17047,20170425,2,5,8,10,32,33,2,10167718,8
17048,20170427,5,8,9,14,15,19,7,13799742,8
17049,20170430,1,8,14,15,20,29,10,9643123,7
17050,20170502,10,12,20,24,27,29,7,32404336,8
17051,20170504,2,5,9,15,24,25,11,4996016,7
17052,20170507,7,8,18,24,29,31,7,15322756,8
17053,20170509,4,9,11,15,29,31,6,8791256,7
17054,20170511,2,3,9,23,28,33,8,4805136,7
17055,20170514,7,12,13,20,24,31,5,18617,5
17056,20170516,13,14,18,19,21,28,6,9341295,7
17057,20170518,18,20,22,23,30,31,16,2121456,7
17058,20170521,1,9,13,22,28,32,11,1902077,7
17059,20170523,4,8,9,15,19,25,9,54991662,8
17060,20170525,5,10,13,24,26,31,4,14003344,8
17061,20170528,6,7,12,20,26,27,11,2713419,7
17062,20170530,1,7,22,24,26,31,10,19054,5
17063,20170601,12,16,20,22,25,31,4,1489870,7
17064,20170604,2,10,16,22,24,28,15,11313612,8
17065,20170606,2,5,8,10,12,21,7,124016488,9
17066,20170608,1,4,6,17,19,26,3,6955644,7
17067,20170611,1,3,4,10,18,29,4,43271571,8
17068,20170613,2,6,10,22,30,31,15,12062352,8
17069,20170615,2,11,12,23,29,31,5,29166627,8
17070,20170618,1,6,14,22,25,26,12,31278817,8
17071,20170620,2,3,6,14,31,32,3,2289659,7
17072,20170622,6,11,14,23,26,30,2,1443309,7
17073,20170625,3,6,16,23,26,30,14,10858674,8
17074,20170627,2,6,16,23,30,31,2,3634031,7
17075,20170629,1,3,6,19,21,29,7,7429570,7
17076,20170702,1,4,8,9,14,15,13,4250945,7
17077,20170704,1,2,4,15,17,22,14,1316324,7
17078,20170706,5,7,18,19,22,24,16,12038091,8
17079,20170709,3,7,14,23,25,27,8,52341581,8
17080,20170711,1,12,16,20,22,24,8,35515562,8
17081,20170713,3,5,14,25,26,30,5,18312697,8
17082,20170716,14,18,21,25,28,29,10,55994839,8
17083,20170718,3,8,14,20,24,26,12,31569129,8
17084,20170720,1,5,11,20,22,24,2,21070930,8
17085,20170723,1,5,6,16,25,30,9,18701861,8
17086,20170725,3,5,6,13,20,22,7,10359552,8
17087,20170727,3,6,13,14,19,28,6,26754463,8
17088,20170730,7,9,18,22,23,29,6,2104686,7
17089,20170801,11,12,13,16,23,25,12,23165739,8
17090,20170803,1,7,10,16,22,33,9,15013991,8
17091,20170806,5,7,10,23,28,29,3,4165496,7
17092,20170808,10,18,19,29,32,33,9,46733420,8
17093,20170810,7,8,9,15,22,27,12,49025647,8
17094,20170813,8,11,13,19,28,31,6,2405428,7
17095,20170815,9,10,12,19,22,29,16,21700527,8
17096,20170817,2,6,11,12,19,29,6,4805581,7
17097,20170820,5,10,18,19,30,31,3,8837411,7
17098,20170822,4,19,22,27,30,33,1,9442680,7
17099,20170824,2,5,6,16,28,29,4,6701061,7
17100,20170827,4,7,8,18,23,24,2,6390999,7
17101,20170829,1,4,11,28,31,32,16,13218599,8
17102,20170831,4,8,10,14,18,20,11,48076218,8
17103,20170903,1,21,23,25,31,33,1,8889966,7
17104,20170905,1,14,15,20,23,30,14,12356981,8
17105,20170907,3,6,7,12,25,26,7,5379376,7
17106,20170910,12,15,20,25,27,31,2,11026465,8
17107,20170912,8,9,15,17,30,32,6,2545321,7
17108,20170914,7,12,14,15,17,20,1,3929239,7
17109,20170917,8,14,16,18,21,23,16,37835209,8
17110,20170919,1,3,12,15,19,23,14,12701827,8
17111,20170921,5,10,17,19,29,32,12,52665030,8
17112,20170924,3,10,14,16,22,23,11,3902808,7
17113,20170926,4,6,16,27,29,33,5,8541535,7
17114,20170928,6,12,13,15,18,26,13,6775509,7
17115,20171001,4,10,11,25,30,31,1,634139,6
17116,20171003,2,14,20,22,30,32,2,8651745,7
17117,20171005,1,2,8,11,14,21,9,5648905,7
17118,20171008,8,9,15,22,30,33,16,16485023,8
17119,20171010,9,16,21,25,26,31,14,46511865,8
17120,20171012,8,10,15,19,23,28,16,22703328,8
17121,20171015,11,18,19,22,24,32,7,49322356,8
17122,20171017,11,20,21,22,24,27,15,6489447,7
17123,20171019,4,5,6,11,21,31,10,10841114,8
17124,20171022,2,6,11,26,28,29,3,6887454,7
17125,20171024,1,14,23,25,29,30,3,138536,6
17126,20171026,1,16,17,21,27,30,16,2862597,7
17127,20171029,14,15,21,24,27,32,12,16775791,8
17128,20171031,2,6,13,22,29,31,8,7465460,7
17129,20171102,5,6,9,14,21,33,2,40605796,8
17130,20171105,5,13,14,23,25,31,2,20498325,8
17131,20171107,1,7,10,11,26,27,11,20567360,8
17132,20171109,2,3,5,9,13,28,11,2193675,7
17133,20171112,6,15,17,18,23,30,11,23083175,8
17134,20171114,4,5,11,14,28,32,4,14474297,8
17135,20171116,1,6,7,14,18,26,16,28383140,8
17136,20171119,3,7,10,18,21,24,12,21158594,8
17137,20171121,5,10,20,23,26,31,3,4820821,7
17138,20171123,1,17,24,28,32,33,2,10407823,8
17139,20171126,2,14,20,24,28,32,16,364097,6
17140,20171128,21,22,25,28,29,30,8,15076033,8
17141,20171130,1,6,7,11,13,15,5,42047488,8
17142,20171203,8,13,14,18,23,33,6,13361999,8
17143,20171205,4,6,9,14,20,29,14,13694648,8
17144,20171207,3,14,16,20,31,32,9,267484,6
17145,20171210,2,6,12,17,25,28,12,8317457,7
17146,20171212,1,19,25,26,27,33,10,2069537,7
17147,20171214,3,7,20,21,25,31,14,11530676,8
17148,20171217,4,7,11,14,29,32,12,43565417,8
17149,20171219,5,8,15,20,27,30,13,10603016,8
17150,20171221,6,14,19,20,21,23,8,28668608,8
17151,20171224,2,5,7,9,11,27,16,2915907,7
17152,20171226,6,10,23,25,26,29,5,10594207,8
17153,20171228,7,11,12,13,18,19,16,10079879,8
17154,20171231,5,9,13,15,18,26,5,3873516,7
18001,20180102,1,8,11,26,28,31,4,6780867,7
18002,20180104,7,18,24,29,31,33,16,1416456,7
18003,20180107,1,14,16,17,20,31,4,2724691,7
18004,20180109,14,18,19,26,30,31,11,12138660,8
18005,20180111,2,20,21,28,31,33,6,1318504,7
18006,20180114,2,7,8,9,17,29,11,31321290,8
18007,20180116,13,14,20,25,27,31,12,1096395,7
18008,20180118,5,9,10,12,17,19,13,3158233,7
18009,20180121,5,10,17,23,26,32,7,73630,5
18010,20180123,1,8,17,20,21,22,3,6287935,7
18011,20180125,3,10,21,23,27,33,11,15019323,8
18012,20180128,11,12,13,19,26,28,12,12701936,8
18013,20180130,6,8,13,15,22,33,6,10936765,8
18014,20180201,9,12,20,24,28,31,7,16041419,8
18015,20180204,11,15,20,21,26,33,15,29503868,8
18016,20180206,1,11,12,18,25,27,16,3116772,7
18017,20180208,3,6,11,26,30,32,12,10033311,8
18018,20180211,2,12,13,18,25,27,7,12597476,8
18019,20180213,3,11,12,16,21,23,9,22139580,8
18020,20180222,6,9,10,14,28,30,5,76581,5
18021,20180225,3,4,6,11,23,28,14,43619765,8
18022,20180227,7,14,19,21,22,23,3,11023867,8
18023,20180301,12,15,16,21,26,29,16,6128254,7
18024,20180304,11,19,22,26,31,32,2,18294973,8
18025,20180306,4,13,16,19,21,25,14,22990467,8
18026,20180308,4,7,12,14,26,32,4,37907869,8
18027,20180311,2,7,9,14,18,28,5,6240104,7
18028,20180313,3,8,11,14,18,23,16,878927,6
18029,20180315,1,2,9,14,22,25,5,9815157,7
18030,20180318,13,14,20,21,25,33,7,18827046,8
18031,20180320,2,16,18,19,27,30,14,1514189,7
18032,20180322,21,22,23,24,25,32,6,1140872,7
18033,20180325,4,19,20,22,28,33,6,1941786,7
18034,20180327,1,5,11,22,23,26,15,12419664,8
18035,20180329,7,10,11,17,23,28,15,17294953,8
18036,20180401,8,17,24,26,28,33,4,41256168,8
18037,20180403,1,6,7,8,27,30,10,21709332,8
18038,20180405,15,23,24,25,28,29,9,8317492,7
18039,20180408,8,12,18,19,23,32,3,22809259,8
18040,20180410,1,3,8,13,18,23,16,27121535,8
18041,20180412,7,8,20,23,24,32,13,3899274,7
18042,20180415,6,10,21,28,29,31,12,16476389,8
18043,20180417,1,4,6,8,21,24,7,44636,5
18044,20180419,5,9,12,17,27,30,6,4015426,7
18045,20180422,3,4,6,25,26,30,1,28556398,8
18046,20180424,10,13,14,18,20,31,3,33053140,8
18047,20180426,6,7,12,16,22,25,7,4686621,7
18048,20180429,1,12,20,25,30,31,2,7715671,7
18049,20180501,1,3,4,11,19,23,2,595972,6
18050,20180503,1,2,4,10,18,19,7,16064164,8
18051,20180506,5,7,20,23,27,31,4,649904,6
18052,20180508,3,5,6,9,15,32,14,7349728,7
18053,20180510,1,4,10,11,14,27,6,26944488,8
18054,20180513,4,6,18,22,25,33,16,577597,6
18055,20180515,7,9,10,12,22,26,7,607889,6
18056,20180517,1,3,6,20,21,26,1,13140642,8
18057,20180520,5,15,17,19,20,30,13,45896684,8
18058,20180522,7,12,13,16,26,31,7,32853096,8
18059,20180524,4,6,8,13,22,32,11,79423318,8
18060,20180527,4,8,13,25,30,31,10,46339889,8
18061,20180529,9,10,11,12,18,23,7,26409405,8
18062,20180531,2,18,19,24,25,33,11,12779081,8
18063,20180603,5,6,10,16,20,25,12,16626023,8
18064,20180605,2,5,10,11,17,21,5,9030048,7
18065,20180607,1,4,6,14,28,33,1,68849324,8
18066,20180610,9,16,17,19,22,26,10,16926150,8
18067,20180612,1,4,9,12,15,18,5,2692563,7
18068,20180614,8,10,17,20,27,30,1,2758858,7
18069,20180617,6,13,17,19,23,31,12,46615376,8
18070,20180619,4,9,15,16,19,27,10,38477381,8
18071,20180621,2,5,6,13,16,19,3,8793784,7
18072,20180624,11,16,19,22,25,30,8,16164059,8
18073,20180626,2,9,14,15,16,23,10,3934718,7
18074,20180628,9,11,14,20,27,30,9,7663050,7
18075,20180701,7,9,12,13,22,24,11,12220149,8
18076,20180703,3,7,8,15,29,30,13,35322190,8
18077,20180705,2,5,9,15,20,24,10,46728,5
18078,20180708,3,10,14,17,18,30,12,7599459,7
18079,20180710,14,15,17,22,24,29,13,46027668,8
18080,20180712,4,7,13,20,29,33,3,7492877,7
18081,20180715,1,2,12,16,20,26,3,69046104,8
18082,20180717,6,12,14,20,22,24,9,13576015,8
18083,20180719,4,9,18,21,32,33,3,2032341,7
18084,20180722,5,6,8,12,22,24,3,51331815,8
18085,20180724,4,10,25,26,30,33,6,14274573,8
18086,20180726,2,7,17,21,23,26,16,2653007,7
18087,20180729,1,5,10,16,18,31,3,4644539,7
18088,20180731,3,5,12,29,30,32,14,18615045,8
18089,20180802,6,9,12,14,18,27,14,61543086,8
18090,20180805,1,2,4,10,14,23,7,20620663,8
18091,20180807,6,11,13,17,25,32,7,20171958,8
18092,20180809,6,10,16,19,24,33,16,989255,6
18093,20180812,4,18,20,21,29,33,7,17043225,8
18094,20180814,4,7,16,20,24,30,5,28588093,8
18095,20180816,10,11,12,21,26,33,9,4243679,7
18096,20180819,1,5,9,20,28,32,12,2409986,7
18097,20180821,1,2,17,20,25,28,13,12150411,8
18098,20180823,6,10,11,20,29,32,13,906145,6
18099,20180826,3,7,8,14,25,32,6,58310,5
18100,20180828,2,11,14,15,29,33,2,14745629,8
18101,20180830,1,3,14,26,29,33,9,47171061,8
18102,20180902,2,6,11,19,21,28,5,954274,6
18103,20180904,2,9,15,22,23,24,16,53929785,8
18104,20180906,2,3,6,19,25,29,1,2114196,7
18105,20180909,4,5,13,18,19,25,1,8290103,7
18106,20180911,4,18,19,24,25,26,10,1567435,7
18107,20180913,1,2,5,12,20,22,1,13947582,8
18108,20180916,5,13,18,21,26,30,2,69960849,8
18109,20180918,10,11,18,23,31,33,15,443190,6
18110,20180920,11,13,16,21,22,23,2,1922109,7
18111,20180923,1,7,14,24,25,28,8,5007669,7
18112,20180925,5,8,18,25,26,31,4,18074611,8
18113,20180927,1,6,9,16,25,26,9,16667928,8
18114,20180930,1,7,15,16,20,27,14,5861235,7
18115,20181002,1,13,19,24,26,29,11,7311442,7
18116,20181004,5,14,17,22,23,28,15,13304149,8
18117,20181007,8,11,15,17,23,25,5,23341806,8
18118,20181009,8,12,21,22,27,31,9,20205888,8
18119,20181011,3,13,14,16,25,27,12,16722547,8
18120,20181014,3,4,18,26,27,33,1,964974,6
18121,20181016,6,8,14,19,23,25,11,8705136,7
18122,20181018,5,7,20,22,30,32,10,16105384,8
18123,20181021,13,21,24,27,31,32,1,7039547,7
18124,20181023,9,13,14,19,22,25,2,42526900,8
18125,20181025,3,10,11,14,15,32,2,32514390,8
18126,20181028,1,6,8,9,14,22,5,17698841,8
18127,20181030,2,5,6,7,11,15,12,5759627,7
18128,20181101,6,7,8,19,22,23,2,12781811,8
18129,20181104,2,4,6,16,18,19,16,9795922,7
18130,20181106,5,12,17,18,24,28,12,25325082,8
18131,20181108,21,22,24,31,32,33,1,2118185,7
18132,20181111,1,2,9,10,15,22,6,10328575,8
18133,20181113,2,4,11,12,18,32,13,13961823,8
18134,20181115,3,16,18,31,32,33,12,2189282,7
18135,20181118,1,3,6,10,11,29,16,32007063,8
18136,20181120,10,12,15,25,26,27,14,4523040,7
18137,20181122,3,5,11,15,20,23,9,38739667,8
18138,20181125,1,10,25,27,30,32,9,19441177,8
18139,20181127,11,18,20,23,31,32,15,9989544,7
18140,20181129,1,15,20,22,25,28,14,4673498,7
18141,20181202,11,14,16,18,24,33,4,13780468,8
18142,20181204,5,8,10,11,27,28,11,6101488,7
18143,20181206,4,6,15,28,32,33,14,5606299,7
18144,20181209,8,13,17,18,20,27,13,26377567,8
18145,20181211,3,9,13,22,23,25,6,3371818,7
18146,20181213,2,10,11,17,18,29,16,14828067,8
18147,20181216,3,15,17,23,27,30,11,5363538,7
18148,20181218,3,6,18,19,21,31,1,18089002,8
18149,20181220,1,7,8,10,12,24,1,19087032,8
18150,20181223,6,8,15,19,20,31,5,8744706,7
18151,20181225,5,15,19,25,26,29,15,8729704,7
18152,20181227,4,14,16,23,28,29,3,1459923,7
18153,20181230,1,7,17,23,25,31,11,646554,6
19001,20190101,6,10,13,15,32,33,15,1345707,7
19002,20190103,4,5,6,8,9,18,11,981328,6
19003,20190106,13,17,20,21,22,27,1,5278749,7
19004,20190108,8,12,16,19,26,32,3,3683655,7
19005,20190110,21,22,26,28,31,32,7,37891779,8
19006,20190113,1,5,10,19,26,28,12,5401880,7
19007,20190115,6,10,14,15,19,23,15,29068764,8
19008,20190117,2,6,9,13,28,32,12,31305286,8
19009,20190120,1,7,10,22,31,32,15,13657767,8
19010,20190122,2,4,5,8,11,30,2,26126322,8
19011,20190124,10,13,19,21,24,30,7,1604261,7
19012,20190127,7,10,21,23,31,33,14,43552736,8
19013,20190129,5,7,14,16,18,21,1,25341736,8
19014,20190131,1,2,3,14,19,33,3,14683511,8
19015,20190203,11,15,16,20,24,31,4,3837557,7
19016,20190212,5,7,9,11,19,25,5,152520,6
19017,20190214,4,5,24,28,30,33,9,66664178,8
19018,20190217,4,11,18,19,26,32,4,11955575,8
19019,20190219,3,11,17,18,24,25,6,3109095,7
19020,20190221,2,12,13,23,27,28,12,20448000,8
19021,20190224,2,5,7,8,20,27,4,50336909,8
19022,20190226,3,7,11,21,30,33,7,671485,6
19023,20190228,1,10,14,15,18,31,13,15263344,8
19024,20190303,1,8,23,25,28,29,10,38845385,8
19025,20190305,15,16,21,27,30,33,4,20049388,8
19026,20190307,3,13,15,19,20,27,14,70197491,8
19027,20190310,2,6,8,10,11,17,13,3320735,7
19028,20190312,4,19,22,26,29,30,11,14880606,8
19029,20190314,8,11,17,23,32,33,10,16001026,8
19030,20190317,4,5,7,10,12,22,16,714649,6
19031,20190319,3,13,15,18,21,33,16,2853340,7
19032,20190321,4,8,9,13,28,33,4,24307423,8
19033,20190324,9,15,19,21,23,29,15,34071155,8
19034,20190326,9,11,15,22,24,26,3,4891040,7
19035,20190328,1,5,7,9,10,20,16,32947781,8
19036,20190331,2,10,13,16,23,32,8,29436140,8
19037,20190402,1,7,12,14,18,25,10,3525366,7
19038,20190404,9,12,21,27,29,30,5,25283152,8
19039,20190407,6,7,11,14,27,32,8,14297142,8
19040,20190409,5,6,9,18,23,31,11,3777586,7
19041,20190411,2,9,13,23,24,26,16,30403765,8
19042,20190414,15,17,19,22,25,26,4,28835349,8
19043,20190416,1,6,12,13,24,32,13,8497791,7
19044,20190418,6,14,16,17,23,29,7,4998036,7
19045,20190421,1,6,17,19,27,31,14,25859630,8
19046,20190423,2,12,16,22,25,32,6,245663,6
19047,20190425,3,11,18,25,30,33,14,53316083,8
19048,20190428,3,7,10,12,18,29,10,17096675,8
19049,20190430,3,10,13,22,23,28,15,31510548,8
19050,20190502,4,6,10,11,21,23,2,13891614,8
19051,20190505,8,9,10,13,15,28,9,46969139,8
19052,20190507,3,6,9,13,16,19,16,11094978,8
19053,20190509,4,16,22,25,29,31,8,5314301,7
19054,20190512,7,10,11,15,24,26,11,372094,6
19055,20190514,1,6,11,15,19,31,10,13029762,8
19056,20190516,13,14,17,19,21,29,1,15852250,8
19057,20190519,4,5,6,8,13,18,16,26061288,8
19058,20190521,7,8,12,21,23,27,12,3730515,7
19059,20190523,4,5,7,9,16,18,6,15840086,8
19060,20190526,3,4,14,20,23,27,1,29947843,8
19061,20190528,3,17,19,24,27,31,12,2670,4
19062,20190530,7,13,16,23,26,30,1,23128413,8
19063,20190602,1,14,19,22,29,31,16,29282195,8
19064,20190604,12,20,24,25,30,33,12,14594279,8
19065,20190606,6,9,11,15,20,26,10,5765463,7
19066,20190609,1,14,17,20,22,32,4,27888573,8
19067,20190611,4,6,8,11,30,33,11,13083360,8
19068,20190613,3,14,20,24,26,33,10,34979191,8
19069,20190616,6,11,16,19,21,25,1,10287254,8
19070,20190618,6,15,18,19,24,32,9,14003579,8
19071,20190620,1,8,19,24,29,30,4,37851197,8
19072,20190623,2,9,13,15,22,30,15,3769575,7
19073,20190625,1,2,6,12,16,18,8,18950692,8
19074,20190627,12,21,27,29,31,33,4,529350,6
19075,20190630,5,8,20,22,31,33,3,86404912,8
19076,20190702,12,15,19,20,29,32,14,15425680,8
19077,20190704,9,11,13,18,21,22,15,1354624,7
19078,20190707,1,17,27,29,31,33,12,4121509,7
19079,20190709,1,3,6,9,19,31,16,27489714,8
19080,20190711,3,6,8,20,24,32,7,1844633,7
19081,20190714,5,24,27,29,31,32,10,9884059,7
19082,20190716,7,16,19,22,24,28,2,10521167,8
19083,20190718,6,15,17,26,28,31,3,4976094,7
19084,20190721,4,8,14,18,20,27,3,3285357,7
19085,20190723,1,4,14,18,24,29,4,7326236,7
19086,20190725,16,22,24,26,28,31,6,41886332,8
19087,20190728,4,5,7,9,21,30,4,3660087,7
19088,20190730,13,14,15,21,23,29,13,15171864,8
19089,20190801,2,4,14,16,20,22,11,5831526,7
19090,20190804,2,3,6,8,14,22,4,60519090,8
19091,20190806,7,10,21,24,29,32,11,3997878,7
19092,20190808,9,17,27,28,32,33,8,32564899,8
19093,20190811,5,7,8,9,20,22,2,16001951,8
19094,20190813,5,10,12,18,19,27,6,66517606,8
19095,20190815,2,5,14,19,21,28,1,12936376,8
19096,20190818,5,7,12,18,27,32,11,9418642,7
19097,20190820,3,5,18,24,25,31,9,12693968,8
19098,20190822,3,11,12,14,17,26,9,17617015,8
19099,20190825,7,14,22,23,27,30,8,2623897,7
19100,20190827,1,4,12,13,30,32,8,4626435,7
19101,20190829,1,4,9,21,31,33,5,5715197,7
19102,20190901,3,8,12,16,20,32,12,157558,6
19103,20190903,4,12,14,21,27,29,12,36836305,8
19104,20190905,1,5,16,17,18,24,10,17823648,8
19105,20190908,2,13,15,17,26,33,1,1122991,7
19106,20190910,2,14,22,27,30,33,14,45344461,8
19107,20190912,2,6,8,23,27,32,2,8165545,7
19108,20190915,7,13,19,22,25,32,13,11177622,8
19109,20190917,3,6,7,17,28,31,10,1043087,7
19110,20190919,1,18,22,26,27,28,8,54168,5
19111,20190922,7,18,20,22,24,33,1,58226190,8
19112,20190924,3,12,14,17,23,27,1,2111253,7
19113,20190926,1,5,19,21,25,33,15,16727151,8
19114,20190929,2,4,9,11,12,30,1,12104502,8
19115,20191008,4,10,11,14,15,29,5,510588,6
19116,20191010,1,8,9,13,16,33,1,10831415,8
19117,20191013,3,5,11,28,32,33,1,10054983,8
19118,20191015,12,14,15,25,28,31,4,3004595,7
19119,20191017,4,20,22,24,26,33,7,14046608,8
19120,20191020,10,12,27,31,32,33,3,40741241,8
19121,20191022,2,6,15,21,30,31,2,45352905,8
19122,20191024,4,10,15,19,21,23,2,11459060,8
19123,20191027,2,6,8,17,28,30,6,36304920,8
19124,20191029,4,9,30,31,32,33,1,4968459,7
19125,20191031,2,11,12,26,27,29,3,5404780,7
19126,20191103,2,14,17,29,32,33,16,39580792,8
19127,20191105,2,6,7,12,17,24,10,66394140,8
19128,20191107,3,8,12,16,17,19,8,388725,6
19129,20191110,3,4,7,9,15,26,7,30077394,8
19130,20191112,1,7,9,11,24,32,16,36022791,8
19131,20191114,9,17,19,20,24,31,4,8898363,7
19132,20191117,4,6,11,14,19,33,7,30959896,8
19133,20191119,3,7,16,21,24,31,7,38413123,8
19134,20191121,1,4,6,22,29,30,3,1441252,7
19135,20191124,3,6,10,11,27,33,3,24184697,8
19136,20191126,12,14,15,17,29,33,12,3269793,7
19137,20191128,7,10,13,19,23,31,6,5472226,7
19138,20191201,2,6,12,30,31,32,11,7993109,7
19139,20191203,8,14,20,23,30,33,11,5577152,7
19140,20191205,2,4,9,11,14,22,5,7896801,7
19141,20191208,10,13,14,15,17,33,14,4320497,7
19142,20191210,8,14,24,27,29,33,9,46164674,8
19143,20191212,5,13,15,16,26,32,9,11145603,8
19144,20191215,2,12,15,19,27,30,3,6491979,7
19145,20191217,1,8,13,17,18,19,16,18671391,8
19146,20191219,1,4,10,12,30,32,14,21667332,8
19147,20191222,1,9,12,14,23,27,12,39873395,8
19148,20191224,9,10,13,20,26,27,8,48394317,8
19149,20191226,1,6,27,28,31,33,7,54202048,8
19150,20191229,2,9,14,22,27,29,2,13805548,8
19151,20191231,2,6,9,18,24,26,14,36466827,8
20001,20200102,2,15,23,26,29,30,2,18994552,8
20002,20200105,4,9,14,15,16,29,11,9771754,7
20003,20200107,9,17,26,29,30,32,3,16790474,8
20004,20200109,2,15,17,27,32,33,3,137702,6
20005,20200112,11,16,17,22,26,32,4,42352801,8
20006,20200114,3,4,5,10,16,32,9,1916896,7
20007,20200116,5,12,17,20,25,31,10,44496003,8
20008,20200119,1,4,6,10,11,28,16,32672029,8
20009,20200121,3,6,8,14,19,26,12,42430364,8
20010,20200312,11,14,22,27,31,32,9,11893379,8
20011,20200315,4,5,7,17,18,29,1,8417506,7
20012,20200317,4,13,14,23,26,31,9,1519480,7
20013,20200319,2,8,10,20,21,30,14,8637838,7
20014,20200322,2,7,8,10,12,16,7,9064452,7
20015,20200324,8,9,22,24,30,33,1,21079147,8
20016,20200326,5,6,8,17,24,27,7,406936,6
20017,20200329,2,4,7,15,20,27,4,66031367,8
20018,20200331,5,7,8,11,17,22,13,1482365,7
20019,20200402,15,19,27,28,30,33,3,10019853,8
20020,20200405,1,6,9,13,15,22,14,6248997,7
20021,20200407,2,6,14,16,27,31,7,16066798,8
20022,20200409,2,10,20,22,25,30,2,4410888,7
20023,20200412,4,5,20,21,30,33,8,4494900,7
20024,20200414,10,13,27,28,29,31,8,21341178,8
20025,20200416,1,9,10,15,20,29,2,19720021,8
20026,20200419,1,4,9,18,19,31,6,5331053,7
20027,20200421,12,13,14,24,25,28,6,9694338,7
20028,20200423,5,6,15,18,26,32,8,17114533,8
20029,20200426,1,12,18,20,30,32,5,33666135,8
20030,20200428,17,18,21,29,30,32,3,2146177,7
20031,20200430,2,5,9,15,16,27,9,27403023,8
20032,20200503,3,11,13,14,15,26,13,4710217,7
20033,20200505,7,10,12,21,31,32,1,41477706,8
20034,20200507,2,8,15,16,26,32,3,30043186,8
20035,20200510,10,14,24,25,28,33,11,11196716,8
20036,20200512,7,9,16,22,24,32,6,18338614,8
20037,20200514,1,4,11,13,17,24,15,18085660,8
20038,20200517,1,6,7,18,23,24,15,16422601,8
20039,20200519,2,9,10,11,16,29,2,13444717,8
20040,20200521,1,6,12,16,19,21,4,4170971,7
20041,20200524,6,7,16,22,24,25,13,48606036,8
20042,20200526,2,6,7,11,14,31,3,2903399,7
20043,20200528,1,11,24,25,27,30,7,3711450,7
20044,20200531,7,8,16,17,19,24,7,18145081,8
20045,20200602,2,3,15,21,22,33,16,7327819,7
20046,20200604,13,19,25,26,27,32,8,23727376,8
20047,20200607,4,10,17,19,28,32,1,43461995,8
20048,20200609,12,14,18,23,30,32,2,1472927,7
20049,20200611,1,7,9,12,18,22,4,23035770,8
20050,20200614,4,9,17,20,32,33,15,4740173,7
20051,20200616,3,6,8,11,19,28,8,7649629,7
20052,20200618,2,8,13,29,32,33,15,33582930,8
20053,20200621,2,14,15,16,32,33,1,2384737,7
20054,20200623,3,10,19,25,26,31,2,21592621,8
20055,20200625,1,5,7,23,28,30,12,5349363,7
20056,20200628,2,5,8,12,26,31,14,35603927,8
20057,20200630,9,14,21,23,26,32,3,14381134,8
20058,20200702,1,3,11,12,19,26,7,59860624,8
20059,20200705,2,4,10,17,22,25,14,3064,4
20060,20200707,5,9,14,20,24,30,8,21419657,8
20061,20200709,8,17,24,26,27,31,4,1423863,7
20062,20200712,10,14,17,22,26,27,5,8730582,7
20063,20200714,12,15,16,22,29,32,14,6733244,7
20064,20200716,1,3,7,21,27,32,1,25615947,8
20065,20200719,9,15,18,21,23,26,8,11158933,8
20066,20200721,2,9,13,17,26,28,7,25234141,8
20067,20200723,4,7,9,23,27,30,8,5953865,7
20068,20200726,12,16,21,26,27,32,10,504498,6
20069,20200728,3,9,10,13,18,26,4,11837469,8
20070,20200730,1,2,4,6,19,21,15,2212226,7
20071,20200802,9,11,12,13,22,23,8,2575785,7
20072,20200804,6,8,10,15,17,26,4,3611985,7
20073,20200806,5,7,11,13,27,29,3,642694,6
20074,20200809,4,8,9,13,19,33,12,14466828,8
20075,20200811,3,11,13,20,24,30,16,13918548,8
20076,20200813,10,15,16,18,20,27,6,12615425,8
20077,20200816,3,10,16,21,25,27,12,40212050,8
20078,20200818,3,11,14,16,21,32,4,16546964,8
20079,20200820,5,12,20,21,22,29,14,19902112,8
20080,20200823,14,15,18,22,31,33,1,13467945,8
20081,20200825,1,5,13,14,27,33,15,38758702,8
20082,20200827,2,8,11,17,21,30,9,3282983,7
20083,20200830,1,19,25,26,30,31,12,482495,6
20084,20200901,3,7,16,17,23,30,7,423668,6
20085,20200903,1,2,5,9,19,24,16,28939429,8
20086,20200906,2,4,6,15,24,27,6,13750975,8
20087,20200908,11,15,20,23,25,33,10,5143484,7
20088,20200910,1,6,12,26,29,30,12,36176734,8
20089,20200913,2,14,16,21,29,30,10,1277607,7
20090,20200915,2,21,23,26,31,32,6,46367707,8
20091,20200917,1,9,11,12,16,19,16,11073010,8
20092,20200920,1,6,12,18,22,24,3,7869002,7
20093,20200922,4,5,10,13,15,19,15,11032329,8
20094,20200924,10,15,17,27,29,31,8,971077,6
20095,20200927,3,9,16,17,20,26,2,28931634,8
20096,20200929,1,20,23,26,27,32,15,30953811,8
20097,20201006,2,8,21,25,26,30,10,44072,5
20098,20201008,6,8,11,22,25,33,2,13740859,8
20099,20201011,5,6,11,12,15,30,12,25628812,8
20100,20201013,1,7,15,16,20,23,7,45925562,8
20101,20201015,10,17,24,25,28,30,15,42052711,8
20102,20201018,9,10,19,25,26,29,8,55800247,8
20103,20201020,4,9,10,22,28,32,8,38678307,8
20104,20201022,4,8,10,16,27,29,9,19129837,8
20105,20201025,6,14,19,20,22,24,1,25934245,8
20106,20201027,2,4,11,15,18,28,10,196942,6
20107,20201029,3,9,11,24,25,28,16,6247973,7
20108,20201101,10,12,15,17,23,32,5,1638252,7
20109,20201103,6,13,16,20,23,32,13,17166929,8
20110,20201105,2,6,9,14,22,25,4,8187293,7
20111,20201108,6,9,17,22,24,26,16,3434078,7
20112,20201110,2,9,12,17,28,32,5,4389880,7
20113,20201112,1,3,7,10,22,32,11,12288430,8
20114,20201115,1,5,11,24,30,32,3,22930483,8
20115,20201117,1,4,12,20,25,32,2,8745633,7
20116,20201119,5,6,14,16,19,27,10,52860184,8
20117,20201122,7,8,9,10,16,27,7,31441319,8
20118,20201124,11,13,19,26,30,33,5,32190136,8
20119,20201126,1,9,22,28,32,33,15,807572,6
20120,20201129,1,2,3,4,9,10,12,13812963,8
20121,20201201,2,4,6,21,25,29,3,5684606,7
20122,20201203,12,15,17,24,26,31,15,28967653,8
20123,20201206,1,3,18,19,26,29,3,4248775,7
20124,20201208,16,18,19,20,29,33,12,29561582,8
20125,20201210,5,12,16,26,30,31,13,2326822,7
20126,20201213,3,7,12,14,23,28,11,7270663,7
20127,20201215,1,4,18,19,26,31,7,8183659,7
20128,20201217,8,10,15,16,23,26,10,4730117,7
20129,20201220,1,2,5,15,28,33,4,13386501,8
20130,20201222,8,9,11,14,17,29,16,3881040,7
20131,20201224,8,19,22,26,27,30,7,9800438,7
20132,20201227,1,4,11,12,14,23,4,75864291,8
20133,20201229,3,19,22,23,27,29,7,16894304,8
20134,20201231,2,9,10,20,22,26,1,28305148,8
21001,20210103,2,3,13,18,20,31,11,3843609,7
21002,20210105,6,10,13,25,26,32,11,1966639,7
21003,20210107,6,9,16,18,22,29,11,33938418,8
21004,20210110,2,3,7,8,17,22,15,5224369,7
21005,20210112,7,9,14,26,30,31,4,14134081,8
21006,20210114,6,8,22,24,25,26,1,4087769,7
21007,20210117,2,4,12,21,25,32,16,489182,6
21008,20210119,1,5,7,14,18,33,7,18294783,8
21009,20210121,2,4,7,24,25,32,13,874719,6
21010,20210124,1,4,11,19,32,33,5,28123646,8
21011,20210126,5,10,16,23,27,33,14,5125491,7
21012,20210128,3,6,14,18,20,26,1,25157178,8
21013,20210131,6,9,12,16,27,31,6,10116902,8
21014,20210202,4,15,21,25,29,33,6,10079840,8
21015,20210204,6,14,16,26,28,29,7,14639561,8
21016,20210207,3,8,9,13,15,18,10,4107881,7
21017,20210221,9,15,18,29,32,33,2,14257619,8
21018,20210223,2,8,14,23,25,32,6,38293896,8
21019,20210225,12,16,17,24,28,29,8,16965870,8
21020,20210228,1,3,6,7,9,11,2,15436072,8
21021,20210302,4,8,17,24,28,33,13,26441907,8
21022,20210304,10,15,17,25,31,32,6,731418,6
21023,20210307,2,21,22,23,27,28,11,4458700,7
21024,20210309,1,4,6,10,11,18,2,554277,6
21025,20210311,6,8,14,17,18,30,11,17621226,8
21026,20210314,3,5,13,19,20,25,3,4906222,7
21027,20210316,5,7,9,16,20,26,8,30933322,8
21028,20210318,11,16,23,26,27,33,5,15453527,8
21029,20210321,8,10,15,17,22,30,12,31329718,8
21030,20210323,8,9,13,27,29,31,5,11251778,8
21031,20210325,6,11,21,25,28,31,7,6117972,7
21032,20210328,1,5,8,15,16,30,3,6820565,7
21033,20210330,2,12,13,14,31,33,6,4451881,7
21034,20210401,4,10,12,18,23,25,1,11674625,8
21035,20210404,12,14,18,20,26,28,11,7250777,7
21036,20210406,1,2,6,11,21,26,11,1928545,7
21037,20210408,13,17,19,24,26,30,12,9402198,7
21038,20210411,5,7,9,16,18,27,6,60025592,8
21039,20210413,2,8,21,24,29,31,13,67816055,8
21040,20210415,2,6,7,24,28,29,16,10297937,8
21041,20210418,2,9,18,23,26,32,14,12913975,8
21042,20210420,5,9,10,22,25,27,8,44727064,8
21043,20210422,2,3,17,18,23,24,1,23476679,8
21044,20210425,5,7,14,17,26,28,13,100695,6
21045,20210427,1,4,14,15,17,32,2,16060044,8
21046,20210429,5,9,13,21,28,33,6,8646591,7
21047,20210502,3,7,13,16,24,29,1,18407497,8
21048,20210504,4,15,17,22,29,32,3,22195540,8
21049,20210506,4,11,13,22,25,32,1,14855798,8
21050,20210509,2,9,10,16,25,28,8,19926144,8
21051,20210511,8,9,10,19,27,29,15,11115641,8
21052,20210513,3,4,6,19,21,30,14,3380663,7
21053,20210516,7,10,14,16,24,33,16,16127471,8
21054,20210518,7,13,21,22,24,31,2,471500,6
21055,20210520,3,11,12,16,22,28,10,2305185,7
21056,20210523,8,21,22,23,29,32,1,33721240,8
21057,20210525,5,6,9,17,25,33,16,3801579,7
21058,20210527,9,11,13,18,19,28,14,61987917,8
21059,20210530,1,9,11,18,32,33,14,10806108,8
21060,20210601,10,11,17,20,29,30,15,107196863,9
21061,20210603,4,9,12,18,20,23,1,23696,5
21062,20210606,12,13,15,20,22,25,10,40613885,8
21063,20210608,4,5,6,9,23,24,9,15582368,8
21064,20210610,4,6,8,15,16,18,16,16947763,8
21065,20210613,1,4,8,19,29,33,16,32471639,8
21066,20210615,2,6,19,26,30,33,15,759586,6
21067,20210617,1,11,19,23,25,29,9,26383990,8
21068,20210620,4,14,18,24,31,32,15,2459885,7
21069,20210622,6,11,18,20,23,26,5,31796757,8
21070,20210624,1,5,11,15,16,29,15,7043423,7
21071,20210627,1,7,24,31,32,33,8,6060041,7
21072,20210629,1,9,15,16,19,21,15,1929455,7
21073,20210701,1,6,18,22,24,25,8,75449682,8
21074,20210704,4,5,9,14,25,27,7,1192715,7
21075,20210706,12,15,16,21,22,29,1,36432791,8
21076,20210708,3,9,21,23,30,32,6,5294224,7
21077,20210711,8,15,17,25,27,30,10,9618202,7
21078,20210713,4,6,15,26,27,31,12,1610743,7
21079,20210715,1,3,10,24,28,29,13,23967625,8
21080,20210718,5,8,22,23,24,29,9,38432619,8
21081,20210720,1,3,5,18,22,23,1,29835717,8
21082,20210722,3,6,11,13,26,32,5,29016154,8
21083,20210725,4,9,11,25,28,33,4,23506068,8
21084,20210727,5,7,9,11,21,28,1,11030768,8
21085,20210729,5,6,7,11,14,20,2,11107496,8
21086,20210801,6,8,10,14,28,29,1,26767694,8
21087,20210803,2,13,16,19,23,24,4,819059,6
21088,20210805,4,12,15,16,19,26,6,30275357,8
21089,20210808,1,2,7,13,23,24,12,14454920,8
21090,20210810,5,6,12,14,27,28,8,9435664,7
21091,20210812,4,6,16,24,26,33,16,877248,6
21092,20210815,2,7,8,10,12,31,3,11216595,8
21093,20210817,5,11,15,23,28,33,3,4126778,7
21094,20210819,9,11,24,25,28,33,15,701474,6
21095,20210822,8,12,17,24,27,28,13,2899998,7
21096,20210824,1,7,11,14,15,26,11,23511182,8
21097,20210826,3,11,12,13,25,28,12,19371758,8
21098,20210829,1,10,13,18,26,32,5,31347925,8
21099,20210831,9,11,17,18,20,27,15,14454670,8
21100,20210902,7,9,12,13,14,29,16,5492422,7
21101,20210905,2,4,12,22,29,31,1,13877012,8
21102,20210907,5,9,15,24,27,30,9,36036212,8
21103,20210909,10,13,15,25,29,30,15,5811673,7
21104,20210912,1,7,17,20,22,28,15,29414190,8
21105,20210914,10,14,15,22,27,32,9,12800026,8
21106,20210916,1,4,7,14,30,31,3,15126724,8
21107,20210919,2,3,17,19,25,30,1,36328181,8
21108,20210921,11,15,18,24,26,32,9,29061871,8
21109,20210923,2,3,10,17,20,26,16,53804766,8
21110,20210926,10,13,15,24,31,32,2,15513700,8
21111,20210928,17,20,22,23,26,28,6,73242738,8
21112,20210930,5,6,21,25,28,33,7,7417050,7
21113,20211005,4,7,10,22,27,30,2,11035070,8
21114,20211007,4,6,8,14,24,27,2,22030381,8
21115,20211010,2,10,12,15,24,27,8,29692627,8
21116,20211012,6,14,17,18,31,33,6,2380699,7
21117,20211014,3,5,17,21,27,33,4,23158712,8
21118,20211017,2,6,14,18,20,31,13,7188033,7
21119,20211019,3,9,10,11,28,29,13,3711077,7
21120,20211021,1,7,8,12,13,18,5,6160750,7
21121,20211024,4,5,12,16,22,30,15,14501439,8
21122,20211026,4,5,12,15,18,28,7,5502304,7
21123,20211028,6,14,15,19,29,31,5,7933890,7
21124,20211031,1,3,18,22,29,32,2,8951946,7
21125,20211102,14,19,20,23,24,31,9,2779096,7
21126,20211104,19,20,23,27,28,31,1,19209259,8
21127,20211107,7,15,16,20,27,29,7,12419838,8
21128,20211109,5,17,20,21,23,33,4,25813448,8
21129,20211111,4,15,21,27,28,29,10,2361299,7
21130,20211114,8,9,15,24,26,30,6,60593255,8
21131,20211116,8,11,18,19,20,24,1,31090117,8
21132,20211118,1,4,6,14,20,28,8,17613234,8
21133,20211121,1,3,12,19,27,31,10,11685674,8
21134,20211123,1,2,16,19,25,31,8,3530684,7
21135,20211125,3,10,17,19,21,31,4,1541903,7
21136,20211128,2,6,9,15,19,28,16,69990389,8
21137,20211130,3,7,10,14,21,24,1,31631345,8
21138,20211202,11,14,15,16,27,32,9,6491505,7
21139,20211205,12,14,19,23,24,27,1,1527294,7
21140,20211207,5,10,16,26,27,33,1,18125240,8
21141,20211209,1,14,19,23,26,30,10,82388188,8
21142,20211212,4,7,17,19,20,24,16,2679092,7
21143,20211214,1,9,11,13,20,29,9,24501749,8
21144,20211216,2,5,13,15,23,26,7,15351325,8
21145,20211219,4,7,10,14,16,26,9,23513453,8
21146,20211221,7,9,21,22,26,32,3,11506580,8
21147,20211223,5,10,11,13,27,28,9,4959417,7
21148,20211226,10,12,15,17,19,20,8,17676830,8
21149,20211228,5,10,15,18,19,32,5,25299532,8
21150,20211230,9,14,20,21,24,26,4,5506985,7
22001,20220102,6,13,15,17,20,21,3,45246877,8
22002,20220104,2,12,21,23,25,31,8,8688628,7
22003,20220106,2,5,16,17,18,30,6,3274619,7
22004,20220109,5,19,24,28,30,32,14,9223171,7
22005,20220111,7,10,12,16,19,31,16,24612518,8
22006,20220113,3,6,9,15,22,31,2,7455826,7
22007,20220116,1,20,22,23,25,28,16,24117144,8
22008,20220118,2,3,7,9,20,21,13,46961397,8
22009,20220120,4,15,17,19,25,28,16,13573893,8
22010,20220123,12,18,19,20,21,32,15,16581855,8
22011,20220125,6,15,23,24,25,33,15,28874288,8
22012,20220127,4,7,8,29,30,31,1,20167563,8
22013,20220208,2,3,4,7,10,18,15,19959028,8
22014,20220210,6,7,13,14,15,27,4,31084875,8
22015,20220213,6,14,16,27,28,31,7,20930362,8
22016,20220215,5,10,19,20,29,31,14,13814151,8
22017,20220217,6,9,24,29,30,32,7,24206731,8
22018,20220220,7,11,16,17,30,32,16,38853062,8
22019,20220222,5,6,14,20,21,25,8,6758505,7
22020,20220224,9,11,14,22,30,32,1,4506684,7
22021,20220227,3,7,22,24,26,31,14,20383840,8
22022,20220301,1,7,11,15,17,19,6,43825767,8
22023,20220303,7,12,17,19,24,25,2,53975509,8
22024,20220306,7,9,10,14,19,24,15,15272668,8
22025,20220308,6,19,24,25,28,32,4,120829,6
22026,20220310,3,4,10,15,22,24,2,1862023,7
22027,20220313,14,15,18,19,26,32,9,3100786,7
22028,20220315,5,11,20,22,23,29,9,17225763,8
22029,20220317,3,8,10,13,26,32,8,27441191,8
22030,20220320,12,23,24,26,27,30,5,306743,6
22031,20220322,1,10,11,22,26,32,7,21036476,8
22032,20220324,4,10,11,14,23,32,7,22400589,8
22033,20220327,5,12,19,22,25,26,5,1086602,7
22034,20220329,14,17,26,31,32,33,10,15429296,8
22035,20220331,8,12,13,19,23,25,15,13081852,8
22036,20220403,2,3,14,16,26,31,2,17166585,8
22037,20220405,1,10,13,20,22,32,14,2303778,7
22038,20220407,9,12,13,16,24,32,4,882713,6
22039,20220410,2,6,7,10,15,20,5,11570947,8
22040,20220412,3,12,14,16,31,33,12,6442244,7
22041,20220414,5,7,21,22,24,29,14,27181729,8
22042,20220417,5,10,11,21,22,30,13,15609034,8
22043,20220419,2,17,20,23,25,27,8,23507482,8
22044,20220421,1,7,8,21,23,29,6,3238865,7
22045,20220424,3,12,17,18,19,28,4,1517612,7
22046,20220426,2,11,24,25,27,30,14,20135674,8
22047,20220428,3,7,8,14,27,30,9,17323503,8
22048,20220501,5,7,17,20,26,31,14,6992592,7
22049,20220503,2,4,7,18,25,26,10,30091984,8
22050,20220505,3,5,8,14,27,33,8,12515304,8
22051,20220508,2,5,11,17,21,33,1,7384327,7
22052,20220510,7,24,27,29,31,32,15,126229,6
22053,20220512,10,14,18,23,27,33,15,49928189,8
22054,20220515,8,12,21,27,28,33,11,9737301,7
22055,20220517,2,4,9,26,28,33,3,5503499,7
22056,20220519,1,6,11,14,17,26,15,4394946,7
22057,20220522,12,15,20,26,30,33,16,26989027,8
22058,20220524,6,13,14,23,31,33,1,17167041,8
22059,20220526,6,9,18,19,29,33,6,1035838,7
22060,20220529,16,18,19,24,28,32,1,24995123,8
22061,20220531,1,3,16,18,29,33,6,11589765,8
22062,20220602,16,18,20,21,23,33,5,20883965,8
22063,20220605,6,8,9,17,22,31,11,6194120,7
22064,20220607,4,6,12,13,17,31,16,11584712,8
22065,20220609,9,14,18,23,28,31,2,354363,6
22066,20220612,6,11,14,20,27,30,9,19402080,8
22067,20220614,1,5,13,21,26,29,15,17691908,8
22068,20220616,7,12,15,24,26,29,6,20913137,8
22069,20220619,6,7,13,19,26,29,8,4350604,7
22070,20220621,4,6,9,27,28,33,2,66924688,8
22071,20220623,4,7,15,18,29,33,1,6900514,7
22072,20220626,5,14,15,16,18,32,12,9205622,7
22073,20220628,6,10,14,15,26,29,12,9612239,7
22074,20220630,5,7,15,19,29,33,15,17600039,8
22075,20220703,1,2,4,25,26,30,10,3428601,7
22076,20220705,8,9,10,13,24,29,2,13345273,8
22077,20220707,3,17,18,19,20,27,16,4550629,7
22078,20220710,1,4,5,15,17,31,9,2389107,7
22079,20220712,1,9,15,17,22,23,16,15117450,8
22080,20220714,5,12,15,17,18,27,4,414655,6
22081,20220717,4,8,11,21,27,30,1,18018034,8
22082,20220719,4,10,11,23,30,32,14,27964759,8
22083,20220721,8,12,13,14,19,20,5,8747782,7
22084,20220724,3,18,23,24,25,32,9,18920425,8
22085,20220726,7,9,14,31,32,33,13,90753813,8
22086,20220728,1,4,8,21,23,24,11,26230860,8
22087,20220731,5,6,9,13,23,25,8,9722875,7
22088,20220802,3,9,15,17,20,22,6,32999644,8
22089,20220804,2,7,15,29,31,33,15,5191902,7
22090,20220807,1,4,25,27,29,30,7,10778437,8
22091,20220809,8,18,20,22,24,28,10,19502041,8
22092,20220811,7,10,16,20,21,27,11,32657364,8
22093,20220814,21,22,24,28,29,32,14,47132735,8
22094,20220816,6,11,13,16,19,31,2,4822342,7
22095,20220818,4,13,14,18,20,28,8,19962672,8
22096,20220821,3,16,17,19,25,33,7,42794076,8
22097,20220823,4,5,10,13,30,31,14,14911390,8
22098,20220825,2,3,4,6,21,33,5,69288813,8
22099,20220828,1,11,23,24,26,32,15,23740377,8
22100,20220830,2,6,7,15,20,21,15,479794,6
22101,20220901,4,16,18,19,27,28,4,4883158,7
22102,20220904,9,10,12,18,29,32,14,54792390,8
22103,20220906,6,9,12,14,20,28,10,14256186,8
22104,20220908,1,8,19,25,26,31,1,21501727,8
22105,20220911,6,12,13,15,21,23,15,11902721,8
22106,20220913,17,20,22,23,24,31,1,19001744,8
22107,20220915,3,9,11,15,19,28,16,18814436,8
22108,20220918,1,7,13,17,18,31,15,52039423,8
22109,20220920,4,11,13,19,22,33,11,25899231,8
22110,20220922,9,13,15,18,20,28,15,8849004,7
22111,20220925,2,10,11,13,28,31,1,14170826,8
22112,20220927,3,5,8,17,25,31,1,459772,6
22113,20220929,13,14,20,24,27,29,2,1958588,7
22114,20221006,1,5,15,19,26,29,13,7438108,7
22115,20221009,6,7,18,20,27,29,9,20641347,8
22116,20221011,8,14,26,27,30,33,1,8930466,7
22117,20221013,4,13,17,18,28,29,6,1256975,7
22118,20221016,2,6,7,11,14,33,8,129017515,9
22119,20221018,2,5,15,18,26,27,4,17709858,8
22120,20221020,2,15,19,26,27,29,2,52755891,8
22121,20221023,12,17,22,27,30,31,2,70114690,8
22122,20221025,6,8,17,19,24,28,5,23457908,8
22123,20221027,10,13,16,20,21,25,5,20707234,8
22124,20221030,5,10,13,18,24,26,1,24104457,8
22125,20221101,2,3,7,12,20,31,16,30686171,8
22126,20221103,1,13,15,17,26,33,13,37809827,8
22127,20221106,3,4,9,10,29,33,13,42659787,8
22128,20221108,3,12,18,24,27,29,1,28515066,8
22129,20221110,10,12,14,22,24,27,7,1183372,7
22130,20221113,2,8,15,17,26,28,12,45593232,8
22131,20221115,3,5,10,13,19,29,6,25287561,8
22132,20221117,1,3,18,26,32,33,4,16450455,8
22133,20221120,5,8,16,17,21,25,12,2266250,7
22134,20221122,1,5,14,17,24,31,14,29017099,8
22135,20221124,9,11,13,24,28,32,6,29832684,8
22136,20221127,8,10,14,15,18,22,8,7339858,7
22137,20221129,8,21,23,27,28,33,1,39012422,8
22138,20221201,2,14,19,21,25,28,11,1096346,7
22139,20221204,6,7,9,16,17,19,14,4481785,7
22140,20221206,8,9,18,19,20,27,15,7379540,7
22141,20221208,5,12,13,17,20,27,14,4990908,7
22142,20221211,1,3,13,16,21,27,3,27845020,8
22143,20221213,7,8,13,29,30,33,3,3657086,7
22144,20221215,7,20,22,23,31,32,5,25572437,8
22145,20221218,3,21,25,30,31,33,11,23242576,8
22146,20221220,6,7,13,18,26,31,6,107443302,9
22147,20221222,2,3,7,13,20,30,10,16968992,8
22148,20221225,2,15,16,17,21,31,14,8767688,7
22149,20221227,2,22,26,29,32,33,14,5064389,7
22150,20221229,1,7,11,12,22,28,5,41270961,8
23001,20230101,9,16,18,22,28,32,2,11903617,8
23002,20230103,2,6,10,16,18,22,13,25921958,8
23003,20230105,5,8,18,25,30,32,6,22683620,8
23004,20230108,1,7,15,16,20,25,16,39855875,8
23005,20230110,2,6,8,13,14,19,16,42091175,8
23006,20230112,2,10,12,14,24,26,5,36363475,8
23007,20230115,5,6,9,22,25,31,3,8196530,7
23008,20230117,5,13,18,20,26,28,6,13160527,8
23009,20230129,3,4,19,23,30,32,6,6824949,7
23010,20230131,4,5,13,18,27,29,12,2238420,7
23011,20230202,6,7,16,17,21,22,4,527774,6
23012,20230205,3,4,7,22,26,30,6,17885961,8
23013,20230207,6,10,14,22,23,33,13,4841822,7
23014,20230209,6,7,18,23,27,30,5,10831293,8
23015,20230212,2,3,14,21,29,32,8,10950097,8
23016,20230214,14,16,19,23,28,30,3,38857850,8
23017,20230216,5,11,18,20,26,28,12,8032841,7
23018,20230219,10,12,17,19,25,31,13,16099641,8
23019,20230221,6,12,26,28,29,32,15,6975425,7
23020,20230223,1,12,17,18,26,27,5,19330403,8
23021,20230226,2,5,6,19,21,27,4,17180697,8
23022,20230228,10,11,18,19,23,31,3,9457745,7
23023,20230302,5,8,10,15,24,25,9,839808,6
23024,20230305,3,6,9,17,27,28,3,1630836,7
23025,20230307,4,16,20,21,31,32,14,9748510,7
23026,20230309,1,18,26,30,31,33,3,41714673,8
23027,20230312,8,10,22,27,32,33,8,5287862,7
23028,20230314,5,7,10,17,20,22,14,5932562,7
23029,20230316,3,7,12,24,28,33,8,5478043,7
23030,20230319,2,3,7,16,30,31,6,12041479,8
23031,20230321,7,14,27,29,31,33,5,24244033,8
23032,20230323,6,19,20,26,28,33,1,16617046,8
23033,20230326,8,9,13,23,24,26,5,17212840,8
23034,20230328,2,3,9,11,12,17,15,5455411,7
23035,20230330,1,4,9,10,20,33,6,21267926,8
23036,20230402,13,14,18,19,24,30,9,1765863,7
23037,20230404,8,23,25,26,29,31,12,39445733,8
23038,20230406,2,9,14,17,31,33,8,2374486,7
23039,20230409,2,3,9,13,19,28,9,6311609,7
23040,20230411,9,16,17,24,29,31,8,22058896,8
23041,20230413,1,6,12,13,15,24,6,14764656,8
23042,20230416,10,17,20,23,27,30,10,19325364,8
23043,20230418,5,8,12,20,24,28,10,1529393,7
23044,20230420,2,8,15,22,24,26,16,5256961,7
23045,20230423,3,6,12,21,27,28,4,1862,4
23046,20230425,6,8,17,25,26,28,3,14072701,8
23047,20230427,5,7,14,23,31,33,7,1055350,7
23048,20230430,2,3,10,24,28,30,8,23741337,8
23049,20230502,5,7,14,23,25,27,2,33478403,8
23050,20230504,2,7,9,14,22,23,5,19699465,8
23051,20230507,22,26,29,30,32,33,14,3168221,7
23052,20230509,3,4,5,8,12,17,6,9241227,7
23053,20230511,1,7,14,20,27,30,15,2248870,7
23054,20230514,5,6,9,10,15,26,12,8942902,7
23055,20230516,3,4,20,23,27,32,13,10877622,8
23056,20230518,8,14,15,18,23,33,8,1329662,7
23057,20230521,2,5,10,17,24,32,3,265487,6
23058,20230523,10,17,22,26,30,33,11,3395162,7
23059,20230525,2,6,13,22,27,32,6,25095530,8
23060,20230528,9,11,17,19,30,31,11,1506510,7
23061,20230530,1,4,6,11,12,22,15,31845218,8
23062,20230601,11,19,23,24,26,33,15,15350069,8
23063,20230604,4,8,17,20,22,27,13,40184,5
23064,20230606,1,7,11,12,16,18,4,75771279,8
23065,20230608,2,14,17,20,26,33,14,25807857,8
23066,20230611,2,7,8,10,26,31,6,35772236,8
23067,20230613,1,3,12,19,28,32,14,9962055,7
23068,20230615,11,12,15,18,29,33,2,4794672,7
23069,20230618,12,14,17,20,21,26,2,18927078,8
23070,20230620,3,5,25,31,32,33,4,2165790,7
23071,20230622,5,12,15,19,24,26,6,8451574,7
23072,20230625,2,6,10,24,25,33,9,9181108,7
23073,20230627,1,3,15,16,25,32,10,16550243,8
23074,20230629,2,8,9,18,19,21,3,32938142,8
23075,20230702,13,15,24,28,30,31,1,12361146,8
23076,20230704,03,04,15,18,19,22,09,7081158,7
23077,20230706,07,09,14,22,26,27,01,1118904,7
23078,20230709,06,08,14,19,30,31,08,51878315,8
